Domain,PdfLink,Description
100-solarni-lampa-cz.com,-,Jako provozovatel webu není uveden nikdo\, stránky jsou tedy zcela anonymní a spotřebitel neví\, s kým uzavírá kupní smlouvu a vůči komu může nárokovat svá práva. Před nákupem na těchto stránkách Česká obchodní inspekce varuje.
123-123.cz,-,Jako provozovatel webu není uveden nikdo\, stránky jsou tedy zcela anonymní a spotřebitel neví\, s kým uzavírá kupní smlouvu a vůči komu může nárokovat svá práva. Před nákupem na těchto stránkách Česká obchodní inspekce varuje.
123-barvy.cz,-,Jako provozovatel webu není uveden nikdo\, stránky jsou tedy zcela anonymní a spotřebitel neví\, s kým uzavírá kupní smlouvu a vůči komu může nárokovat svá práva. Před nákupem na těchto stránkách Česká obchodní inspekce varuje.
15sfashios.com,-,Jako provozovatel webu není uveden nikdo\, stránky jsou tedy zcela anonymní a spotřebitel neví\, s kým uzavírá kupní smlouvu a vůči komu může nárokovat svá práva. Před nákupem na těchto stránkách Česká obchodní inspekce varuje.
21sstylees.com,-,Jako provozovatel webu není uveden nikdo\, stránky jsou tedy zcela anonymní a spotřebitel neví\, s kým uzavírá kupní smlouvu a vůči komu může nárokovat svá práva. Před nákupem na těchto stránkách Česká obchodní inspekce varuje.
34guf.world,-,E-shop zneužívá údaje provozovatele e-shopu rockpoint.cz. Před nákupem na těchto stránkách Česká obchodní inspekce varuje.
3fazova-ostricka-cz.com,-,Jako provozovatel webu není uveden nikdo\, stránky jsou tedy zcela anonymní a spotřebitel neví\, s kým uzavírá kupní smlouvu a vůči komu může nárokovat svá práva. Před nákupem na těchto stránkách Česká obchodní inspekce varuje.
3shanyang.shop,-,Jako provozovatel webu není uveden nikdo\, stránky jsou tedy zcela anonymní a spotřebitel neví\, s kým uzavírá kupní smlouvu a vůči komu může nárokovat svá práva. Před nákupem na těchto stránkách Česká obchodní inspekce varuje.
4blok.cz,-,Jako provozovatel webu není uveden nikdo\, stránky jsou tedy zcela anonymní a spotřebitel neví\, s kým uzavírá kupní smlouvu a vůči komu může nárokovat svá práva. Před nákupem na těchto stránkách Česká obchodní inspekce varuje.
7bess.com,-,Jako provozovatel webu není uveden nikdo\, stránky jsou tedy zcela anonymní a spotřebitel neví\, s kým uzavírá kupní smlouvu a vůči komu může nárokovat svá práva. Před nákupem na těchto stránkách Česká obchodní inspekce varuje.
Ortovox-eu.shop,-,Jako provozovatel webu není uveden nikdo\, stránky jsou tedy zcela anonymní a spotřebitel neví\, s kým uzavírá kupní smlouvu a vůči komu může nárokovat svá práva. Před nákupem na těchto stránkách Česká obchodní inspekce varuje.
Svoboda-Praha.cz,-,Jako provozovatel webu není uveden nikdo\, stránky jsou tedy zcela anonymní a spotřebitel neví\, s kým uzavírá kupní smlouvu a vůči komu může nárokovat svá práva. Před nákupem na těchto stránkách Česká obchodní inspekce varuje.
a-cz-bright-skin.natural-sales.com,-,Internetové stránky\, na které se dostanete nejčastěji na základě spamů v elektronické poště\, nabízejí téměř zázračný výrobek na pleť. Obchodní podmínky v češtině zcela chybí\, další informace na stránkách jsou nedostatečné. Jako provozovatel je uvedena údajně firma\, která figuruje u mnoha jiných rizikových e-shopů. Před nákupem na těchto stránkách Česká obchodní inspekce varuje.
aanhydrousx.lol,-,Jako provozovatel webu není uveden nikdo\, stránky jsou tedy zcela anonymní a spotřebitel neví\, s kým uzavírá kupní smlouvu a vůči komu může nárokovat svá práva. Před nákupem na těchto stránkách Česká obchodní inspekce varuje.
abathingapebape.cz,-,Jako provozovatel webu není uveden nikdo\, stránky jsou tedy zcela anonymní a spotřebitel neví\, s kým uzavírá kupní smlouvu a vůči komu může nárokovat svá práva. Před nákupem na těchto stránkách Česká obchodní inspekce varuje.
abcici.shop,-,Jako provozovatel webu není uveden nikdo\, stránky jsou tedy zcela anonymní a spotřebitel neví\, s kým uzavírá kupní smlouvu a vůči komu může nárokovat svá práva. Před nákupem na těchto stránkách Česká obchodní inspekce varuje.
abm-clinical.webflow.io,-,Stránky odkazují na neexistující rozhovor s údajným lékařem\, tím má být lékař Michal Koláček. Tento domnělý věděc však nemá žádný záznam na univerzitě\, ani v jiné seriozní instituci. Fotka je stažena z fotobanky\, jde o smyšleného odborníka. Jako provozovatel webu není uveden nikdo\, stránky jsou tedy zcela anonymní a spotřebitel neví\, s kým uzavírá kupní smlouvu a vůči komu může nárokovat svá práva. Před nákupem na těchto stránkách varuje Česká obchodní inspekce i Státní ústav prokontrolu léčiv.
abshuzhi.com,-,Stránka se otevře správně jen těm\, kteří přijdou z reklamy na Facebooku (https://www.coi.gov.cz/shduolian-fb/) a následně se zobrazí lživý obsah o tom\, že Ivo Lukačovič investuje 100 milionů Kč do zahraniční firmy (https://www.coi.gov.cz/abshuzhi/). Tato zpráva se nezakládá na pravdě. Na stránce jsou pak údaje o tom\, komu a kam poslat peníze\, respektive částku v kryptoměně Bitcoin\, aby člověk také rychle zbohatl. Uvedená stránka navíc zneužívá loga českých televizních společností\, aby vypadala důvěryhodněji. Česká obchodní inspekce před těmito stránkami varuje\, provozovatel je neznámý.
abyte.online,-,Jako provozovatel webu není uveden nikdo\, stránky jsou tedy zcela anonymní a spotřebitel neví\, s kým uzavírá kupní smlouvu a vůči komu může nárokovat svá práva. Před nákupem na těchto stránkách Česká obchodní inspekce varuje.
achaet.com,-,Jako provozovatel webu není uveden nikdo\, stránky jsou tedy zcela anonymní a spotřebitel neví\, s kým uzavírá kupní smlouvu a vůči komu může nárokovat svá práva. Před nákupem na těchto stránkách Česká obchodní inspekce varuje.
adapterynotebooku.cz,-,Dle spotřebitele je zboží z tohoto e-shopu nefunkční. Spotřebitel je krácen na svých právech\, protože v obchodních podmínkách je stanoveno\, že zboží musí být reklamováno do 30 dnů od doručení. Na kontakt uvedený na stránkách obchodu nikdo nereaguje. Ze stránek není nikde zřejmé\, kdo je provozovatelem\, tedy s kým spotřebitel uzavírá smlouvu a vůči komu může nárokovat svá práva. Česká obchodní inspekce před těmito stránkami spotřebitele varuje.
adelakoukalova.store,-,Jako provozovatel webu není uveden nikdo\, stránky jsou tedy zcela anonymní a spotřebitel neví\, s kým uzavírá kupní smlouvu a vůči komu může nárokovat svá práva. Před nákupem na těchto stránkách Česká obchodní inspekce varuje.
adhesionplum.com,-,Stránka se otevře v okamžiku\, kdy kliknete na reklamu\, která Vám ukazuje obrázek\, že jste vyhráli iPod. Stránka zneužívá logo známého řetězce. Řetězec nemá s uvedenou stránkou nic společného. Na stránce pak má spotřebitel vyplnit citlivé údaje k tomu\, aby údajnou výhru získal. Rozhodně nedoporučujeme formulář vyplňovat\, stránky jsou zcela anonymní. Viz: https://www.coi.gov.cz/adhesionplum-com/
adidasunderwear.com,-,Jako provozovatel webu není uveden nikdo\, stránky jsou tedy zcela anonymní a spotřebitel neví\, s kým uzavírá kupní smlouvu a vůči komu může nárokovat svá práva. Před nákupem na těchto stránkách Česká obchodní inspekce varuje.
adnet99.com/pr/Bactefortleadbit8MedPapilomiwheelCZ/?sub1=8ccf0ee4e96351d08739b9e673a86058-5962-0727,-,Internetové stránky\, na které se dostanete nejčastěji přes reklamu\, slibují neznámý přípravek proti papalomaviru. Informace na stránkách jsou nedostatečné. Jako provozovatel je uvedena údajně firma z Panamy\, která figuruje u mnoha jiných rizikových e-shopů\, které nabízejí celou řadu dalších neznámých výrobků např. na hubnutí\, proti kouření\, prostatě\, na klouby\, srdeční hypertenzi a další. Výrobky nejsou schváleny Ústavem pro kontrolu léčiv\, lékaři před těmito neznámými přípravky varují. Nákup zde za rizikový považuje také Česká obchodní inspekce.
adurtho.com,-,Jako provozovatel webu není uveden nikdo\, stránky jsou tedy zcela anonymní a spotřebitel neví\, s kým uzavírá kupní smlouvu a vůči komu může nárokovat svá práva. Před nákupem na těchto stránkách Česká obchodní inspekce varuje.
aenact.lol,-,Jako provozovatel webu není uveden nikdo\, stránky jsou tedy zcela anonymní a spotřebitel neví\, s kým uzavírá kupní smlouvu a vůči komu může nárokovat svá práva. Před nákupem na těchto stránkách Česká obchodní inspekce varuje.
aercruft.com,-,Jako provozovatel webu není uveden nikdo\, stránky jsou tedy zcela anonymní a spotřebitel neví\, s kým uzavírá kupní smlouvu a vůči komu může nárokovat svá práva. Před nákupem na těchto stránkách Česká obchodní inspekce varuje.
afinhoew.shop,-,Jako provozovatel webu není uveden nikdo\, stránky jsou tedy zcela anonymní a spotřebitel neví\, s kým uzavírá kupní smlouvu a vůči komu může nárokovat svá práva. Před nákupem na těchto stránkách Česká obchodní inspekce varuje.
ahojahoj.com,-,Jako provozovatel webu není uveden nikdo\, stránky jsou tedy zcela anonymní a spotřebitel neví\, s kým uzavírá kupní smlouvu a vůči komu může nárokovat svá práva. Před nákupem na těchto stránkách Česká obchodní inspekce varuje.
aiglevyprodej.cz,-,Jako provozovatel webu není uveden nikdo\, stránky jsou tedy zcela anonymní a spotřebitel neví\, s kým uzavírá kupní smlouvu a vůči komu může nárokovat svá práva. Před nákupem na těchto stránkách Česká obchodní inspekce varuje.
airselfiecamera.com,-,Jako provozovatel webu není uveden nikdo\, stránky jsou tedy zcela anonymní a spotřebitel neví\, s kým uzavírá kupní smlouvu a vůči komu může nárokovat svá práva. Před nákupem na těchto stránkách Česká obchodní inspekce varuje.
airupczechrepublics.top,-,Jako provozovatel webu není uveden nikdo\, stránky jsou tedy zcela anonymní a spotřebitel neví\, s kým uzavírá kupní smlouvu a vůči komu může nárokovat svá práva. Před nákupem na těchto stránkách Česká obchodní inspekce varuje.
airydress.com,-,Při pokusu spotřebitele odstoupit od kupní smlouvy bylo nabídnuto pouze vrácení poloviny uhrazené sumy. Jako provozovatel webu není uveden nikdo\, stránky jsou tedy zcela anonymní a spotřebitel neví\, s kým uzavírá kupní smlouvu a vůči komu může nárokovat svá práva. Před nákupem na těchto stránkách Česká obchodní inspekce varuje.
aizen.cz,-,Po zaplacení přišlo zcela jiné zboží\, na urgence spotřebitele nikdo nereaguje. Spotřebitel se obrátil na Českou obchodní inspekci.  Jako provozovatel webu není uveden nikdo\, stránky jsou tedy zcela anonymní a spotřebitel neví\, s kým uzavírá kupní smlouvu a vůči komu může nárokovat svá práva. Před nákupem na těchto stránkách Česká obchodní inspekce varuje.
aizhongzhou.com,-,Stránka se otevře správně jen těm\, kteří přijdou z reklamy na Facebooku (https://www.coi.gov.cz/dluskdj/) a následně se zobrazí lživý obsah o tom\, že se dá zázračně rychle zbohatnout (https://www.coi.gov.cz/aizhongzhou/). Tato zpráva se nezakládá na pravdě. Na stránce jsou pak lidé vyzváni vyplnit osobní údaje a odeslat neznámo komu. Uvedená stránka navíc zneužívá logo České televize\, TV Nova i TV Prima. Česká obchodní inspekce před těmito stránkami varuje\, provozovatel je neznámý.
alabo.sk,https://www.soi.sk/files/documents/info-verejnost/internetove%20obchody/alabo.pdf,-
aldoeshop.cz,-,Internetový obchod je provozován subjektem se sídlem mimo členské státy Evropské unie\, ačkoliv internetový obchod může u spotřebitelů vzbuzovat dojem\, že je provozován subjektem se sídlem v České republice nebo Evropské unii\, např. e-shop v českém jazyce je provozován subjektem se sídlem v Číně. Spotřebitelé nemohou uplatňovat svá práva\, nebo je tato možnost významně ztížena.
alevlioto.com,-,Jako provozovatel webu není uveden nikdo\, stránky jsou tedy zcela anonymní a spotřebitel neví\, s kým uzavírá kupní smlouvu a vůči komu může nárokovat svá práva. Před nákupem na těchto stránkách Česká obchodní inspekce varuje.
alimoder.com,-,Jako provozovatel webu není uveden nikdo\, stránky jsou tedy zcela anonymní a spotřebitel neví\, s kým uzavírá kupní smlouvu a vůči komu může nárokovat svá práva. Před nákupem na těchto stránkách Česká obchodní inspekce varuje.
allbirdsboty.cz,-,Jako provozovatel webu není uveden nikdo\, stránky jsou tedy zcela anonymní a spotřebitel neví\, s kým uzavírá kupní smlouvu a vůči komu může nárokovat svá práva. Před nákupem na těchto stránkách Česká obchodní inspekce varuje.
alo-yoga.cz,-,Jako provozovatel webu není uveden nikdo\, stránky jsou tedy zcela anonymní a spotřebitel neví\, s kým uzavírá kupní smlouvu a vůči komu může nárokovat svá práva. Před nákupem na těchto stránkách Česká obchodní inspekce varuje.
aloyoga.cz,-,Jako provozovatel webu není uveden nikdo\, stránky jsou tedy zcela anonymní a spotřebitel neví\, s kým uzavírá kupní smlouvu a vůči komu může nárokovat svá práva. Před nákupem na těchto stránkách Česká obchodní inspekce varuje.
aloyogacz.com,-,Jako provozovatel webu není uveden nikdo\, stránky jsou tedy zcela anonymní a spotřebitel neví\, s kým uzavírá kupní smlouvu a vůči komu může nárokovat svá práva. Před nákupem na těchto stránkách Česká obchodní inspekce varuje.
altracz.com,-,Jako provozovatel webu není uveden nikdo\, stránky jsou tedy zcela anonymní a spotřebitel neví\, s kým uzavírá kupní smlouvu a vůči komu může nárokovat svá práva. Před nákupem na těchto stránkách Česká obchodní inspekce varuje.
altrarunnerscz.com,-,Jako provozovatel webu není uveden nikdo\, stránky jsou tedy zcela anonymní a spotřebitel neví\, s kým uzavírá kupní smlouvu a vůči komu může nárokovat svá práva. Před nákupem na těchto stránkách Česká obchodní inspekce varuje.
altrarunningcz.cz,-,Jako provozovatel webu není uveden nikdo\, stránky jsou tedy zcela anonymní a spotřebitel neví\, s kým uzavírá kupní smlouvu a vůči komu může nárokovat svá práva. Před nákupem na těchto stránkách Česká obchodní inspekce varuje.
alzaland.cz,-,Jako provozovatel webu není uveden nikdo\, stránky jsou tedy zcela anonymní a spotřebitel neví\, s kým uzavírá kupní smlouvu a vůči komu může nárokovat svá práva. Před nákupem na těchto stránkách Česká obchodní inspekce varuje.
amazingsite24.com/420/carattiacream-br/gps/,-,Stránka\, na kterou se dostane spotřebitel nejčastěji proklikem přes web www.abc-pro-zdravi.cz\, nabízí neznámý výrobek - krém na pokožku. Jako provozovatel webu není uveden nikdo\, stránky jsou tedy zcela anonymní a spotřebitel neví\, s kým uzavírá kupní smlouvu a vůči komu může nárokovat svá práva. Před nákupem na těchto stránkách Česká obchodní inspekce varuje.
amilara.com,-,Jako provozovatel webu není uveden nikdo\, stránky jsou tedy zcela anonymní a spotřebitel neví\, s kým uzavírá kupní smlouvu a vůči komu může nárokovat svá práva. Před nákupem na těchto stránkách Česká obchodní inspekce varuje.
amorise.com,-,Stránka se otevře teprve po rozkliknutí reklamy na Facebooku\, viz obrázek reklamy (https://www.coi.gov.cz/wp-content/uploads/2020/03/reklama-mares.png). Mareš se skutečně vyjadřoval v České televizi\, tento záběr a zmínka v Událostech ČT ale byla kvůli tomu\, že známý moderátor reagoval na to\, aby lidé nosili roušky. Po prokliku se však zobrazí lživý text a smyšlený rozhovor s Danielem Takáčem o úžasné šanci zbohatnout\, viz obrázek (https://www.coi.gov.cz/wp-content/uploads/2020/04/amorise.png). Stránka pak láká spotřebitele zadat údaje na anonymním webu seekmob.com a investovat do zázračného zbohatnutí v kryptoměnách. Před těmito stránkami ČOI varuje\, web je anonymní a údajně zaručené zbohatnutí se opírá o zkreslená fakta.
andreasmidova.cz,-,Opuštěnou doménu koupil neznámý subjekt. Jako provozovatel webu není uveden nikdo\, stránky jsou tedy zcela anonymní a spotřebitel neví\, s kým uzavírá kupní smlouvu a vůči komu může nárokovat svá práva. Před nákupem na těchto stránkách Česká obchodní inspekce varuje.
anekkecz.eu,-,Jako provozovatel webu není uveden nikdo\, stránky jsou tedy zcela anonymní a spotřebitel neví\, s kým uzavírá kupní smlouvu a vůči komu může nárokovat svá práva. Před nákupem na těchto stránkách Česká obchodní inspekce varuje.
annapolackova.cz,-,Po uhrazení objednaného zboží platbou předem podle spotřebitelských informací nic nedorazí. Jako provozovatel není uveden nikdo\, stránky jsou tedy zcela anonymní a spotřebitel neví\, s kým uzavírá kupní smlouvu a vůči komu může nárokovat svá práva. Jediná cesta\, jak kontaktovat prodejce\, je formulář na webu\, na ten však podle spotřebitelských podání nikdo nereaguje. Před nákupem na těchto stránkách Česká obchodní inspekce varuje.
antikwariat.cz,-,Spotřebitelka uvedla\, že jí nebyly dodány objednané knihy a obchod nekomunikuje. Na internetových stránkách nejsou zveřejněny identifikační údaje prodávajícího\, je zde uvedena pouze e-mailová adresa\, telefonní číslo „Pražského depozitáře“ a adresa náměstí Míru 47\, 763 16  Fryšták\, na kterém se nachází úplně jiný provozovatel - prodejna potravin (večerka). Vyhledáním v registru internetových domén cz.nic nebylo možné identifikovat vlastníka této domény. Spotřebitel neví\, s kým uzavírá kupní smlouvu a vůči komu může nárokovat svá práva. Před nákupem na těchto stránkách Česká obchodní inspekce varuje.
ariat.cz,-,Jako provozovatel webu není uveden nikdo\, stránky jsou tedy zcela anonymní a spotřebitel neví\, s kým uzavírá kupní smlouvu a vůči komu může nárokovat svá práva. Před nákupem na těchto stránkách Česká obchodní inspekce varuje.
armedangels.cz,-,Jako provozovatel webu není uveden nikdo\, stránky jsou tedy zcela anonymní a spotřebitel neví\, s kým uzavírá kupní smlouvu a vůči komu může nárokovat svá práva. Před nákupem na těchto stránkách Česká obchodní inspekce varuje.
ashcz.cz,-,Jako provozovatel webu není uveden nikdo\, stránky jsou tedy zcela anonymní a spotřebitel neví\, s kým uzavírá kupní smlouvu a vůči komu může nárokovat svá práva. Před nákupem na těchto stránkách Česká obchodní inspekce varuje.
asicscz.com,-,Jako provozovatel webu není uveden nikdo\, stránky jsou tedy zcela anonymní a spotřebitel neví\, s kým uzavírá kupní smlouvu a vůči komu může nárokovat svá práva. Před nákupem na těchto stránkách Česká obchodní inspekce varuje.
asicspraha.com,-,Jako provozovatel webu není uveden nikdo\, stránky jsou tedy zcela anonymní a spotřebitel neví\, s kým uzavírá kupní smlouvu a vůči komu může nárokovat svá práva. Před nákupem na těchto stránkách Česká obchodní inspekce varuje.
attest.cz,-,Jako provozovatel webu není uveden nikdo\, stránky jsou tedy zcela anonymní a spotřebitel neví\, s kým uzavírá kupní smlouvu a vůči komu může nárokovat svá práva. Před nákupem na těchto stránkách Česká obchodní inspekce varuje.
austarucetnictvi.cz,-,Opuštěnou doménu koupil neznámý subjekt. Název domény neodpovídá nabízenému zboží\, tím je především oblečení a obuv. Jako provozovatel webu není uveden nikdo\, stránky jsou tedy zcela anonymní a spotřebitel neví\, s kým uzavírá kupní smlouvu a vůči komu může nárokovat svá práva. Před nákupem na těchto stránkách Česká obchodní inspekce varuje.
autoelektrony.sk,https://www.soi.sk/files/documents/info-verejnost/internetove%20obchody/autoelektrony.sk.pdf,-
axelarigato.cz,-,Jako provozovatel webu není uveden nikdo\, stránky jsou tedy zcela anonymní a spotřebitel neví\, s kým uzavírá kupní smlouvu a vůči komu může nárokovat svá práva. Před nákupem na těchto stránkách Česká obchodní inspekce varuje.
aybl.cz,-,Jako provozovatel webu není uveden nikdo\, stránky jsou tedy zcela anonymní a spotřebitel neví\, s kým uzavírá kupní smlouvu a vůči komu může nárokovat svá práva. Před nákupem na těchto stránkách Česká obchodní inspekce varuje.
b92eegumoc.store,-,Na tuto adresu odkazují spamy. Následuje přesměrování na další různé anonymní weby\, které především sbírají osobní údaje. Jako provozovatel není uveden nikdo\, stránky jsou tedy zcela anonymní a spotřebitel neví\, vůči komu může nárokovat svá práva. Před těmito stránkami Česká obchodní inspekce varuje.
babickypecou.cz,-,Jako provozovatel webu není uveden nikdo\, stránky jsou tedy zcela anonymní a spotřebitel neví\, s kým uzavírá kupní smlouvu a vůči komu může nárokovat svá práva. Před nákupem na těchto stránkách Česká obchodní inspekce varuje.
babypandicka.com,-,Uvedený podnikatelský subjekt dle výpisu ze slovenského živnostenského rejstříku ukončil činnost v roce 2021\, doména IO registrovaná až 27. 3. 2023.
baczaoe.top,-,Jako provozovatel webu není uveden nikdo\, stránky jsou tedy zcela anonymní a spotřebitel neví\, s kým uzavírá kupní smlouvu a vůči komu může nárokovat svá práva. Před nákupem na těchto stránkách Česká obchodní inspekce varuje.
bagscnshop.top,-,Jako provozovatel webu není uveden nikdo\, stránky jsou tedy zcela anonymní a spotřebitel neví\, s kým uzavírá kupní smlouvu a vůči komu může nárokovat svá práva. Před nákupem na těchto stránkách Česká obchodní inspekce varuje.
baluett.com,-,Jako provozovatel webu není uveden nikdo\, stránky jsou tedy zcela anonymní a spotřebitel neví\, s kým uzavírá kupní smlouvu a vůči komu může nárokovat svá práva. Před nákupem na těchto stránkách Česká obchodní inspekce varuje.
barbourcz.com,-,Jako provozovatel webu není uveden nikdo\, stránky jsou tedy zcela anonymní a spotřebitel neví\, s kým uzavírá kupní smlouvu a vůči komu může nárokovat svá práva. Před nákupem na těchto stránkách Česká obchodní inspekce varuje.
basafy.shop,-,Jako provozovatel webu není uveden nikdo\, stránky jsou tedy zcela anonymní a spotřebitel neví\, s kým uzavírá kupní smlouvu a vůči komu může nárokovat svá práva. Před nákupem na těchto stránkách Česká obchodní inspekce varuje.
bathstr.shop,-,Jako provozovatel webu není uveden nikdo\, stránky jsou tedy zcela anonymní a spotřebitel neví\, s kým uzavírá kupní smlouvu a vůči komu může nárokovat svá práva. Před nákupem na těchto stránkách Česká obchodní inspekce varuje.
bebince.com,-,Jako provozovatel webu není uveden nikdo\, stránky jsou tedy zcela anonymní a spotřebitel neví\, s kým uzavírá kupní smlouvu a vůči komu může nárokovat svá práva. Před nákupem na těchto stránkách Česká obchodní inspekce varuje.
bedernioperkacz.com,-,Stránka\, na kterou se dostane spotřebitel nejčastěji přes spam v e-mailu\, nabízí údajně výrobek na bolavá záda. Jako provozovatel webu není uveden nikdo\, stránky jsou tedy zcela anonymní a spotřebitel neví\, s kým uzavírá kupní smlouvu a vůči komu může nárokovat svá práva. Před nákupem na těchto stránkách Česká obchodní inspekce varuje.
beistravel.cz,-,Jako provozovatel webu není uveden nikdo\, stránky jsou tedy zcela anonymní a spotřebitel neví\, s kým uzavírá kupní smlouvu a vůči komu může nárokovat svá práva. Před nákupem na těchto stránkách Česká obchodní inspekce varuje.
bellcasual.com,-,Jako provozovatel webu není uveden nikdo\, stránky jsou tedy zcela anonymní a spotřebitel neví\, s kým uzavírá kupní smlouvu a vůči komu může nárokovat svá práva. Před nákupem na těchto stránkách Česká obchodní inspekce varuje.
belleef.com,-,Jako provozovatel webu není uveden nikdo\, stránky jsou tedy zcela anonymní a spotřebitel neví\, s kým uzavírá kupní smlouvu a vůči komu může nárokovat svá práva. Před nákupem na těchto stránkách Česká obchodní inspekce varuje.
benuker.tech,-,Stránka se otevře teprve po rozkliknutí spamu\, který se šíří e-mailem. Stránka zneužívá jméno známého moderátora Leoše Mareše (viz https://pooh.cz/2021/04/17/leos-mares-zneuzivan-v-dalsim-kryptomenovem-podvodu-na-linkedin/). Článek na stránce hovoří o tom\, že Leoš Mareš se objevil v pořadu „Interview ČT24“\, který uváděl Daniel Takáč\, a oznámil novou „mezeru v zákonech pro bohatství“\, o které je prokázané\, že z kohokoliv udělá za 3 až 4 měsíce milionáře. Stránka pak láká spotřebitele zadat údaje na anonymním webu primechnnls.com a investovat do zázračného zbohatnutí v kryptoměnách. Ve skutečnosti se jedná jen o získání citlivých údajů a peněz od důvěřivých lidí\, nejedná se o žádnou zaručenou cestu výdělku\, jak web prezentuje. Před těmito stránkami ČOI varuje\, web je anonymní a údajně zaručené zbohatnutí se opírá o zkreslená fakta.
bereta.shop,-,Jako provozovatel webu není uveden nikdo\, stránky jsou tedy zcela anonymní a spotřebitel neví\, s kým uzavírá kupní smlouvu a vůči komu může nárokovat svá práva. Před nákupem na těchto stránkách Česká obchodní inspekce varuje.
bestbrandsczech.com,-,Jako provozovatel webu není uveden nikdo\, stránky jsou tedy zcela anonymní a spotřebitel neví\, s kým uzavírá kupní smlouvu a vůči komu může nárokovat svá práva. Před nákupem na těchto stránkách Česká obchodní inspekce varuje.
bestbtcoffers.com,-,Stránka láká spotřebitele k zázračnému zbohatnutí na kryptoměnách. Míří sem spotřebitelé nejen z reklamních lživých e-mailů\, kde zázračné zbohatnutí má slibovat Pavel Nedvěd\, jde však o smyšlené údaje a rozhovor\, který neexistoval. Stránka zneužívá kryptoměny k nalákání dalších na údajné investice a zázračné zbohatnutí a periodicky obměňuje příběh a mění domény. Webové stránky uvádějí lživé a zastaralé informace o investici do kryptoměny či na burzách\, aby to vypadalo\, že investice se jedině vyplatí. S ohledem na nedostatečné informace na webu nejen o provozovateli\, dále neinformování o právech pro spotřebitele\, Česká obchodní inspekce vyplnění formuláře a případné zaplacení zde považuje za rizikové.
bestceler.cz,-,Jako provozovatel webu není uveden nikdo\, stránky jsou tedy zcela anonymní a spotřebitel neví\, s kým uzavírá kupní smlouvu a vůči komu může nárokovat svá práva. Před nákupem na těchto stránkách Česká obchodní inspekce varuje.
bestsupportchannel.com/420/coffitin-m-med/gps/,-,Stránky se prezentují jako odborný portál\, kde se k neznámému přípravku vyjadřuje údajný prof. Stefan Kubíček\, který však nemá žádný záznam na univerzitě\, ani v jiné seriozní instituci. Fotka je stažena z fotobanky\, jde o smyšleného odborníka. Obchodní podmínky jsou zcela nedostatečné. Na stránkách je pak nabízen pochybný výrobek na hubnutí. Česká obchodní inspekce nákup zde považuje za rizikový.
bettertbuy.co,-,Jako provozovatel webu není uveden nikdo\, stránky jsou tedy zcela anonymní a spotřebitel neví\, s kým uzavírá kupní smlouvu a vůči komu může nárokovat svá práva. Před nákupem na těchto stránkách Česká obchodní inspekce varuje.
bezeckyklubbrno.cz,-,Opuštěnou doménu koupil neznámý subjekt. Název domény neodpovídá nabízenému zboží\, tím jsou především kšiltovky. Jako provozovatel webu není uveden nikdo\, stránky jsou tedy zcela anonymní a spotřebitel neví\, s kým uzavírá kupní smlouvu a vůči komu může nárokovat svá práva. Před nákupem na těchto stránkách Česká obchodní inspekce varuje.
bezpupku.cz,-,Jako provozovatel webu není uveden nikdo\, stránky jsou tedy zcela anonymní a spotřebitel neví\, s kým uzavírá kupní smlouvu a vůči komu může nárokovat svá práva. Před nákupem na těchto stránkách Česká obchodní inspekce varuje.
bgznyxlbkgp.digital,-,Stránka láká spotřebitele k zázračnému zbohatnutí na kryptoměnách. Míří sem spotřebitelé nejen z reklamních lživých stránek\, kde zázračné zbohatnutí má slibovat i premiér ČR Andrej Babiš (https://www.coi.gov.cz/bgznyxlbkgp/)\, jde však o smyšlené údaje a rozhovor\, který neexistoval. Stránka zneužívá kryptoměny k nalákání dalších na údajné investice a zázračné zbohatnutí a periodicky obměňuje příběh a mění domény. Webové stránky uvádějí lživé a zastaralé informace o investici do kryptoměny či na burzách\, aby to vypadalo\, že investice se jedině vyplatí. S ohledem na nedostatečné informace na webu nejen o provozovateli\, dále neinformování o právech pro spotřebitele\, Česká obchodní inspekce vyplnění formuláře a případné zaplacení zde považuje za rizikové.
bifcaa.vip,-,Jako provozovatel webu není uveden nikdo\, stránky jsou tedy zcela anonymní a spotřebitel neví\, s kým uzavírá kupní smlouvu a vůči komu může nárokovat svá práva. Před nákupem na těchto stránkách Česká obchodní inspekce varuje.
bikeblitz.eu,-,Jako provozovatel webu není uveden nikdo\, stránky jsou tedy zcela anonymní a spotřebitel neví\, s kým uzavírá kupní smlouvu a vůči komu může nárokovat svá práva. Před nákupem na těchto stránkách Česká obchodní inspekce varuje.
bio-max.cz,-,Na webových stránkách je uvedena identifikace subjektu (IČO)\, který neexistuje. Stránky jsou tedy zcela anonymní a spotřebitel neví\, s kým uzavírá kupní smlouvu a vůči komu může nárokovat svá práva. Před nákupem na těchto stránkách Česká obchodní inspekce varuje.
bitcoinsystemwebapp.com,-,Stránka láká spotřebitele k zázračnému zbohatnutí na kryptoměnách. Míří sem spotřebitelé nejen z reklamních lživých e-mailů\, kde zázračné zbohatnutí má slibovat Pavel Nedvěd\, jde však o smyšlené údaje a rozhovor\, který neexistoval. Stránka zneužívá kryptoměny k nalákání dalších na údajné investice a zázračné zbohatnutí a periodicky obměňuje příběh a mění domény. Webové stránky uvádějí lživé a zastaralé informace o investici do kryptoměny či na burzách\, aby to vypadalo\, že investice se jedině vyplatí. S ohledem na nedostatečné informace na webu nejen o provozovateli\, dále neinformování o právech pro spotřebitele\, Česká obchodní inspekce vyplnění formuláře a případné zaplacení zde považuje za rizikové.
biux.net,-,Jako provozovatel webu není uveden nikdo\, stránky jsou tedy zcela anonymní a spotřebitel neví\, s kým uzavírá kupní smlouvu a vůči komu může nárokovat svá práva. Před nákupem na těchto stránkách Česká obchodní inspekce varuje.
blockchain.com,-,Stránky nabízející služby kryptografické peněženky a obchodování s kryptoměnami. Ačkoliv jsou stránky zaměřeny i na českého zákazníka\, ne všechny informace jsou v českém jazyce. Jako provozovatel webu není uveden nikdo\, stránky jsou tedy zcela anonymní\, obchodní podmínky také chybí a spotřebitel neví\, s kým uzavírá kupní smlouvu a vůči komu může nárokovat svá práva. Před registrací či zaplacením na těchto stránkách Česká obchodní inspekce varuje.
blouser.shop,-,Jako provozovatel webu není uveden nikdo\, stránky jsou tedy zcela anonymní a spotřebitel neví\, s kým uzavírá kupní smlouvu a vůči komu může nárokovat svá práva. Před nákupem na těchto stránkách Česká obchodní inspekce varuje.
bluejadefinds.com,-,Jako provozovatel webu není uveden nikdo\, stránky jsou tedy zcela anonymní a spotřebitel neví\, s kým uzavírá kupní smlouvu a vůči komu může nárokovat svá práva. Před nákupem na těchto stránkách Česká obchodní inspekce varuje.
boandtee.cz,-,Jako provozovatel webu není uveden nikdo\, stránky jsou tedy zcela anonymní a spotřebitel neví\, s kým uzavírá kupní smlouvu a vůči komu může nárokovat svá práva. Před nákupem na těchto stránkách Česká obchodní inspekce varuje.
boilingsmart.com,-,Stránka láká spotřebitele k zázračnému zbohatnutí na kryptoměnách. Webové stránky uvádějí lživé a zastaralé informace o investici do kryptoměny či na burzách\, aby to vypadalo\, že investice se jedině vyplatí. S ohledem na nedostatečné informace na webu nejen o provozovateli\, dále neinformování o právech pro spotřebitele\, Česká obchodní inspekce vyplnění formuláře a případné zaplacení zde považuje za rizikové.
bonky.sk,https://www.soi.sk/files/documents/info-verejnost/internetove%20obchody/bonky.sk.pdf,-
booho.sk,https://www.soi.sk/files/documents/info-verejnost/internetove%20obchody/booho.sk.docx.pdf,Česká obchodní inspekce registruje vysoký počet stížností\, které se provozovatele internetových stránek týkají. Podle informací uvedených na internetových stránkách nejde o klasický e-shop\, ale o „virtuální galerii“\, jejímž prostřednictvím údajně zboží nabízejí externí subjekty. Obvykle se má jednat o společnosti se sídlem v Číně nebo v jiných asijských zemích\, u nichž je pro spotřebitele obtížné ověřit jejich existenci a důvěryhodnost. ČOI registruje stížnosti na dodání zboží s velkou časovou prodlevou\, případně nedodání zboží vůbec. Je-li dostupnost označena např. výrazem „skladem u dodavatele“\, může to v praxi znamenat\, že zboží se nachází v Číně a bude doručeno až za několik týdnů či měsíců. Řešení reklamací a/nebo vracení zboží může být pro spotřebitele obtížné. Případný nákup na těchto internetových stránkách doporučujeme důkladně uvážit a před jeho provedením velmi podrobně zkontrolovat dodací lhůty\, obchodní podmínky a identitu a důvěryhodnost externího prodávajícího.
bookevenement.com,-,Jako provozovatel webu není uveden nikdo\, stránky jsou tedy zcela anonymní a spotřebitel neví\, s kým uzavírá kupní smlouvu a vůči komu může nárokovat svá práva. Před nákupem na těchto stránkách Česká obchodní inspekce varuje.
boostwot.com,-,Jako provozovatel webu není uveden nikdo\, stránky jsou tedy zcela anonymní a spotřebitel neví\, s kým uzavírá kupní smlouvu a vůči komu může nárokovat svá práva. Před zaplacením na těchto stránkách Česká obchodní inspekce varuje.
boty-nobull-cz.cz,-,Jako provozovatel webu není uveden nikdo\, stránky jsou tedy zcela anonymní a spotřebitel neví\, s kým uzavírá kupní smlouvu a vůči komu může nárokovat svá práva. Před nákupem na těchto stránkách Česká obchodní inspekce varuje.
botyaltra.com,-,Jako provozovatel webu není uveden nikdo\, stránky jsou tedy zcela anonymní a spotřebitel neví\, s kým uzavírá kupní smlouvu a vůči komu může nárokovat svá práva. Před nákupem na těchto stránkách Česká obchodní inspekce varuje.
botyaltralonepeak.com,-,Jako provozovatel webu není uveden nikdo\, stránky jsou tedy zcela anonymní a spotřebitel neví\, s kým uzavírá kupní smlouvu a vůči komu může nárokovat svá práva. Před nákupem na těchto stránkách Česká obchodní inspekce varuje.
botycaterpillar.cz,-,Ze stránek není zřejmé\, kdo je provozovatelem\, tedy s kým spotřebitel uzavírá smlouvu a vůči komu může nárokovat svá práva. Obchodní podmínky chybí. Před nákupem na těchto stránkách Česká obchodní inspekce varuje.
botyduckfeetcz.com,-,Jako provozovatel webu není uveden nikdo\, stránky jsou tedy zcela anonymní a spotřebitel neví\, s kým uzavírá kupní smlouvu a vůči komu může nárokovat svá práva. Před nákupem na těchto stránkách Česká obchodní inspekce varuje.
botyosiris.cz,-,Jako provozovatel webu není uveden nikdo\, stránky jsou tedy zcela anonymní a spotřebitel neví\, s kým uzavírá kupní smlouvu a vůči komu může nárokovat svá práva. Před nákupem na těchto stránkách Česká obchodní inspekce varuje.
boxerkyprotebe.cz,-,Opuštěnou doménu koupil neznámý subjekt. Jako provozovatel webu není uveden nikdo\, stránky jsou tedy zcela anonymní a spotřebitel neví\, s kým uzavírá kupní smlouvu a vůči komu může nárokovat svá práva. Před nákupem na těchto stránkách Česká obchodní inspekce varuje.
bozenas-tasky.cz,-,Jako provozovatel webu není uveden nikdo\, stránky jsou tedy zcela anonymní a spotřebitel neví\, s kým uzavírá kupní smlouvu a vůči komu může nárokovat svá práva. Před nákupem na těchto stránkách Česká obchodní inspekce varuje.
breedenesintacon.tk,-,Jako provozovatel webu není uveden nikdo\, stránky jsou tedy zcela anonymní a spotřebitel neví\, s kým uzavírá kupní smlouvu a vůči komu může nárokovat svá práva. Před nákupem na těchto stránkách varuje Česká obchodní inspekce varuje i Státní ústav pro kontrolu léčiv.
bricklaska.com,-,Jako provozovatel webu není uveden nikdo\, stránky jsou tedy zcela anonymní a spotřebitel neví\, s kým uzavírá kupní smlouvu a vůči komu může nárokovat svá práva. Před nákupem na těchto stránkách Česká obchodní inspekce varuje.
bricoshopper.com,-,E-shop nezveřejňuje obchodní podmínky\, případně obsah obchodních podmínek hrubě odporuje právním předpisům. Před nákupem na těchto stránkách Česká obchodní inspekce varuje.
briskrd.com,-,Jako provozovatel webu není uveden nikdo\, stránky jsou tedy zcela anonymní a spotřebitel neví\, s kým uzavírá kupní smlouvu a vůči komu může nárokovat svá práva. Před nákupem na těchto stránkách Česká obchodní inspekce varuje.
brooksrunning-cz.com,-,Jako provozovatel webu není uveden nikdo\, stránky jsou tedy zcela anonymní a spotřebitel neví\, s kým uzavírá kupní smlouvu a vůči komu může nárokovat svá práva. Před nákupem na těchto stránkách Česká obchodní inspekce varuje.
btcsystemsoftapp.com,-,Stránka láká spotřebitele k zázračnému zbohatnutí na kryptoměnách. Míří sem spotřebitelé nejen z reklamních lživých e-mailů\, kde zázračné zbohatnutí má slibovat Leoš Mareš\, jde však o smyšlené údaje a rozhovor\, který neexistoval. Stránka zneužívá kryptoměny k nalákání dalších na údajné investice a zázračné zbohatnutí a periodicky obměňuje příběh a mění domény. Webové stránky uvádějí lživé a zastaralé informace o investici do kryptoměny či na burzách\, aby to vypadalo\, že investice se jedině vyplatí. S ohledem na nedostatečné informace na webu nejen o provozovateli\, dále neinformování o právech pro spotřebitele\, Česká obchodní inspekce vyplnění formuláře a případné zaplacení zde považuje za rizikové.
btlua.shop,-,Jako provozovatel webu není uveden nikdo\, stránky jsou tedy zcela anonymní a spotřebitel neví\, s kým uzavírá kupní smlouvu a vůči komu může nárokovat svá práva. Před nákupem na těchto stránkách Česká obchodní inspekce varuje.
buechliebhaberclub.com,-,Jako provozovatel webu není uveden nikdo\, stránky jsou tedy zcela anonymní a spotřebitel neví\, s kým uzavírá kupní smlouvu a vůči komu může nárokovat svá práva. Před nákupem na těchto stránkách Česká obchodní inspekce varuje.
bugattiobuv.cz,-,Jako provozovatel webu není uveden nikdo\, stránky jsou tedy zcela anonymní a spotřebitel neví\, s kým uzavírá kupní smlouvu a vůči komu může nárokovat svá práva. Před nákupem na těchto stránkách Česká obchodní inspekce varuje.
bundycz.cz,-,Jako provozovatel webu není uveden nikdo\, stránky jsou tedy zcela anonymní a spotřebitel neví\, s kým uzavírá kupní smlouvu a vůči komu může nárokovat svá práva. Před nákupem na těchto stránkách Česká obchodní inspekce varuje.
buy.layoners.com/cz/slunecni-bryle-racer/,-,Jako provozovatel webu není uveden nikdo\, stránky jsou tedy zcela anonymní a spotřebitel neví\, s kým uzavírá kupní smlouvu a vůči komu může nárokovat svá práva. Před nákupem na těchto stránkách Česká obchodní inspekce varuje.
buyandorder.com,-,Jako provozovatel webu není uveden nikdo\, stránky jsou tedy zcela anonymní a spotřebitel neví\, s kým uzavírá kupní smlouvu a vůči komu může nárokovat svá práva. Před nákupem na těchto stránkách Česká obchodní inspekce varuje.
buycz.shop,-,Jako provozovatel webu není uveden nikdo\, stránky jsou tedy zcela anonymní a spotřebitel neví\, s kým uzavírá kupní smlouvu a vůči komu může nárokovat svá práva. Před nákupem na těchto stránkách Česká obchodní inspekce varuje.
buyfivestore.com,-,Jako provozovatel webu není uveden nikdo\, stránky jsou tedy zcela anonymní a spotřebitel neví\, s kým uzavírá kupní smlouvu a vůči komu může nárokovat svá práva. Před nákupem na těchto stránkách Česká obchodní inspekce varuje.
buyonepay.com,-,Jako provozovatel webu není uveden nikdo\, stránky jsou tedy zcela anonymní a spotřebitel neví\, s kým uzavírá kupní smlouvu a vůči komu může nárokovat svá práva. Před nákupem na těchto stránkách Česká obchodní inspekce varuje.
caeuollmakerts.store,-,Jako provozovatel webu není uveden nikdo\, stránky jsou tedy zcela anonymní a spotřebitel neví\, s kým uzavírá kupní smlouvu a vůči komu může nárokovat svá práva. Před nákupem na těchto stránkách Česká obchodní inspekce varuje.
casioslovensko.sk,-,Jako provozovatel webu není uveden nikdo\, stránky jsou tedy zcela anonymní a spotřebitel neví\, s kým uzavírá kupní smlouvu a vůči komu může nárokovat svá práva. Před nákupem na těchto stránkách Česká obchodní inspekce varuje.
caterpillarstore.cz,-,Jako provozovatel webu není uveden nikdo\, stránky jsou tedy zcela anonymní a spotřebitel neví\, s kým uzavírá kupní smlouvu a vůči komu může nárokovat svá práva. Před nákupem na těchto stránkách Česká obchodní inspekce varuje.
cbdooil-domm.ru,-,Jako provozovatel webu není uveden nikdo\, stránky jsou tedy zcela anonymní a spotřebitel neví\, s kým uzavírá kupní smlouvu a vůči komu může nárokovat svá práva. Před nákupem na těchto stránkách varuje Česká obchodní inspekce i Státní ústav pro kontrolu léčiv.
cbhsax.shop,-,Jako provozovatel webu není uveden nikdo\, stránky jsou tedy zcela anonymní a spotřebitel neví\, s kým uzavírá kupní smlouvu a vůči komu může nárokovat svá práva. Před nákupem na těchto stránkách Česká obchodní inspekce varuje.
cblhota.cz,-,Jako provozovatel webu není uveden nikdo\, stránky jsou tedy zcela anonymní a spotřebitel neví\, s kým uzavírá kupní smlouvu a vůči komu může nárokovat svá práva. Dále bylo šetřením u společnosti CZ.nic zjištěno\, že doména cblhota.cz je evidována na osobu\
Michal Veselka\, nar. 12.6.1987. Následnou lustrací ze strany Policie ČR však bylo zjištěno\, že uvedená osoba není\
vůbec vedena v registru obyvatel. Před nákupem na těchto stránkách Česká obchodní inspekce varuje.
cccmall.top,-,Jako provozovatel webu není nikdo uveden. Spotřebitel tak neví\, s kým uzavírá kupní smlouvu a vůči komu může nárokovat svá práva. Před nákupem na těchto stránkách Česká obchodní inspekce varuje.
ceniusas.alphazgr.work,-,Jedná se o stránku\, které odkazuje na nutnost uhradit za zboží přepravní společností DHL. Avšak nejde o oficiální stránky společnosti DHL\, jedná se o zneužití značky a stránky mají vzbudit u spotřebitele důvěru a přímo vyzývají k platbě. Jako provozovatel webu není uveden nikdo\, stránky jsou tedy zcela anonymní (zneužívají loga přepravní společnosti DHL) a spotřebitel je vyzýván přes e-mail zde uhradit drobné poplatky\, které však DHL oficiálně po spotřebiteli nepožaduje. Před platbou na těchto stránkách Česká obchodní inspekce varuje.
centralniregistrdluzniku.cz,-,Podle spotřebitelů\, kteří si u ČOI na Centrální registr dlužníků stěžují\, je po registraci problematické provozovatele kontaktovat a ukončit předplatné a každý měsíc jsou strhávány další poplatky ze strany provozovatele webu\, aniž by si to spotřebitel přál. Pomocí dokladu z těchto stránek má spotřebitel zjistit\, zda je v registru evidován jeho dluh vůči bankám\, obchodním společnostem\, úvěrovým a leasingovým společnostem nebo státní instituci\, banky i úvěrové společnosti se však od činnosti CERD distancují (https://www.cbcb.cz/cerd/) a uvádějí\, že pro ně tento doklad není relevantní. Úřad na ochranu osobních údajů v polovině roku 2018 ukončil kontrolu systému Centrálního registru dužníků. Následně na základě kontrolních závěrů zahájil řízení o přijetí nápravných opatření. Správce osobních údajů systému registru dlužníků však uložená opatření neprovedl. Úřad se proto obrátil na poskytovatele služeb pro systém CERD\, díky čemuž se podařilo znepřístupnit jeho webové stránky. Tento úspěch byl pouze dílčí\, neboť si správce osobních údajů systému CERD zajistil nového poskytovatele služeb. Tím je indická společnost\, která IP adresy pro systém CERD hostuje na území Ruské federativní republiky. Úřad tak fakticky přišel o možnost ovlivnit stažení nebo znepřístupnění protiprávního obsahu. Dále pokuta pravomocně uložena Českou obchodní inspekcí nebyla uhrazena\, firma se dál dopouští protiprávního jednání. Z výše uvedených důvodů považuje úřad stránky za rizikové.
centrum-akci.com/edu/pws/zacnete-plynule-hovorit-v-cizim-jazyce-nebo-100-vraceni-penez-zaruceno/,-,Důvod zveřejnění: Na stránkách je nabízen výukový program pro studium jazyků „multimediální internetová platforma interaktivních frází Fast Phrases“\, nejsou zde však žádné informace o provozovateli a zcela chybí obchodní podmínky. Obrázek údajného majitele jazykové školy „Karla Lepiče“ pochází z pravděpodobně z fotobanky\, stejně jako fotografie údajných spokojených zákazníků.
centrum-cesta.cz,-,Jako provozovatel webu není uveden nikdo\, stránky jsou tedy zcela anonymní a spotřebitel neví\, s kým uzavírá kupní smlouvu a vůči komu může nárokovat svá práva. Před nákupem na těchto stránkách Česká obchodní inspekce varuje.
cerd.cz,-,Jiná mutace stránky www.centralniregistrdluzniku.cz (viz níže). Česká obchodní inspekce před jednáním této společnosti dlouhodobě varuje\, pokuty uložené ze strany ČOI nejsou uhrazeny\, k nápravě jednání nedošlo. Ani na výzvy Úřadu pro ochranu osobních údajů společnost nereaguje a dopouští se nadále protiprávního jednání. Viz https://www.uoou.cz/k-nbsp-zaverum-z-nbsp-kontroly-systemu-centralniho-registru-dluzniku-ceske-republiky-cerd/d-34574. Problém s tímto webem mají spotřebitelé již zhruba 10 let\, viz reportáž ČT https://www.ceskatelevize.cz/porady/1142743803-reporteri-ct/210452801240048/0/43914-registr-dluzniku-poskozuje-bezuhonne/
certifikatlevne.cz,-,Internetové stránky neobsahují informace o provozovateli. Padělání certifikátů o očkování nebo testu na onemocnění COVID 19 je trestným činem padělání a pozměnění veřejné listiny. Trestné není jen samotné padělání certifikátu\, ale i jeho držení a užití. Trestní postih tak hrozí nejen provozovateli webových stránek\, ale i případným zákazníkům. Pokusy o zakoupení falešných certifikátů důrazně nedoporučujeme.
ceskarna.net,-,Jako provozovatel webu není uveden nikdo\, stránky jsou tedy zcela anonymní a spotřebitel neví\, s kým uzavírá kupní smlouvu a vůči komu může nárokovat svá práva. Před nákupem na těchto stránkách Česká obchodní inspekce varuje.
ceskomikulovskakuchyne.com,-,Jako provozovatel webu není uveden nikdo\, stránky jsou tedy zcela anonymní a spotřebitel neví\, s kým uzavírá kupní smlouvu a vůči komu může nárokovat svá práva. Před nákupem na těchto stránkách Česká obchodní inspekce varuje.
change-of-assets.com,-,Jako provozovatel webu není uveden nikdo\, stránky jsou tedy zcela anonymní a spotřebitel neví\, s kým uzavírá kupní smlouvu a vůči komu může nárokovat svá práva. Před nákupem na těchto stránkách Česká obchodní inspekce varuje.
cheap.clearance2021.ru,-,Jako provozovatel webu není uveden nikdo\, stránky jsou tedy zcela anonymní a spotřebitel neví\, s kým uzavírá kupní smlouvu a vůči komu může nárokovat svá práva. Před nákupem na těchto stránkách Česká obchodní inspekce varuje.
chonkyplushies.com,-,Jako provozovatel webu není uveden nikdo\, stránky jsou tedy zcela anonymní a spotřebitel neví\, s kým uzavírá kupní smlouvu a vůči komu může nárokovat svá práva. Před nákupem na těchto stránkách Česká obchodní inspekce varuje.
chytrynaramek-cz.com,-,Jako provozovatel webu není uveden nikdo\, stránky jsou tedy zcela anonymní a spotřebitel neví\, s kým uzavírá kupní smlouvu a vůči komu může nárokovat svá práva. Před nákupem na těchto stránkách Česká obchodní inspekce varuje.
cinron.shop,-,Jako provozovatel webu není uveden nikdo\, stránky jsou tedy zcela anonymní a spotřebitel neví\, s kým uzavírá kupní smlouvu a vůči komu může nárokovat svá práva. Před nákupem na těchto stránkách Česká obchodní inspekce varuje.
cisteucho.cz,-,Jako provozovatel webu není uveden nikdo\, stránky jsou tedy zcela anonymní a spotřebitel neví\, s kým uzavírá kupní smlouvu a vůči komu může nárokovat svá práva. Před nákupem na těchto stránkách Česká obchodní inspekce varuje.
cistyodtok-cz.com,-,Jako provozovatel webu není uveden nikdo\, stránky jsou tedy zcela anonymní a spotřebitel neví\, s kým uzavírá kupní smlouvu a vůči komu může nárokovat svá práva. Před nákupem na těchto stránkách Česká obchodní inspekce varuje.
cistyprostejov.cz,-,Opuštěnou doménu koupil neznámý subjekt. Název domény neodpovídá nabízenému zboží\, tím je především oblečení a obuv. Jako provozovatel webu není uveden nikdo\, stránky jsou tedy zcela anonymní a spotřebitel neví\, s kým uzavírá kupní smlouvu a vůči komu může nárokovat svá práva. Před nákupem na těchto stránkách Česká obchodní inspekce varuje.
click.europebestshop.com,-,Jako provozovatel webu není uveden nikdo\, stránky jsou tedy zcela anonymní a spotřebitel neví\, s kým uzavírá kupní smlouvu a vůči komu může nárokovat svá práva. Před nákupem na těchto stránkách Česká obchodní inspekce varuje.
clogscz.com,-,Jako provozovatel webu není uveden nikdo\, stránky jsou tedy zcela anonymní a spotřebitel neví\, s kým uzavírá kupní smlouvu a vůči komu může nárokovat svá práva. Před nákupem na těchto stránkách Česká obchodní inspekce varuje.
cloudcheats.cc,-,Jako provozovatel webu není uveden nikdo\, stránky jsou tedy zcela anonymní a spotřebitel neví\, s kým uzavírá kupní smlouvu a vůči komu může nárokovat svá práva. Před nákupem na těchto stránkách Česká obchodní inspekce varuje.
coachcz.cz,-,Jako provozovatel webu není uveden nikdo\, stránky jsou tedy zcela anonymní a spotřebitel neví\, s kým uzavírá kupní smlouvu a vůči komu může nárokovat svá práva. Před nákupem na těchto stránkách Česká obchodní inspekce varuje.
coffeeboy.cz,-,Podle informací uvedených na internetových stránkách nejde o klasický e-shop\, ale o „nákupní galerii“\, jejímž prostřednictvím údajně zboží nabízejí externí zahraniční subjekty. Má se jednat zřejmě o společnosti se sídlem v Číně nebo v jiných asijských zemích\, u nichž je pro spotřebitele obtížné ověřit jejich existenci a důvěryhodnost. ČOI registruje stížnosti na dodání zboží s velkou časovou prodlevou\, případně nedodání zboží vůbec. Je-li dostupnost označena např. výrazem „skladem ihned k odeslání“\, může to v praxi znamenat\, že zboží se nachází v Číně a bude doručeno až za několik týdnů či měsíců. Řešení reklamací a/nebo vracení zboží může být pro spotřebitele obtížné. Případný nákup na těchto internetových stránkách doporučujeme důkladně uvážit a před jeho provedením velmi podrobně zkontrolovat dodací lhůty\, obchodní podmínky a identitu a důvěryhodnost externího prodávajícího.
columbiacz.com,-,Jako provozovatel webu není uveden nikdo\, stránky jsou tedy zcela anonymní a spotřebitel neví\, s kým uzavírá kupní smlouvu a vůči komu může nárokovat svá práva. Před nákupem na těchto stránkách Česká obchodní inspekce varuje.
columbiaslovensko.sk,-,Jako provozovatel webu není uveden nikdo\, stránky jsou tedy zcela anonymní a spotřebitel neví\, s kým uzavírá kupní smlouvu a vůči komu může nárokovat svá práva. Před nákupem na těchto stránkách Česká obchodní inspekce varuje.
comclone.com/cisteni-ceva-snizeni-czeska/index.html,-,Na uvedených stránkých lékař Vilém Rohn z Fakultní nemocnice v Motole v údajném rozhovoru popisuje účinky neznámého léku\, který má řešit problémy s krevním tlakem. Součástí je i prodej propagovaného údajně až zázračného léku. Za lék se zaručuje v článku i FN Motol. Jedná se však o článek\, který je vymyšlený - nemocnice i lékař se od něj distancují. Česká obchodní inspekce před těmito stránkami také varuje nejen z výše uvedených důvodů. Více zde: https://www.idnes.cz/zpravy/domaci/nemocnice-motol-vilem-rohna-zazracny-lek-je-podvod.A200611_114237_domaci_wass
comme-des-garcons.cz,-,Jako provozovatel webu není uveden nikdo\, stránky jsou tedy zcela anonymní a spotřebitel neví\, s kým uzavírá kupní smlouvu a vůči komu může nárokovat svá práva. Před nákupem na těchto stránkách Česká obchodní inspekce varuje.
communityoffersdaily.com/420/nttwbv2/,-,Na základě smyšlených informací je tu prezentován až zázračný systém na zbohatnutí. Příběh je smyšlený. Stránky jsou anonymní a spotřebitel neví\, s kým uzavírá kupní smlouvu a vůči komu může nárokovat svá práva. Před vyplněním údajů na těchto stránkách Česká obchodní inspekce varuje.
converseczeshop.cz,-,Jako provozovatel webu není uveden nikdo\, stránky jsou tedy zcela anonymní a spotřebitel neví\, s kým uzavírá kupní smlouvu a vůči komu může nárokovat svá práva. Před nákupem na těchto stránkách Česká obchodní inspekce varuje.
coolveci.cz,-,Podle informací uvedených na internetových stránkách nejde o klasický e-shop\, ale o „nákupní galerii“\, jejímž prostřednictvím údajně zboží nabízejí externí zahraniční subjekty. Má se jednat zřejmě o společnosti se sídlem v Číně nebo v jiných asijských zemích\, u nichž je pro spotřebitele obtížné ověřit jejich existenci a důvěryhodnost. ČOI registruje stížnosti na dodání zboží s velkou časovou prodlevou\, případně nedodání zboží vůbec. Je-li dostupnost označena např. výrazem „skladem ihned k odeslání“\, může to v praxi znamenat\, že zboží se nachází v Číně a bude doručeno až za několik týdnů či měsíců. Řešení reklamací a/nebo vracení zboží může být pro spotřebitele obtížné. Případný nákup na těchto internetových stránkách doporučujeme důkladně uvážit a před jeho provedením velmi podrobně zkontrolovat dodací lhůty\, obchodní podmínky a identitu a důvěryhodnost externího prodávajícího.
corbata.shop,-,Jako provozovatel webu není uveden nikdo\, stránky jsou tedy zcela anonymní a spotřebitel neví\, s kým uzavírá kupní smlouvu a vůči komu může nárokovat svá práva. Před nákupem na těchto stránkách Česká obchodní inspekce varuje.
cornavllc.com/setr/dpd/tracking.html,-,Na tuto stránku jsou uživatelé ve spamu odkazováni s tím\, že se má jednat o nové naplánování doručení zásilky přepravcem DPD. Nejedná se však o žádnou oficiální stránku žádného přepravce. Před vstupem na tyto stránky Česká obchodní inspekce varuje.
cornermag.cz,-,Jako provozovatel webu není uveden nikdo\, stránky jsou tedy zcela anonymní a spotřebitel neví\, s kým uzavírá kupní smlouvu a vůči komu může nárokovat svá práva. Před nákupem na těchto stránkách Česká obchodní inspekce varuje.
cos-czechrepublic.cz,-,Jako provozovatel webu není uveden nikdo\, stránky jsou tedy zcela anonymní a spotřebitel neví\, s kým uzavírá kupní smlouvu a vůči komu může nárokovat svá práva. Před nákupem na těchto stránkách Česká obchodní inspekce varuje.
coseshopcz.cz,-,Jako provozovatel webu není uveden nikdo\, stránky jsou tedy zcela anonymní a spotřebitel neví\, s kým uzavírá kupní smlouvu a vůči komu může nárokovat svá práva. Před nákupem na těchto stránkách Česká obchodní inspekce varuje.
cpagettipotokk8.com/syhj/,-,Internetové stránky\, na které se dostanete nejčastěji na základě spamů v elektronické poště\, slibují neznámý přípravek na hubnutí. Další informace na stránkách jsou zcela nedostatečné. Jako provozovatel je uvedena údajně firma\, která figuruje u celé řady dalších rizikových webů. Na stránkách odbíhá odpočítávání času\, aby spotřebitel byl tlačen k rozhodnutí a neměl čas o nákupu přemýšlet. Odborníci\, kteří přípravek na stránkách propagují\, jso smyšlení a fotografie staženy z fotobanky. Před nákupem na těchto stránkách Česká obchodní inspekce varuje.
cpagettistream3.com/spo7/,-,Internetové stránky\, na které se dostanete nejčastěji na základě spamů v elektronické poště\, slibují neznámý přípravek na hubnutí. Další informace na stránkách jsou zcela nedostatečné. Jako provozovatel je uvedena údajně firma\, která figuruje u celé řady dalších rizikových webů. Na stránkách odbíhá odpočítávání času\, aby spotřebitel byl tlačen k rozhodnutí a neměl čas o nákupu přemýšlet. Lékař\, který přípravek na stránkách propaguje\, je smyšlený a jeho fotografie stažena z fotobanky. Před nákupem na těchto stránkách Česká obchodní inspekce varuje.
cpgtpotok5.com/t8zz/,-,Stránky se prezentují jako zpravodajský portál\, který popisuje údajný zázračný trik na hubnutí. Na stránkách je pak nabízen neznámý výrobek na hubnutí. Jako provozovatel webu není uveden nikdo\, stránky jsou tedy zcela anonymní a spotřebitel neví\, s kým uzavírá kupní smlouvu a vůči komu může nárokovat svá práva. Před nákupem na těchto stránkách varuje Česká obchodní inspekce.
cpgtstream9.com/salv/,-,Jako provozovatel webu není uveden nikdo\, stránky jsou tedy zcela anonymní a spotřebitel neví\, s kým uzavírá kupní smlouvu a vůči komu může nárokovat svá práva. Před nákupem na těchto stránkách Česká obchodní inspekce varuje.
craness.shop,-,Jako provozovatel webu není uveden nikdo\, stránky jsou tedy zcela anonymní a spotřebitel neví\, s kým uzavírá kupní smlouvu a vůči komu může nárokovat svá práva. Před nákupem na těchto stránkách Česká obchodní inspekce varuje.
crazesalestore.com/car-starter-czz,-,Jako provozovatel webu není uveden nikdo\, stránky jsou tedy zcela anonymní a spotřebitel neví\, s kým uzavírá kupní smlouvu a vůči komu může nárokovat svá práva. Před nákupem na těchto stránkách Česká obchodní inspekce varuje.
creeledcz.com,-,Jako provozovatel webu není uveden nikdo\, stránky jsou tedy zcela anonymní a spotřebitel neví\, s kým uzavírá kupní smlouvu a vůči komu může nárokovat svá práva. Před nákupem na těchto stránkách Česká obchodní inspekce varuje.
cryptoeddu.com,-,Jedná o stránky\, které nabízí získání kryptoměny zakoupením startovacího balíčku kryptoměny nebo odebíráním kryptoměny prostřednictvím vzdělávacího balíčku (neznámo jakého). Dle obchodních podmínek je prodávajícím / provozovatelem stránek společnost Crypto Education\, Reg. No. 165054\, New Horizon Buiding\, Ground Floor\, 3 1/2 Miles Philip S.W. Goldson Higway\, Belize City. Ačkoliv jsou stránky zaměření také na české spotřebitele\, obchodní podmínky neodpovídají platné právní úpravě.
currentnewsforyou.com/420/magnicharm-med-m/gps/,-,Stránky se prezentují jako Český zdravotní portál\, avšak nejde o žádný oficiální portál skutečných zdravotníků. Obchodní podmínky jsou zcela nedostatečné. Na stránkách je pak nabízen pochybný výrobek proti bolesti. Stránky jsou úplně stejné\, jako jiný obdobný zdravtní portál\, který podobným způsobem nabízí přípravek na klouby i na hubnutí. Fotka údajně spokojených zákazníků je stažena z fotobanky. Česká obchodní inspekce nákup zde považuje za rizikový.
cyklosport-krampl.store,https://www.soi.sk/files/documents/info-verejnost/internetove%20obchody/upozornenie%20spotrebite%C4%BEov%20na%20eshop%20cyklosport-krampl.store.docx.pdf,-
cyun.sanni.store,-,Jako provozovatel webu není uveden nikdo\, stránky jsou tedy zcela anonymní a spotřebitel neví\, s kým uzavírá kupní smlouvu a vůči komu může nárokovat svá práva. Před nákupem na těchto stránkách Česká obchodní inspekce varuje.
cz-baterie.cz,-,Podle informací od spotřebitele objednané zboží nebylo doručeno. Jako provozovatel webu je uvedena firma z Hong Kongu\, na reklamace spotřebitele nereaguje. Informace o provozovateli nelze ověřit. Obchodní podmínky neexistují\, spotřebitel se marně snažil uplatnit svá práva. Před nákupem na těchto stránkách Česká obchodní inspekce varuje.
cz-cardio-nrj.beauty-shopping.net,-,Na webových stránkách je nabízen naprosto neznámý výrobek jako pomoc pacientům proti infarktu. Spotřebitel je na tyto stránky odkazován ve spamech\, které se šíří elektronickou poštou. Jako provozovatel webu není uveden nikdo\, stránky jsou tedy zcela anonymní a spotřebitel neví\, s kým uzavírá kupní smlouvu a vůči komu může nárokovat svá práva. Před nákupem na těchto stránkách varuje Česká obchodní inspekce i Státní ústav pro kontrolu léčiv.
cz-eretron-aktiv.greatest-shop.com,-,Internetové stránky\, na které se dostanete nejčastěji na základě spamů v elektronické poště\, slibují neznámý přípravek na rychlou erekci. Obchodní podmínky v češtině zcela chybí\, další informace na stránkách jsou nedostatečné. Jako provozovatel je uvedena údajně firma\, která figuruje u mnoha jiných rizikových e-shopů. Před nákupem na těchto stránkách Česká obchodní inspekce varuje.
cz-eretron-aktiv.urban-deals.com,-,Na webových stránkách je nabízen naprosto neznámý výrobek jako pomoc mužům při potížích s erekcí\, výrobek se má užívat. Jako prodejce je uvedena firma z Barcelony\, která se objevuje u celé řady rizikových e-shopů\, viz níže. Spotřebitel je na tyto stránky odkazován ve spamech\, které se šíří elektronickou poštou. Obchodní podmínky zcela chybí. Česká obchodní inspekce nákup zde považuje za rizikový.
cz-gadgets.trackey.store,-,Jako provozovatel webu není uveden nikdo\, stránky jsou tedy zcela anonymní a spotřebitel neví\, s kým uzavírá kupní smlouvu a vůči komu může nárokovat svá práva. Před nákupem na těchto stránkách Česká obchodní inspekce varuje.
cz-kneebrace.beauty-goods.biz,-,Internetové stránky\, na které se dostanete nejčastěji na základě spamů v elektronické poště\, slibují zcela neznámý produkt na klouby.  Jako provozovatel webu není uveden nikdo\, stránky jsou tedy zcela anonymní a spotřebitel neví\, s kým uzavírá kupní smlouvu a vůči komu může nárokovat svá práva. Před nákupem na těchto stránkách Česká obchodní inspekce varuje.
cz-novinky.website,-,Stránka zneužívá logo portálu Novinky.cz a láká na telefony zadarmo. Ve skutečnosti jde o podvodnou stránku\, která zneužívá logo a grafický vzhled serveru Novinky.cz\, provozovatel portálu na to ČOI upozornil. Více o tom v článku zde: https://www.novinky.cz/internet-a-pc/bezpecnost/clanek/zadarmo-telefony-nikdo-nerozdava-jak-se-nenechat-napalit-40317869. Úvodní stránka je však přesměrovaná\, podvodná stránka se zobrazí jen příchodem z reklamy. Stránka se snaží vyvolat ve spotřebiteli dojem\, že se jedná o oficiální článek serveru Novinky.cz\, před tímto webem a vyplněním údajů k údajnému získání mobilu zdarma Česká obchodní inspekce varuje.
cz-prihlaseni.com/fio,-,Na tuto stránku jsou uživatelé ve spamu odkazováni s tím\, že se má jednat o ověření účtu Fio banky. Nejedná se však o žádnou oficiální stránku Fio banky. Před vstupem na tyto stránky Česká obchodní inspekce varuje.
cz-thebox.com,-,Jako provozovatel webu není uveden nikdo\, stránky jsou tedy zcela anonymní a spotřebitel neví\, s kým uzavírá kupní smlouvu a vůči komu může nárokovat svá práva. Před nákupem na těchto stránkách Česká obchodní inspekce varuje.
cz.adamourv.com,-,Internetové stránky\, na které se dostanete nejčastěji na základě spamů v elektronické poště\, slibují zcela neznámý produkt na problémy s erekcí. Obchodní podmínky zcela chybí\, další informace na stránkách jsou nedostatečné. Jako provozovatel je uvedena společnost z Panamy\, která figuruje u mnoha jiných rizikových e-shopů\, které nabízejí celou řadu dalších neznámých výrobků např. na hubnutí\, proti kouření\, na prostatu\, na klouby\, srdeční hypertenzi a další. Recenze a odborníci jsou smyšlení. Například lékař Мichal Verner\, který přípravek na stránkách propaguje\, nemá záznam v žádné seriózní instituci: na univerzitě\, v nemocnici\, ani ve specializovaném ústavu. Před nákupem na těchto stránkách Česká obchodní inspekce varuje.
cz.bactefortnd.com,-,Na webových stránkách probíhá odpočítávání času\, po který platí údajně výhodná nabídka. Nicméně časomíra se znovu druhý den zrestartuje. Je to nátlak na spotřebitele s cílem prodat mu výrobek\, ačkoli o jeho vlastnostech jsou pochyby\, prodejce se pyšní tím\, že zbaví spotřebitele všech bakterií. Výrobek neznámého složení má mít až zázračné vlastnosti. Jeko prodejce je uvedena firma z Panamy\, obchodní podmínky zcela chybí. Recenze spotřebitelů jsou smyšlené\, protože na stránkách v jiných jazykových mutacích (např. sk.bactefortnd.com\, pl.bactefortnd.com) podobách mají zcela jiná jména\, fotky zůstávají (jsou staženy z fotobank). Před nákupem na těchto stránkách Česká obchodní inspekce varuje.
cz.cannajv.com,-,Internetové stránky\, na které se dostanete nejčastěji na základě spamů v elektronické poště\, slibují neznámý konopný přípravek na kloupy. Další informace na stránkách jsou zcela nedostatečné. Jako provozovatel je uvedena údajná firma z Panamy\, která figuruje u celé řady dalších rizikových webů. Na stránkách odbíhá odpočítávání času\, aby spotřebitel byl tlačen k rozhodnutí a neměl čas o nákupu přemýšlet. Lékař\, který přípravek na stránkách propaguje\, je smyšlený a jeho fotografie stažena z fotobanky. Před nákupem na těchto stránkách Česká obchodní inspekce varuje.
cz.cannaprostnd.com,-,Internetové stránky\, na které se dostanete nejčastěji na základě spamů v elektronické poště\, slibují neznámý konopný přípravek proti prostatě. Další informace na stránkách jsou zcela nedostatečné. Jako provozovatel je uvedena údajně firma\, která figuruje u celé řady dalších rizikových webů. Na stránkách odbíhá odpočítávání času\, aby spotřebitel byl tlačen k rozhodnutí a neměl čas o nákupu přemýšlet. Lékař\, který přípravek na stránkách propaguje\, je smyšlený a jeho fotografie stažena z fotobanky. Před nákupem na těchto stránkách Česká obchodní inspekce varuje.
cz.cardilinev.com,-,Internetové stránky\, na které se dostanete nejčastěji na základě spamů v elektronické poště\, slibují zcela neznámý produkt na léčbu srdeční hypertenze. Jedná se však o neznámý přípravek\, který má sloužit k léčbě\, aniž by byl schválen Státním ústavem pro kontrolu léčiv. Obchodní podmínky zcela chybí\, další informace na stránkách jsou nedostatečné. Jako provozovatel je uvedena společnost z Panamy. Na stránkách probíhá odpočítávání času\, po který uvedená nabídka platí\, avšak časomíra se vrací zpět\, jde o nekalou obchodní praktiku a nátlak na spotřebitele\, aby nakoupil a neměl čas o nabídce přemýšlet. Před nákupem na těchto stránkách Česká obchodní inspekce varuje.
cz.ceskysystem.zulole25.vip,-,Stránky nabízejí rychlé zbohatnutí. Jako provozovatel webu není uveden nikdo\, stránky neobsahují dostatečné obchodní podmínky\, současná podoba webu hrubě odporuje právním předpisům. Před registrací na těchto stránkách Česká obchodní inspekce varuje.
cz.cleanvisionnd.com/?c=cz,-,Internetové stránky\, na které se dostanete nejčastěji na základě spamů v elektronické poště\, slibují zcela neznámý produkt\, který vám údajně vrátí zrak. Tento výrobek je zcela neznámý\, má mít však až zázračné účinky. Obchodní podmínky zcela chybí\, další informace na stránkách jsou nedostatečné. Jako provozovatel je uvedena společnost z Panamy. Na stránkách probíhá odpočítávání času\, po který uvedená nabídka platí\, avšak časomíra se vrací zpět\, jde o nekalou obchodní praktiku a nátlak na spotřebitele\, aby nakoupil a neměl čas o nabídce přemýšlet. Před nákupem na těchto stránkách Česká obchodní inspekce varuje.
cz.coolbox24.info,-,Jako provozovatel webu není uveden nikdo\, stránky jsou tedy zcela anonymní a spotřebitel neví\, s kým uzavírá kupní smlouvu a vůči komu může nárokovat svá práva. Před nákupem na těchto stránkách Česká obchodní inspekce varuje.
cz.coolboxshop.com,-,Jako provozovatel webu není uveden nikdo\, stránky jsou tedy zcela anonymní a spotřebitel neví\, s kým uzavírá kupní smlouvu a vůči komu může nárokovat svá práva. Před nákupem na těchto stránkách Česká obchodní inspekce varuje.
cz.coprv.com,-,Internetové stránky\, na které se dostanete nejčastěji na základě spamů v elektronické poště\, slibují neznámý konopný přípravek na kloupy. Další informace na stránkách jsou zcela nedostatečné. Jako provozovatel je uvedena údajná firma z Panamy\, která figuruje u celé řady dalších rizikových webů. Na stránkách odbíhá odpočítávání času\, aby spotřebitel byl tlačen k rozhodnutí a neměl čas o nákupu přemýšlet. Lékař\, který přípravek na stránkách propaguje\, je smyšlený a jeho fotografie stažena z fotobanky. Před nákupem na těchto stránkách Česká obchodní inspekce varuje.
cz.cystov.com,-,Internetové stránky\, na které se dostanete nejčastěji na základě spamů v elektronické poště\, slibují neznámý přípravek. Obchodní podmínky chybí. Další informace na stránkách jsou zcela nedostatečné. Jako provozovatel je uvedena údajná firma z Panamy\, která figuruje u celé řady dalších rizikových webů. Lékař\, který je na webu uveden\, je smyšlená osoba. Před nákupem na těchto stránkách Česká obchodní inspekce varuje.
cz.drdermr.com,-,Na základě smyšlených informací je tu prezentován neznámý přípravek na lupénku. Na stránkách jsou pak recenze údajně spokojených uživatelů\, tyto recenze jsou však smyšlené - na jiných verzích stránek v jiném jazyce existují stejné fotografie u recenzí\, avšak jiná jména (dle jazyka). Příběh je smyšlený\, provozovatel je uveden na celé řadě dalších rizikových webů nabízející obdobné rychlé řešení problémů se zdravím. Nákup zde za rizikový považuje Česká obchodní inspekce\, stránky jsou anonymní na blíže nespecifikovanou zahraniční firmu a spotřebitel neví\, s kým uzavírá kupní smlouvu a vůči komu může nárokovat svá práva.
cz.eenergylb.com,-,Stránky odkazují formou článku na prodej zařízení na šetření spotřeby elektrické energie. Toto zařízení však energii nemůže ušetřit\, ale naopak ji spotřebovává. Může se navíc jednat o nebezpečný výrobek. V roce 2012 byl do systému RAPEX nahlášen velmi podobný výrobek Power Factor Saver\, výrobek představoval nebezpečí úrazu elektrickým proudem\, protože napětí na kolících po odpojení výrobku ze zásuvky bylo příliš vysoké. Internetové stránky jsou provozovány zahraničními osobami\, které figurují u jiných rizikových webů\, sídlo uvádějí v Panamě. Před nákupem na těchto stránkách Česká obchodní inspekce varuje.
cz.ezwattpro.com,-,Jako provozovatel webu není uveden nikdo\, stránky jsou tedy zcela anonymní a spotřebitel neví\, s kým uzavírá kupní smlouvu a vůči komu může nárokovat svá práva. Před nákupem na těchto stránkách Česká obchodní inspekce varuje.
cz.feizer.com,-,Jako provozovatel webu není uveden nikdo\, stránky jsou tedy zcela anonymní a spotřebitel neví\, s kým uzavírá kupní smlouvu a vůči komu může nárokovat svá práva. Před nákupem na těchto stránkách Česká obchodní inspekce varuje.
cz.feizeripx.net,-,Obsah obchodních podmínek hrubě odporuje právním předpisům. Web je anonymní a spotřebitel neví\, s kým uzavírá kupní smlouvu a vůči komu může nárokovat svá práva. Před nákupem na těchto stránkách Česká obchodní inspekce varuje.
cz.gigantv.com,-,Internetové stránky\, na které se dostanete nejčastěji na základě spamů v elektronické poště\, slibují neznámý přípravek. Obchodní podmínky chybí. Další informace na stránkách jsou zcela nedostatečné. Jako provozovatel je uvedena údajná firma z Panamy\, která figuruje u celé řady dalších rizikových webů. Na stránkách odbíhá odpočítávání času\, aby spotřebitel byl tlačen k rozhodnutí a neměl čas o nákupu přemýšlet. Před nákupem na těchto stránkách Česká obchodní inspekce varuje.
cz.hemorv.com,-,Jako provozovatel webu není uveden nikdo\, stránky jsou tedy zcela anonymní a spotřebitel neví\, s kým uzavírá kupní smlouvu a vůči komu může nárokovat svá práva. Na stránkách jsou též uvedeny informace\, které se nezakládají na pravdě. Jako odborník je prezentován Jan Havlíček\, doktor-proktolog s 20letou praxí\, kandidát lékařských věd. Tento údajný lékař nemá žádný záznam na univerzitě\, ani v jiné seriózní instituci. Fotka je stažena z fotobanky\, jde o smyšleného odborníka. Před nákupem na těchto stránkách Česká obchodní inspekce varuje. Viz: https://www.coi.gov.cz/hemorv/
cz.indoorsuper.com,-,Jako provozovatel webu není uveden nikdo\, stránky jsou tedy zcela anonymní a spotřebitel neví\, s kým uzavírá kupní smlouvu a vůči komu může nárokovat svá práva. Před nákupem na těchto stránkách Česká obchodní inspekce varuje.
cz.irecommendz.com/review/artroser/,-,Jako provozovatel webu není uveden nikdo\, stránky jsou tedy zcela anonymní a spotřebitel neví\, s kým uzavírá kupní smlouvu a vůči komu může nárokovat svá práva. Před nákupem na těchto stránkách varuje Česká obchodní inspekce i Státní ústav prokontrolu léčiv.
cz.ketodietv.com,-,Na základě smyšlených informací prezentován neznámý přípravek na zhubnutí. Na stránkách je příběh osoba\, která měla údajně zhubnout. Příběh je smyšlený\, provozovatel je uveden na celé řadě dalších rizikových webů nabízející obdobné rychlé řešení problémů se zdravím. Nákup zde za rizikový považuje Česká obchodní inspekce\, stránky jsou anonymní na blíže nespecifikovanou zahraniční firmu a spotřebitel neví\, s kým uzavírá kupní smlouvu a vůči komu může nárokovat svá práva.
cz.landevrv.com,-,Internetové stránky\, na které se dostanete nejčastěji na základě spamů v elektronické poště\, slibují neznámý přípravek na krevní tlak. Další informace na stránkách jsou zcela nedostatečné. Jako provozovatel je uvedena údajná firma z Panamy\, která figuruje u celé řady dalších rizikových webů. Na stránkách odbíhá odpočítávání času\, aby spotřebitel byl tlačen k rozhodnutí a neměl čas o nákupu přemýšlet. Před nákupem na těchto stránkách Česká obchodní inspekce varuje.
cz.magnet4health.info,-,Stránky odkazují na neexistující rozhovor s údajným vědcem z Českých Budějovic\, který vynalezl údajně přírodní metodu odstraňující bolest do 3 minut. Dr. David Karpita\, který je zmíněn v článku\, nemá žádný záznam na univerzitě\, ani v jiné seriozní instituci. Fotka je stažena z fotobanky\, jde o smyšleného odborníka. Jako provozovatel webu není uveden nikdo\, stránky jsou tedy zcela anonymní a spotřebitel neví\, s kým uzavírá kupní smlouvu a vůči komu může nárokovat svá práva. Před nákupem na těchto stránkách Česká obchodní inspekce varuje.
cz.nanovein.eu,-,Jako provozovatel webu není uveden nikdo\, stránky jsou tedy zcela anonymní a spotřebitel neví\, s kým uzavírá kupní smlouvu a vůči komu může nárokovat svá práva. Před nákupem na těchto stránkách Česká obchodní inspekce varuje.
cz.nicozerond.com,-,Internetové stránky\, na které se dostanete nejčastěji na základě spamů v elektronické poště\, slibují zcela neznámý produkt na odvykání kouření. Obchodní podmínky zcela chybí\, další informace na stránkách jsou nedostatečné. Jako provozovatel je uvedena společnost z Panamy\, která figuruje u mnoha jiných rizikových e-shopů\, které nabízejí celou řadu dalších neznámých výrobků např. na hubnutí\, proti kouření\, na prostatu\, na klouby\, srdeční hypertenzi a další. Informace na stránkách jsou smyšlené\, a to včetně recenzí. Například po zadání těcho stránek\, kde místo předpony cz. bude uvedeno sk. nebo pl.\, objeví se v recenzích stejné fotky\, ale jiná jména a jiný text. Před nákupem na těchto stránkách Česká obchodní inspekce varuje.
cz.onlinecheap2020.net,-,Jako provozovatel webu není uveden nikdo\, stránky jsou tedy zcela anonymní a spotřebitel neví\, s kým uzavírá kupní smlouvu a vůči komu může nárokovat svá práva. Před nákupem na těchto stránkách Česká obchodní inspekce varuje.
cz.onlinecheap2021.ru,-,Jako provozovatel webu není uveden nikdo\, stránky jsou tedy zcela anonymní a spotřebitel neví\, s kým uzavírá kupní smlouvu a vůči komu může nárokovat svá práva. Před nákupem na těchto stránkách Česká obchodní inspekce varuje.
cz.otsnd.com,-,Internetové stránky\, na které se dostanete nejčastěji přes reklamu či spam\, slibují neznámý přípravek na hubnutí. Informace uvedené na stránkách jsou smyšlené\, protože například vedle fotografie údajného lékaře-specialisty je uvedeno jméno Lukáš Wohanka\, ve slovenské verzi stránek (sk.otsnd.com) je u stejné fotografie jméno lékaře Filip Ňachaj. Stejně tak jsou smyšlené i recenze údajně spokojených zákazníků. Vedle stejných fotografií jsou opět jiná jména. Informace na stránkách jsou nedostatečné. Jako provozovatel je uvedena údajně firma z Panamy\, která figuruje u mnoha jiných rizikových e-shopů\, které nabízejí celou řadu dalších neznámých výrobků např. na hubnutí\, proti kouření\, prostatě\, na klouby\, srdeční hypertenzi a další. Výrobky nejsou schváleny Ústavem pro kontrolu léčiv\, lékaři před těmito neznámými přípravky varují. Nákup zde za rizikový považuje také Česká obchodní inspekce.
cz.parazitolnd.com,-,Internetové stránky\, na které se dostanete nejčastěji na základě spamů v elektronické poště\, slibují zcela neznámý produkt proti parazitům. Obchodní podmínky zcela chybí. Spotřebitel neví\, s kým uzavírá kupní smlouvu a vůči komu může nárokovat svá práva. Před nákupem na těchto stránkách Česká obchodní inspekce varuje.
cz.prostero-official.eu,-,Internetové stránky\, na které se dostanete nejčastěji přes reklamu či spam\, slibují neznámý přípravek na zánět prostaty. Nabízené výrobky\, které mají sloužit k léčení zánětů prostaty\, nejsou schváleny Ústavem pro kontrolu léčiv\, lékaři před těmito neznámými přípravky varují. Obchodní podmínky zde jsou nedostatečné\, provozovatel stránek je anonymní.
cz.smart-topstore.com,-,Z těchto stránek si spotřebitel objednal dvě masážní zařízení\, přišlo jedno. Po rozbalení přístroje byla vidlice napájecího adaptéru zlomená a z bezpečnostních důvodů spotřebitel ani přístroj nepoužil. Snažil se odsoupit od kupní smlouvy\, ale nikdo nereaguje. Stránky nemají informaci o provozovateli (žádné IČO)\, prodejce je nekontaktní a hrubě porušuje zákon o ochraně spotřebitele například tím\, že neumožní vrátit zboží do 14 dnů bez udání důvodu. Před nákupem na těchto stránkách Česká obchodní inspekce varuje.
cz.suganormnd.com,-,Na webových stránkách je nabízen naprosto neznámý výrobek jako pomoc pacientům při cukrovce\, který není registrovaný u Státního ústavu pro kontrolu léčiv. Jako prodejce je uvedena firma z Panamy\, která se objevuje u celé řady rizikových e-shopů\, viz níže. Spotřebitel je na tyto stránky odkazován ve spamech\, které se šíří elektronickou poštou. Česká obchodní inspekce nákup zde považuje za rizikový.
cz.technoweek.net,-,Na webu je nabízen údajně „zázračný“ přístroj na úsporu elektrické energie. Nic takového však z hlediska fyzikálních zákonů (že přístroj vložený do zásuvky ve finále šetří elektrickou energii) není možné. Ani není zřejmé\, kdo je provozovatelem\, tedy s kým spotřebitel uzavírá smlouvu a vůči komu může nárokovat svá práva. Česká obchodní inspekce před těmito stránkami spotřebitele varuje.
cz.thetrackkey.com,-,Jako provozovatel webu není uveden nikdo\, stránky jsou tedy zcela anonymní a spotřebitel neví\, s kým uzavírá kupní smlouvu a vůči komu může nárokovat svá práva. Před nákupem na těchto stránkách Česká obchodní inspekce varuje.
cz.thexdrone.org,-,Jako provozovatel webu není uveden nikdo\, stránky jsou tedy zcela anonymní a spotřebitel neví\, s kým uzavírá kupní smlouvu a vůči komu může nárokovat svá práva. Před nákupem na těchto stránkách Česká obchodní inspekce varuje.
cz.thirteenpleasant.cc/CZ/1474tr/?bet=28368923,-,Web zneužívá logo a design portálu Novinky.cz a snaží se vytvořit dojem\, že přináší úžasnou zprávu o zázračném zbohatnutí. Celý systém na základě lživých informací žádá následně velmi citlivá data. Jako provozovatel webu není uveden nikdo\, stránky jsou tedy zcela anonymní a spotřebitel neví\, vůči komu může nárokovat svá práva. Před vyplněním citlivých údajů na těchto stránkách varuje společnost Seznam.cz a Česká obchodní inspekce.
cz.vegaslim-shop.com/784624,-,Stránka\, na kterou se dostane spotřebitel nejčastěji proklikem přes web www.abc-pro-zdravi.cz\, nabízí neznámý výrobek na hubnutí. Jako provozovatel webu není uveden nikdo\, stránky jsou tedy zcela anonymní a spotřebitel neví\, s kým uzavírá kupní smlouvu a vůči komu může nárokovat svá práva. Před nákupem na těchto stránkách Česká obchodní inspekce varuje.
cz.wlosnd.com,-,Na základě smyšlených informací je tu prezentován neznámý přípravek na zhubnutí. Na stránkách jsou pak recenze údajně spokojených uživatelů\, tyto recenze jsou však smyšlené - na jiných verzích stránek v jiném jazyce existují stejné fotografie u recenzí\, avšak jiná jména (dle jazyka). Příběh je smyšlený\, provozovatel je uveden na celé řadě dalších rizikových webů nabízející obdobné rychlé řešení problémů se zdravím. Nákup zde za rizikový považuje Česká obchodní inspekce\, stránky jsou anonymní na blíže nespecifikovanou zahraniční firmu a spotřebitel neví\, s kým uzavírá kupní smlouvu a vůči komu může nárokovat svá práva.
cz1.alkotoxv.com,-,Internetové stránky\, na které se dostanete nejčastěji na základě spamů v elektronické poště\, slibují neznámý přípravek v boji proti alkoholu. Obchodní podmínky chybí. . Další informace na stránkách jsou zcela nedostatečné. Jako provozovatel je uvedena údajná firma z Panamy\, která figuruje u celé řady dalších rizikových webů. Na stránkách odbíhá odpočítávání času\, aby spotřebitel byl tlačen k rozhodnutí a neměl čas o nákupu přemýšlet. Před nákupem na těchto stránkách Česká obchodní inspekce varuje.
cz1.alkozerond.com,-,Internetové stránky\, na které se dostanete nejčastěji na základě spamů v elektronické poště\, slibují neznámý přípravek na boj proti závislosti na alkoholu. Další informace na stránkách jsou zcela nedostatečné. Jako provozovatel je uvedena údajná firma z Panamy\, která figuruje u celé řady dalších rizikových webů. Na stránkách odbíhá odpočítávání času\, aby spotřebitel byl tlačen k rozhodnutí a neměl čas o nákupu přemýšlet. Lékař\, údajně jménem Štěpán Kožešník\, který přípravek na stránkách propaguje\, nemá záznam v žádné seriózní instituci: na univerzitě\, v nemocnici\, ani ve specializovaném ústavu. Před nákupem na těchto stránkách Česká obchodní inspekce varuje.
cz1.dietspraynd.com,-,Stránka\, na kterou se dostane spotřebitel nejčastěji proklikem přes web www.abc-pro-zdravi.cz\, nabízí neznámý výrobek\, který se má úživat postřikem do úst\, aby člověk zhubl. Jako provozovatel webu není uveden nikdo\, stránky jsou tedy zcela anonymní a spotřebitel neví\, s kým uzavírá kupní smlouvu a vůči komu může nárokovat svá práva. Před nákupem na těchto stránkách Česká obchodní inspekce varuje.
cz1.energy-saving-b0x.com,-,Stránky odkazují formou článku na prodej zařízení na šetření spotřeby elektrické energie. Toto zařízení však energii nemůže ušetřit\, ale naopak ji spotřebovává. Může se navíc jednat o nebezpečný výrobek. V roce 2012 byl do systému RAPEX nahlášen velmi podobný výrobek Power Factor Saver\, výrobek představoval nebezpečí úrazu elektrickým proudem\, protože napětí na kolících po odpojení výrobku ze zásuvky bylo příliš vysoké. Internetové stránky jsou provozovány zahraničními osobami\, které figurují u jiných rizikových webů\, sídlo uvádějí v Panamě.
cz1.flekobalm.pro,-,Jako provozovatel webu není uveden nikdo\, stránky jsou tedy zcela anonymní a spotřebitel neví\, s kým uzavírá kupní smlouvu a vůči komu může nárokovat svá práva. Před nákupem na těchto stránkách varuje Česká obchodní inspekce varuje i Státní ústav pro kontrolu léčiv.
cz1.hondrostrc.com,-,Internetové stránky\, na které se dostanete nejčastěji na základě spamů v elektronické poště\, nabízejí téměř zázračný výrobek na klouby. Obchodní podmínky v češtině zcela chybí\, další informace na stránkách jsou nedostatečné. Jako provozovatel je uvedena údajně firma\, která figuruje u mnoha jiných rizikových e-shopů. Před nákupem na těchto stránkách Česká obchodní inspekce varuje.
cz1.ketodieti.com,-,Na základě smyšlených informací prezentován neznámý přípravek na zhubnutí. Na stránkách je příběh osoba\, která měla údajně zhubnout. Příběh je smyšlený\, provozovatel je uveden na celé řadě dalších rizikových webů nabízející obdobné rychlé řešení problémů se zdravím. Nákup zde za rizikový považuje Česká obchodní inspekce\, stránky jsou anonymní na blíže nespecifikovanou zahraniční firmu a spotřebitel neví\, s kým uzavírá kupní smlouvu a vůči komu může nárokovat svá práva.
cz1.suganp.com,-,Jako provozovatel webu není uveden nikdo\, stránky jsou tedy zcela anonymní a spotřebitel neví\, s kým uzavírá kupní smlouvu a vůči komu může nárokovat svá práva. Před nákupem na těchto stránkách Česká obchodní inspekce varuje.
cz2.cardimednd.com,-,Internetové stránky\, na které se dostanete nejčastěji přes reklamu\, slibují neznámý přípravek proti srdeční hypertenzi. Lákají tlačítkem začněte léčbu ihned. Informace na stránkách jsou nedostatečné. Jako provozovatel je uvedena údajně firma z Panamy\, která figuruje u mnoha jiných rizikových e-shopů\, které nabízejí celou řadu dalších neznámých výrobků např. na hubnutí\, proti kouření\, prostatě\, na klouby\, srdeční hypertenzi a další. Výrobky nejsou schváleny Ústavem pro kontrolu léčiv\, lékaři před těmito neznámými přípravky varují. Nákup zde za rizikový považuje také Česká obchodní inspekce.
cz2.cardimnd.com,-,Internetové stránky\, na které se dostanete nejčastěji přes reklamu\, slibují neznámý přípravek proti srdeční hypertenzi. Lákají tlačítkem začněte léčbu ihned. Informace na stránkách jsou nedostatečné. Jako provozovatel je uvedena údajně firma z Panamy\, která figuruje u mnoha jiných rizikových e-shopů\, které nabízejí celou řadu dalších neznámých výrobků např. na hubnutí\, proti kouření\, prostatě\, na klouby\, srdeční hypertenzi a další. Výrobky nejsou schváleny Ústavem pro kontrolu léčiv\, lékaři před těmito neznámými přípravky varují. Nákup zde za rizikový považuje také Česká obchodní inspekce.
cz2.landpld.com,-,Internetové stránky\, na které se dostanete nejčastěji na základě spamů v elektronické poště\, slibují neznámý přípravek. Obchodní podmínky chybí. Další informace na stránkách jsou zcela nedostatečné. Jako provozovatel je uvedena údajná firma z Panamy\, která figuruje u celé řady dalších rizikových webů. Lékař\, který je na webu uveden\, je smyšlená osoba. Na stránkách odbíhá odpočítávání času\, aby spotřebitel byl tlačen k rozhodnutí a neměl čas o nákupu přemýšlet. Před nákupem na těchto stránkách Česká obchodní inspekce varuje.
cz2.prostatricum.com,-,Jako provozovatel webu není uveden nikdo\, stránky jsou tedy zcela anonymní a spotřebitel neví\, s kým uzavírá kupní smlouvu a vůči komu může nárokovat svá práva. Před nákupem na těchto stránkách varuje Česká obchodní inspekce varuje i Státní ústav pro kontrolu léčiv.
cz2.wowbustlb.com,-,Internetové stránky\, na které se dostanete nejčastěji na základě spamů v elektronické poště\, slibují neznámý přípravek na zvětšení prsou. Další informace na stránkách jsou zcela nedostatečné. Jako provozovatel je uvedena údajná firma z Panamy\, která figuruje u celé řady dalších rizikových webů. Na stránkách odbíhá odpočítávání času\, aby spotřebitel byl tlačen k rozhodnutí a neměl čas o nákupu přemýšlet. Lékařka\, údajně jménem Doufková Anet\, která přípravek na stránkách propaguje\, nemá záznam v žádné seriózní instituci: na univerzitě\, v nemocnici\, ani ve specializovaném ústavu. Před nákupem na těchto stránkách Česká obchodní inspekce varuje.
cz3.cannadiabv.com,-,Internetové stránky\, na které se dostanete nejčastěji na základě spamů v elektronické poště\, slibují neznámý přípravek na údajnou léčbu cukrovky (https://www.coi.gov.cz/cannabis/). Další informace na stránkách jsou zcela nedostatečné. Jako provozovatel je uvedena údajná firma z Panamy\, která figuruje u celé řady dalších rizikových webů. Na stránkách odbíhá odpočítávání času\, aby spotřebitel byl tlačen k rozhodnutí a neměl čas o nákupu přemýšlet. Lékař\, který přípravek na stránkách propaguje\, je smyšlený a jeho fotografie stažena z fotobanky. Před nákupem na těchto stránkách Česká obchodní inspekce varuje.
cz3.landlrev.com,-,Jako provozovatel webu není uveden nikdo\, stránky jsou tedy zcela anonymní a spotřebitel neví\, s kým uzavírá kupní smlouvu a vůči komu může nárokovat svá práva. Před nákupem na těchto stránkách Česká obchodní inspekce varuje.
cz3.landntrv.com,-,Na stránkách je nabízen dron. Provozovatel je uveden na celé řadě dalších rizikových webů nabízející pro změnu řešení různých zdravotních potíží. Nákup zde za rizikový považuje Česká obchodní inspekce\, stránky jsou anonymní na blíže nespecifikovanou zahraniční firmu a spotřebitel neví\, s kým uzavírá kupní smlouvu a vůči komu může nárokovat svá práva.
cz4.ketodietnd.com,-,Na základě smyšlených informací prezentován neznámý přípravek na zhubnutí. Dole je pak jakési kolo štěstí - spotřebitel si pokaždé vylosuje slevu 50% a poté má omezený čas k vyplnění objednávkového formuláře. Na stránkách je příběh ženy\, která měla údajně zhubnout. Přípěh je smyšlený\, stejně jako loterie na stránkách\, kde zatočením kola si spotřebitel vždy vylosuje údajnou slevu 50%. Nákup zde za rizikový považuje Česká obchodní inspekce\, stránky jsou anonymní a spotřebitel neví\, s kým uzavírá kupní smlouvu a vůči komu může nárokovat svá práva.
cz4.predstavitltd.com,-,Internetové stránky\, na které se dostanete nejčastěji na základě spamů v elektronické poště\, slibují neznámý přípravek na prostatu. Další informace na stránkách jsou zcela nedostatečné. Jako provozovatel je uvedena údajně firma\, která figuruje u celé řady dalších rizikových webů. Na stránkách odbíhá odpočítávání času\, aby spotřebitel byl tlačen k rozhodnutí a neměl čas o nákupu přemýšlet. Odborníci\, kteří přípravek na stránkách propagují\, jso smyšlení a fotografie staženy z fotobanky. Před nákupem na těchto stránkách Česká obchodní inspekce varuje.
cz6.immunity.canabis-oil.com/?code=shsf&tid=1587368402580990805&sid=shsf&c=CZ,-,Internetové stránky\, na které se dostanete nejčastěji přes reklamu\, slibují neznámý přípravek proti virům. Informace na stránkách jsou nedostatečné. Jako provozovatel je uvedena údajně firma z Panamy\, která figuruje u mnoha jiných rizikových e-shopů\, které nabízejí celou řadu dalších neznámých výrobků např. na hubnutí\, proti kouření\, na prostatu\, na klouby\, srdeční hypertenzi a další. Nákup zde za rizikový považuje také Česká obchodní inspekce.
cz6.parazr.com,-,Jako provozovatel webu není uveden nikdo\, stránky jsou tedy zcela anonymní a spotřebitel neví\, s kým uzavírá kupní smlouvu a vůči komu může nárokovat svá práva. Před nákupem na těchto stránkách Česká obchodní inspekce varuje.
czalpinepro.shop,-,Jako provozovatel webu není uveden nikdo\, stránky jsou tedy zcela anonymní a spotřebitel neví\, s kým uzavírá kupní smlouvu a vůči komu může nárokovat svá práva. Před nákupem na těchto stránkách Česká obchodní inspekce varuje.
czat.shop,-,Jako provozovatel webu není uveden nikdo\, stránky jsou tedy zcela anonymní a spotřebitel neví\, s kým uzavírá kupní smlouvu a vůči komu může nárokovat svá práva. Před nákupem na těchto stránkách Česká obchodní inspekce varuje.
czdialine.phytosbest.com/?country_code=CZ,-,Stránky prezentují neznámý výrobek pro diabetiky.  Jako provozovatel webu není uveden nikdo\, stránky jsou tedy zcela anonymní a spotřebitel neví\, s kým uzavírá kupní smlouvu a vůči komu může nárokovat svá práva. Před nákupem na těchto stránkách varuje Česká obchodní inspekce i Státní zemědělská a potravinářská inspekce.
cze.dwczd.top,-,Jako provozovatel webu není uveden nikdo\, stránky jsou tedy zcela anonymní a spotřebitel neví\, s kým uzavírá kupní smlouvu a vůči komu může nárokovat svá práva. Před nákupem na těchto stránkách Česká obchodní inspekce varuje.
czech-germixil.beauty-goods.biz,-,Jako provozovatel webu není uveden nikdo\, stránky jsou tedy zcela anonymní a spotřebitel neví\, s kým uzavírá kupní smlouvu a vůči komu může nárokovat svá práva. Před nákupem na těchto stránkách varuje Česká obchodní inspekce i Státní ústav prokontrolu léčiv.
czech-newyear-offers.shop,-,Jako provozovatel webu není uveden nikdo\, stránky jsou tedy zcela anonymní a spotřebitel neví\, s kým uzavírá kupní smlouvu a vůči komu může nárokovat svá práva. Před nákupem na těchto stránkách Česká obchodní inspekce varuje.
czech-republic-invest.com,-,Web zneužívá logo a design portálu Novinky.cz a snaží se vytvořit dojem\, že přináší úžasnou zprávu o zázračném zbohatnutí. Celý systém na základě lživých informací žádá následně velmi citlivá data. Jako provozovatel webu není uveden nikdo\, stránky jsou tedy zcela anonymní a spotřebitel neví\, vůči komu může nárokovat svá práva. Před vyplněním citlivých údajů na těchto stránkách varuje společnost Seznam.cz a Česká obchodní inspekce.
czech.e-energy-official.com,-,Jako provozovatel webu není uveden nikdo\, stránky jsou tedy zcela anonymní a spotřebitel neví\, s kým uzavírá kupní smlouvu a vůči komu může nárokovat svá práva. Před nákupem na těchto stránkách Česká obchodní inspekce varuje.
czech.hondrocream.shop,-,Jako provozovatel webu není uveden nikdo\, stránky jsou tedy zcela anonymní a spotřebitel neví\, s kým uzavírá kupní smlouvu a vůči komu může nárokovat svá práva. Před nákupem na těchto stránkách Česká obchodní inspekce varuje.
czechsiksilk.com,-,Jako provozovatel webu není uveden nikdo\, stránky jsou tedy zcela anonymní a spotřebitel neví\, s kým uzavírá kupní smlouvu a vůči komu může nárokovat svá práva. Před nákupem na těchto stránkách Česká obchodní inspekce varuje.
czfung.ru,-,Stránka se otevře správně jen těm\, kteří přijdou z reklamy a vypadá takto: https://www.coi.gov.cz/czfung/ . Následně se zobrazí lživý obsah o tom\, že můžete problém s plísněmi vyřešit za pomoci neznámého výrobku. Uvedená stránka navíc zneužívá loga českých televizních společností\, aby vypadala důvěryhodněji. Česká obchodní inspekce před těmito stránkami varuje\, provozovatel je neznámý.
czh.tactical-xdrone.newsalepro.com,-,Stránka\, na kterou se dostane spotřebitel nejčastěji přes spam v e-mailu\, nabízí údajně drony. Jako provozovatel webu není uveden nikdo\, stránky jsou tedy zcela anonymní a spotřebitel neví\, s kým uzavírá kupní smlouvu a vůči komu může nárokovat svá práva. Před nákupem na těchto stránkách Česká obchodní inspekce varuje.
czhairperfecta.markmax.site,-,Jako provozovatel webu není uveden nikdo\, stránky jsou tedy zcela anonymní a spotřebitel neví\, s kým uzavírá kupní smlouvu a vůči komu může nárokovat svá práva. Před nákupem na těchto stránkách Česká obchodní inspekce varuje.
czjbvers.shop,-,Jako provozovatel webu není uveden nikdo\, stránky jsou tedy zcela anonymní a spotřebitel neví\, s kým uzavírá kupní smlouvu a vůči komu může nárokovat svá práva. Před nákupem na těchto stránkách Česká obchodní inspekce varuje.
czsale.2021shoponline.com,-,Jako provozovatel webu není uveden nikdo\, stránky jsou tedy zcela anonymní a spotřebitel neví\, s kým uzavírá kupní smlouvu a vůči komu může nárokovat svá práva. Před nákupem na těchto stránkách Česká obchodní inspekce varuje.
czsale.2023discountoutlets.com,-,Jako provozovatel webu není uveden nikdo\, stránky jsou tedy zcela anonymní a spotřebitel neví\, s kým uzavírá kupní smlouvu a vůči komu může nárokovat svá práva. Před nákupem na těchto stránkách Česká obchodní inspekce varuje.
damecbd.eu,-,Jako provozovatel webu není uveden nikdo\, stránky jsou tedy zcela anonymní a spotřebitel neví\, s kým uzavírá kupní smlouvu a vůči komu může nárokovat svá práva. Před nákupem na těchto stránkách Česká obchodní inspekce varuje.
danskocz.cz,-,Jako provozovatel webu není uveden nikdo\, stránky jsou tedy zcela anonymní a spotřebitel neví\, s kým uzavírá kupní smlouvu a vůči komu může nárokovat svá práva. Před nákupem na těchto stránkách Česká obchodní inspekce varuje.
dashingsoul.com,-,Jako provozovatel webu není uveden nikdo\, stránky jsou tedy zcela anonymní a spotřebitel neví\, s kým uzavírá kupní smlouvu a vůči komu může nárokovat svá práva. Před nákupem na těchto stránkách Česká obchodní inspekce varuje.
datalistshop.com,-,Stránky nabízejí seznam firem a jejich adresy za peníze. Jako provozovatel webu není uveden nikdo\, stránky jsou tedy zcela anonymní a spotřebitel neví\, s kým uzavírá kupní smlouvu a vůči komu může nárokovat svá práva. Před nákupem na těchto stránkách Česká obchodní inspekce varuje.
daunag.store/cz/,-,Jako provozovatel webu není uveden nikdo\, stránky jsou tedy zcela anonymní a spotřebitel neví\, s kým uzavírá kupní smlouvu a vůči komu může nárokovat svá práva. Před nákupem na těchto stránkách Česká obchodní inspekce varuje.
dbnytr.store,-,Jako provozovatel webu není uveden nikdo\, stránky jsou tedy zcela anonymní a spotřebitel neví\, s kým uzavírá kupní smlouvu a vůči komu může nárokovat svá práva. Před nákupem na těchto stránkách Česká obchodní inspekce varuje.
dcshoescz.com,-,Jako provozovatel webu není uveden nikdo\, stránky jsou tedy zcela anonymní a spotřebitel neví\, s kým uzavírá kupní smlouvu a vůči komu může nárokovat svá práva. Před nákupem na těchto stránkách Česká obchodní inspekce varuje.
dcshoescz.cz,-,Jako provozovatel webu není uveden nikdo\, stránky jsou tedy zcela anonymní a spotřebitel neví\, s kým uzavírá kupní smlouvu a vůči komu může nárokovat svá práva. Před nákupem na těchto stránkách Česká obchodní inspekce varuje.
dcshoeseshop.cz,-,Jako provozovatel webu není uveden nikdo\, stránky jsou tedy zcela anonymní a spotřebitel neví\, s kým uzavírá kupní smlouvu a vůči komu může nárokovat svá práva. Před nákupem na těchto stránkách Česká obchodní inspekce varuje.
ddsad.shop,-,Jako provozovatel webu není uveden nikdo\, stránky jsou tedy zcela anonymní a spotřebitel neví\, s kým uzavírá kupní smlouvu a vůči komu může nárokovat svá práva. Před nákupem na těchto stránkách Česká obchodní inspekce varuje.
deeplin.shop,-,Jako provozovatel webu není uveden nikdo\, stránky jsou tedy zcela anonymní a spotřebitel neví\, s kým uzavírá kupní smlouvu a vůči komu může nárokovat svá práva. Před nákupem na těchto stránkách Česká obchodní inspekce varuje.
denisablahova.cz,-,Opuštěnou doménu koupil neznámý subjekt. Název domény neodpovídá nabízenému zboží\, tím je především obuv. Jako provozovatel webu není uveden nikdo\, stránky jsou tedy zcela anonymní a spotřebitel neví\, s kým uzavírá kupní smlouvu a vůči komu může nárokovat svá práva. Před nákupem na těchto stránkách Česká obchodní inspekce varuje.
dentvilleclinic.com,-,Jedná se o reklamní webovou stránku\, kde je prezentován výrobek Relaton\, který údajně pomáhá odstranit potíže se sluchem a zabránit hluchotě.  Prezentovaný výrobek vzbuzuje dojem\, že je léčivým přípravkem. Ve skutečnosti se jedná o potravinu. V textech na webové stránce jsou v souvislosti s potravinou Relaton používána tzv. léčebná tvrzení a neschválená zdravotní tvrzení o propagované potravině v rozporu s právními předpisy. Na této webové stránce sice není možné výrobek Relaton objednat\, ale je zde přímý interaktivní proklik do e-shopu na webové stránce https://relatoncz.zdorovieludi.com/?country_code=CZ\, který nabízí k prodeji zmíněný výrobek v rozporu s právními předpisy. Na webové stránce jsou uvedeny zavádějící informace\, na základě kterých se může spotřebitel domnívat\, že jsou provozovány Českou společností otorinolaryngologie a chirurgie hlavy a krku. Stránky neobsahují dostatečné obchodní podmínky\, současná podoba webu hrubě odporuje právním předpisům. Před nákupem na těchto stránkách Česká obchodní inspekce varuje.
dfyne.cz,-,Jako provozovatel webu není uveden nikdo\, stránky jsou tedy zcela anonymní a spotřebitel neví\, s kým uzavírá kupní smlouvu a vůči komu může nárokovat svá práva. Před nákupem na těchto stránkách Česká obchodní inspekce varuje.
dialinebest.remedythebest.com/?country_code=CZ,-,Nabízený výrobek vzbuzuje dojem\, že je léčivým přípravkem. Ve skutečnosti se jedná o doplněk stravy (tedy o potravinu). V textech na webových stránkách jsou v souvislosti s doplňkem stravy Dialine používána tzv. léčebná tvrzení o nabízené potravině v rozporu s právními předpisy. Jako provozovatel webu není uveden nikdo\, stránky jsou tedy zcela anonymní a spotřebitel neví\, s kým uzavírá kupní smlouvu a vůči komu může nárokovat svá práva. Před nákupem na těchto stránkách Česká obchodní inspekce varuje.
diapromin-cz.peoplestorry.com,-,Jako provozovatel webu není uveden nikdo\, stránky jsou tedy zcela anonymní a spotřebitel neví\, s kým uzavírá kupní smlouvu a vůči komu může nárokovat svá práva. Před nákupem na těchto stránkách varuje Česká obchodní inspekce varuje i Státní ústav pro kontrolu léčiv.
dickiespraha.cz,-,Jako provozovatel webu není uveden nikdo\, stránky jsou tedy zcela anonymní a spotřebitel neví\, s kým uzavírá kupní smlouvu a vůči komu může nárokovat svá práva. Před nákupem na těchto stránkách Česká obchodní inspekce varuje.
dis2012.org,-,Z webových stránek není zřejmé\, kdo je provozovatelem e-shopu\, tedy s kým spotřebitel uzavírá smlouvu a vůči komu může nárokovat svá práva. Obchodní podmínky jsou zcela nedostatečné. Na stránkách je pak nabízen pochybný výrobek pro lidské zdraví. Lékaři před tímto výrobkem spotřebitele varují. Kontaktem na webu je výhradně formulář a opět tel. číslo +420 234102147\, které se objevuje u celé řady rizikových e-shopů\, viz níže. Česká obchodní inspekce nákup zde považuje za rizikový.
discount.shoponline2020.net,-,Jako provozovatel webu není uveden nikdo\, stránky jsou tedy zcela anonymní a spotřebitel neví\, s kým uzavírá kupní smlouvu a vůči komu může nárokovat svá práva. Před nákupem na těchto stránkách Česká obchodní inspekce varuje.
discountsales.2023factory.ru,-,Jako provozovatel webu není uveden nikdo\, stránky jsou tedy zcela anonymní a spotřebitel neví\, s kým uzavírá kupní smlouvu a vůči komu může nárokovat svá práva. Před nákupem na těchto stránkách Česká obchodní inspekce varuje.
docmartens.cz,-,Jako provozovatel webu není uveden nikdo\, stránky jsou tedy zcela anonymní a spotřebitel neví\, s kým uzavírá kupní smlouvu a vůči komu může nárokovat svá práva. Před nákupem na těchto stránkách Česká obchodní inspekce varuje.
doctorlights.com,-,Jako provozovatel webu není uveden nikdo\, stránky jsou tedy zcela anonymní a spotřebitel neví\, s kým uzavírá kupní smlouvu a vůči komu může nárokovat svá práva. Před nákupem na těchto stránkách varuje Česká obchodní inspekce varuje i Státní zemědělská a potravinářská inspekce. Viz: https://www.potravinynapranyri.cz/EDetail.aspx?id=73
doktoratonline.cz,-,Jako provozovatel webu není uveden nikdo\, stránky jsou tedy zcela anonymní a spotřebitel neví\, s kým uzavírá kupní smlouvu a vůči komu může nárokovat svá práva. Před nákupem na těchto stránkách Česká obchodní inspekce varuje.
doktrin.cz,-,Objednané a předem uhrazené zboží podle spotřebitelských informací nepřichází. Jako provozovatel webu není uveden nikdo\, stránky jsou tedy zcela anonymní a spotřebitel neví\, s kým uzavírá kupní smlouvu a vůči komu může nárokovat svá práva. Před nákupem na těchto stránkách Česká obchodní inspekce varuje.
dope-snow-cz.cz,-,Jako provozovatel webu není uveden nikdo\, stránky jsou tedy zcela anonymní a spotřebitel neví\, s kým uzavírá kupní smlouvu a vůči komu může nárokovat svá práva. Před nákupem na těchto stránkách Česká obchodní inspekce varuje.
dopesnow.cz,-,Jako provozovatel webu není uveden nikdo\, stránky jsou tedy zcela anonymní a spotřebitel neví\, s kým uzavírá kupní smlouvu a vůči komu může nárokovat svá práva. Před nákupem na těchto stránkách Česká obchodní inspekce varuje.
dotcurlyis.com,-,Stránky se prezentují jako oficiální lékařský portál\, avšak nejde o žádný oficiální portál skutečných lékařů (https://www.coi.gov.cz/dotcurlyis/). Na stránkách je pak nabízen pochybný výrobek\, který má navrátit sluch za 28 dní. Fotka uvedená na stránkách\, kde je zveřejněn údajný odborník\, který údajně obdržel Nobelovu cenu\, je stažena z fotobanky a jméno je smyšlené. Fotka údajně spokojených zákazníků je také stažena z fotobanky. Česká obchodní inspekce tyto stránky považuje za rizikové.
dovsd.com,-,Jako provozovatel webu není uveden nikdo\, stránky jsou tedy zcela anonymní a spotřebitel neví\, s kým uzavírá kupní smlouvu a vůči komu může nárokovat svá práva. Před nákupem na těchto stránkách Česká obchodní inspekce varuje.
dreamchaserloveyourself.site,-,Jako provozovatel webu není uveden nikdo\, stránky jsou tedy zcela anonymní a spotřebitel neví\, s kým uzavírá kupní smlouvu a vůči komu může nárokovat svá práva. Před nákupem na těchto stránkách Česká obchodní inspekce varuje.
dresashop.com,-,Jako provozovatel webu není uveden nikdo\, stránky jsou tedy zcela anonymní a spotřebitel neví\, s kým uzavírá kupní smlouvu a vůči komu může nárokovat svá práva. Před nákupem na těchto stránkách Česká obchodní inspekce varuje.
drmartensczshops.cz,-,Jako provozovatel webu není uveden nikdo\, stránky jsou tedy zcela anonymní a spotřebitel neví\, s kým uzavírá kupní smlouvu a vůči komu může nárokovat svá práva. Před nákupem na těchto stránkách Česká obchodní inspekce varuje.
drschollscz.cz,-,Jako provozovatel webu není uveden nikdo\, stránky jsou tedy zcela anonymní a spotřebitel neví\, s kým uzavírá kupní smlouvu a vůči komu může nárokovat svá práva. Před nákupem na těchto stránkách Česká obchodní inspekce varuje.
dukex.live,-,Jako provozovatel webu není uveden nikdo\, stránky jsou tedy zcela anonymní a spotřebitel neví\, s kým uzavírá kupní smlouvu a vůči komu může nárokovat svá práva. Před zadáním osobních údajů na těchto stránkách Česká obchodní inspekce varuje.
dvdfunny.top,-,Jako provozovatel webu není uveden nikdo\, stránky jsou tedy zcela anonymní a spotřebitel neví\, s kým uzavírá kupní smlouvu a vůči komu může nárokovat svá práva. Před nákupem na těchto stránkách Česká obchodní inspekce varuje.
eccoeshopcz.cz,-,Opuštěnou doménu koupil neznámý subjekt. Název domény neodpovídá nabízenému zboží\, tím je především obuv. Jako provozovatel webu není uveden nikdo\, stránky jsou tedy zcela anonymní a spotřebitel neví\, s kým uzavírá kupní smlouvu a vůči komu může nárokovat svá práva. Před nákupem na těchto stránkách Česká obchodní inspekce varuje.
eccoobchod.cz,-,Jako provozovatel webu není uveden nikdo\, stránky jsou tedy zcela anonymní a spotřebitel neví\, s kým uzavírá kupní smlouvu a vůči komu může nárokovat svá práva. Před nákupem na těchto stránkách Česká obchodní inspekce varuje.
ecobydleni.cz,-,Opuštěnou doménu koupil neznámý subjekt. Název domény neodpovídá nabízenému zboží\, tím je především obuv. Jako provozovatel webu není uveden nikdo\, stránky jsou tedy zcela anonymní a spotřebitel neví\, s kým uzavírá kupní smlouvu a vůči komu může nárokovat svá práva. Před nákupem na těchto stránkách Česká obchodní inspekce varuje.
economistguide.com/Novotna-CZ/,-,Stránka na základě smyšleného příběhu má demonstrovat příběh zázračného zbohatnutí pomocí investice do kryptoměn. Prokliky na webu spotřebitele přesměrují na stránky\, které lákají poslat peníze do údajného systému\, který má na základě investicí do kryptoměny spotřebiteli výhradně vydělat. Webové stránky uvádějí lživé a zastaralé informace o investici do kryptoměny či na burzách\, aby to vypadalo\, že investice se jedině vyplatí. S ohledem na nedostatečné informace na webu nejen o provozovateli\, dále neinformování o právech pro spotřebitele\, Česká obchodní inspekce vyplnění formuláře a případné zaplacení zde považuje za rizikové.
edensport.cz,-,Jako provozovatel webu není uveden nikdo\, stránky jsou tedy zcela anonymní a spotřebitel neví\, s kým uzavírá kupní smlouvu a vůči komu může nárokovat svá práva. Před nákupem na těchto stránkách Česká obchodní inspekce varuje.
edhardy-cz.cz,-,Jako provozovatel webu není uveden nikdo\, stránky jsou tedy zcela anonymní a spotřebitel neví\, s kým uzavírá kupní smlouvu a vůči komu může nárokovat svá práva. Před nákupem na těchto stránkách Česká obchodní inspekce varuje.
egyptkosmetika.cz,-,Jako provozovatel webu není uveden nikdo\, stránky jsou tedy zcela anonymní a spotřebitel neví\, s kým uzavírá kupní smlouvu a vůči komu může nárokovat svá práva. Před nákupem na těchto stránkách Česká obchodní inspekce varuje.
eheed.monster,-,Jako provozovatel webu není uveden nikdo\, stránky jsou tedy zcela anonymní a spotřebitel neví\, s kým uzavírá kupní smlouvu a vůči komu může nárokovat svá práva. Před nákupem na těchto stránkách Česká obchodní inspekce varuje.
elamba.shop,-,Jako provozovatel webu není uveden nikdo\, stránky jsou tedy zcela anonymní a spotřebitel neví\, s kým uzavírá kupní smlouvu a vůči komu může nárokovat svá práva. Před nákupem na těchto stránkách Česká obchodní inspekce varuje.
elaniea.shop,-,Jako provozovatel webu není uveden nikdo\, stránky jsou tedy zcela anonymní a spotřebitel neví\, s kým uzavírá kupní smlouvu a vůči komu může nárokovat svá práva. Před nákupem na těchto stránkách Česká obchodní inspekce varuje.
elbowdg.online,-,Jako provozovatel webu není uveden nikdo\, stránky jsou tedy zcela anonymní a spotřebitel neví\, s kým uzavírá kupní smlouvu a vůči komu může nárokovat svá práva. Před nákupem na těchto stránkách Česká obchodní inspekce varuje.
electro-market.cz,-,Jako provozovatel webu není uveden nikdo\, stránky jsou tedy zcela anonymní a spotřebitel neví\, s kým uzavírá kupní smlouvu a vůči komu může nárokovat svá práva. Na webu jsou uvedeny fiktivní kontaktní údaje. Před nákupem na těchto stránkách Česká obchodní inspekce varuje.
eleganceshop.sk,https://www.soi.sk/files/documents/info-verejnost/internetove%20obchody/eleganceshop.sk.docx.pdf,-
elegantni.shop,-,Jako provozovatel webu není uveden nikdo\, stránky jsou tedy zcela anonymní a spotřebitel neví\, s kým uzavírá kupní smlouvu a vůči komu může nárokovat svá práva. Před nákupem na těchto stránkách Česká obchodní inspekce varuje.
elekroeldo.sk,https://www.soi.sk/files/documents/info-verejnost/internetove%20obchody/elektroeldo.sk.docx.pdf,-
elfshop.cz,-,Jako provozovatel webu není uveden nikdo\, stránky jsou tedy zcela anonymní a spotřebitel neví\, s kým uzavírá kupní smlouvu a vůči komu může nárokovat svá práva. Před nákupem na těchto stránkách Česká obchodní inspekce varuje.
eliskabartova.com,-,Jako provozovatel webu není uveden nikdo\, stránky jsou tedy zcela anonymní a spotřebitel neví\, s kým uzavírá kupní smlouvu a vůči komu může nárokovat svá práva. Před nákupem na těchto stránkách Česká obchodní inspekce varuje.
elyviane-praha.cz,-,Jako provozovatel webu není uveden nikdo\, stránky jsou tedy zcela anonymní a spotřebitel neví\, s kým uzavírá kupní smlouvu a vůči komu může nárokovat svá práva. Před nákupem na těchto stránkách Česká obchodní inspekce varuje.
emetaphysical.monster,-,Jako provozovatel webu není uveden nikdo\, stránky jsou tedy zcela anonymní a spotřebitel neví\, s kým uzavírá kupní smlouvu a vůči komu může nárokovat svá práva. Před nákupem na těchto stránkách Česká obchodní inspekce varuje.
emnot.cz,-,Jako provozovatel webu není uveden nikdo\, stránky jsou tedy zcela anonymní a spotřebitel neví\, s kým uzavírá kupní smlouvu a vůči komu může nárokovat svá práva. Před nákupem na těchto stránkách Česká obchodní inspekce varuje.
equiwarmpro.co,-,Jako provozovatel webu není uveden nikdo\, stránky jsou tedy zcela anonymní a spotřebitel neví\, s kým uzavírá kupní smlouvu a vůči komu může nárokovat svá práva. Před nákupem na těchto stránkách Česká obchodní inspekce varuje.
erendezvousm.lol,-,Jako provozovatel webu není uveden nikdo\, stránky jsou tedy zcela anonymní a spotřebitel neví\, s kým uzavírá kupní smlouvu a vůči komu může nárokovat svá práva. Před nákupem na těchto stránkách Česká obchodní inspekce varuje.
espadrilkytoms.cz,-,Jako provozovatel webu není uveden nikdo\, stránky jsou tedy zcela anonymní a spotřebitel neví\, s kým uzavírá kupní smlouvu a vůči komu může nárokovat svá práva. Před nákupem na těchto stránkách Česká obchodní inspekce varuje.
esprit-cz.cz,-,Jako provozovatel webu není uveden nikdo\, stránky jsou tedy zcela anonymní a spotřebitel neví\, s kým uzavírá kupní smlouvu a vůči komu může nárokovat svá práva. Před nákupem na těchto stránkách Česká obchodní inspekce varuje.
estersafranek.cz,-,Jako provozovatel webu není uveden nikdo\, stránky jsou tedy zcela anonymní a spotřebitel neví\, s kým uzavírá kupní smlouvu a vůči komu může nárokovat svá práva. Před nákupem na těchto stránkách Česká obchodní inspekce varuje.
ethikaboxerky.cz,-,Jako provozovatel webu není uveden nikdo\, stránky jsou tedy zcela anonymní a spotřebitel neví\, s kým uzavírá kupní smlouvu a vůči komu může nárokovat svá práva. Před nákupem na těchto stránkách Česká obchodní inspekce varuje.
eu.insidemarketdataevents.xyz,-,Varování před těmito stránkami obdržela Česká obchodní inspekce od společnosti Seznam.cz\, kdy se zobrazila reklama s automatickým přesměrováním na stránku\, která se tváří jako poskytovatel internetového připojení uživatele. Jde o podvodnou stránku\, před kterou ČOI i Seznam.cz varují.
eu.realnews.life,-,Stránky se prezentují jako jakýsi zdravotní portál\, avšak nejde o žádný oficiální portál skutečných zdravotníků. Obchodní podmínky jsou zcela nedostatečné. Na stránkách je pak nabízen pochybný výrobek proti bolesti páteře a kloubů. Stránky jsou úplně stejné\, jako jiný obdobný zdravotní portál\, který podobným způsobem nabízí přípravek proti vysokému krevnímu tlaku i na hubnutí. Česká obchodní inspekce nákup zde považuje za rizikový.
eur.shein.com,-,Jako provozovatel webu není uveden nikdo\, stránky jsou tedy zcela anonymní a spotřebitel neví\, s kým uzavírá kupní smlouvu a vůči komu může nárokovat svá práva. Před nákupem na těchto stránkách Česká obchodní inspekce varuje.
euroboxy.cz/akce/,-,Jako provozovatel webu není uveden nikdo\, stránky jsou tedy zcela anonymní a spotřebitel neví\, s kým uzavírá kupní smlouvu a vůči komu může nárokovat svá práva. Před nákupem na těchto stránkách Česká obchodní inspekce varuje.
europebitcoinlab.com,-,Stránka se otevře teprve po rozkliknutí spamu\, který se šíří e-mailem. Stránka zneužívá jméno známého moderátora Leoše Mareše (https://www.coi.gov.cz/europebitcoinlab/). Článek na stránce hovoří o tom\, že Leoš Mareš se objevil v pořadu „Interview ČT24“\, který uváděl Daniel Takáč\, a oznámil novou „mezeru v zákonech pro bohatství“\, o které je prokázané\, že z kohokoliv udělá za 3 až 4 měsíce milionáře. Stránka pak láká spotřebitele zadat údaje na anonymním webu primechnnls.com a investovat do zázračného zbohatnutí v kryptoměnách. Před těmito stránkami ČOI varuje\, web je anonymní a údajně zaručené zbohatnutí se opírá o zkreslená fakta.
eusales.shop/products/therapeutic-device,-,Jako provozovatel webu není uveden nikdo\, stránky jsou tedy zcela anonymní a spotřebitel neví\, s kým uzavírá kupní smlouvu a vůči komu může nárokovat svá práva. Před nákupem na těchto stránkách Česká obchodní inspekce varuje.
evasiveinfo.com,-,Stránka láká spotřebitele k zázračnému zbohatnutí na kryptoměnách. Webové stránky uvádějí lživé a zastaralé informace o investici do kryptoměny či na burzách\, aby to vypadalo\, že investice se jedině vyplatí. S ohledem na nedostatečné informace na webu nejen o provozovateli\, dále neinformování o právech pro spotřebitele\, Česká obchodní inspekce vyplnění formuláře a případné zaplacení zde považuje za rizikové.
evehaojk.com,-,Jako provozovatel webu není uveden nikdo\, stránky jsou tedy zcela anonymní a spotřebitel neví\, s kým uzavírá kupní smlouvu a vůči komu může nárokovat svá práva. Před nákupem na těchto stránkách Česká obchodní inspekce varuje.
eveltas.cz,-,Jako provozovatel webu není uveden nikdo\, stránky jsou tedy zcela anonymní a spotřebitel neví\, s kým uzavírá kupní smlouvu a vůči komu může nárokovat svá práva. Před nákupem na těchto stránkách Česká obchodní inspekce varuje.
everlastcz.com,-,Jako provozovatel webu není uveden nikdo\, stránky jsou tedy zcela anonymní a spotřebitel neví\, s kým uzavírá kupní smlouvu a vůči komu může nárokovat svá práva. Před nákupem na těchto stránkách Česká obchodní inspekce varuje.
ewoman.cz,-,Jako provozovatel webu není uveden nikdo\, stránky jsou tedy zcela anonymní a spotřebitel neví\, vůči komu může nárokovat svá práva. Česká obchodní inspekce varuje.
excolov.com,-,Jako provozovatel webu není uveden nikdo\, stránky jsou tedy zcela anonymní a spotřebitel neví\, s kým uzavírá kupní smlouvu a vůči komu může nárokovat svá práva. Před nákupem na těchto stránkách Česká obchodní inspekce varuje.
fableticsvyprodej.cz,-,Jako provozovatel webu není uveden nikdo\, stránky jsou tedy zcela anonymní a spotřebitel neví\, s kým uzavírá kupní smlouvu a vůči komu může nárokovat svá práva. Před nákupem na těchto stránkách Česká obchodní inspekce varuje.
fanancod.com,-,Jako provozovatel webu není uveden nikdo\, stránky jsou tedy zcela anonymní a spotřebitel neví\, s kým uzavírá kupní smlouvu a vůči komu může nárokovat svá práva. Před nákupem na těchto stránkách Česká obchodní inspekce varuje.
fashicolors.com,-,Jako provozovatel webu není uveden nikdo\, stránky jsou tedy zcela anonymní a spotřebitel neví\, s kým uzavírá kupní smlouvu a vůči komu může nárokovat svá práva. Před nákupem na těchto stránkách Česká obchodní inspekce varuje.
fashion-mode.cz,-,Nákupní galerie (zprostředkování ze zahraničí): Podle informací uvedených na internetových stránkách nejde o klasický e-shop\, ale o „nákupní galerii“\, jejímž prostřednictvím údajně zboží nabízejí externí zahraniční subjekty. Má se jednat zřejmě o společnosti se sídlem v Číně nebo v jiných asijských zemích\, u nichž je pro spotřebitele obtížné ověřit jejich existenci a důvěryhodnost. ČOI registruje stížnosti na dodání zboží s velkou časovou prodlevou\, případně nedodání zboží vůbec. Je-li dostupnost označena např. výrazem „skladem ihned k odeslání“\, může to v praxi znamenat\, že zboží se nachází v Číně a bude doručeno až za několik týdnů či měsíců. Řešení reklamací a/nebo vracení zboží může být pro spotřebitele obtížné. Případný nákup na těchto internetových stránkách doporučujeme důkladně uvážit a před jeho provedením velmi podrobně zkontrolovat dodací lhůty\, obchodní podmínky a identitu a důvěryhodnost externího prodávajícího.
fashion4vip.net,-,Jako provozovatel webu není uveden nikdo\, stránky jsou tedy zcela anonymní a spotřebitel neví\, s kým uzavírá kupní smlouvu a vůči komu může nárokovat svá práva. Před nákupem na těchto stránkách Česká obchodní inspekce varuje.
fashionfashion.cz,-,Podle informací uvedených na internetových stránkách nejde o klasický e-shop\, ale o „nákupní galerii“\, jejímž prostřednictvím údajně zboží nabízejí externí zahraniční subjekty. Má se jednat zřejmě o společnosti se sídlem v Číně nebo v jiných asijských zemích\, u nichž je pro spotřebitele obtížné ověřit jejich existenci a důvěryhodnost. ČOI registruje stížnosti na dodání zboží s velkou časovou prodlevou\, případně nedodání zboží vůbec. Je-li dostupnost označena např. výrazem „skladem ihned k odeslání“\, může to v praxi znamenat\, že zboží se nachází v Číně a bude doručeno až za několik týdnů či měsíců. Řešení reklamací a/nebo vracení zboží může být pro spotřebitele obtížné. Případný nákup na těchto internetových stránkách doporučujeme důkladně uvážit a před jeho provedením velmi podrobně zkontrolovat dodací lhůty\, obchodní podmínky a identitu a důvěryhodnost externího prodávajícího.
fashionline.com,https://www.soi.sk/files/documents/info-verejnost/internetove%20obchody/fashionline.pdf,-
fashy.sk,https://www.soi.sk/files/documents/info-verejnost/internetove%20obchody/fashy.sk.docx.pdf,-
fastphrases.cz,-,Stránky nabízejí neznámý výrobek k tomu\, aby se spotřebitel naučil za 30 dní cizí řeč. Výrobek je zcela neznámý. Ze stránek není nikde zřejmé\, kdo je provozovatelem\, tedy s kým spotřebitel uzavírá smlouvu a vůči komu může nárokovat svá práva. Před opuštěním stránky se místo uzavření prohlížeče objeví další nabídka a spotřebitel je přesvědčován k nákupu opakovaně. Česká obchodní inspekce před těmito stránkami spotřebitele varuje.
fccanheng.com,-,Jako provozovatel webu není uveden nikdo\, stránky jsou tedy zcela anonymní a spotřebitel neví\, s kým uzavírá kupní smlouvu a vůči komu může nárokovat svá práva. Před nákupem na těchto stránkách Česká obchodní inspekce varuje.
felyapis.info/cz/cz-giper-medinform-cardionrj,-,Stránky odkazují na neexistující rozhovor s údajným lékařem\, tím má být neurochirurg Michal Koláček. Tento domnělý věděc však nemá žádný záznam na univerzitě\, ani v jiné seriozní instituci. Fotka je stažena z fotobanky\, jde o smyšleného odborníka. Před nákupem je spotřebitel ještě nucen zahrát si o slevu v rámci virtuálního kola\, vylosuje si vždy slevu 50%. Jako provozovatel webu není uveden nikdo\, stránky jsou tedy zcela anonymní a spotřebitel neví\, s kým uzavírá kupní smlouvu a vůči komu může nárokovat svá práva. Před nákupem na těchto stránkách Česká obchodní inspekce varuje.
filacz.cz,-,Jako provozovatel webu není uveden nikdo\, stránky jsou tedy zcela anonymní a spotřebitel neví\, s kým uzavírá kupní smlouvu a vůči komu může nárokovat svá práva. Před nákupem na těchto stránkách Česká obchodní inspekce varuje.
finlando.sk,https://www.soi.sk/files/documents/info-verejnost/internetove%20obchody/finlando.sk.docx.pdf,Podle informací uvedených na internetových stránkách nejde o klasický e-shop\, ale o „nákupní galerii“\, jejímž prostřednictvím údajně zboží nabízejí externí zahraniční subjekty. ČOI registruje stížnosti na dodání zboží s velkou časovou prodlevou\, případně nedodání zboží vůbec. Případný nákup na těchto internetových stránkách Česká obchodní inspekce doporučuje důkladně uvážit a před jeho provedením velmi podrobně zkontrolovat dodací lhůty\, obchodní podmínky a identitu a důvěryhodnost externího prodávajícího.
fischerair.eu,-,Jako provozovatel webu není uveden nikdo\, stránky jsou tedy zcela anonymní a spotřebitel neví\, s kým uzavírá kupní smlouvu a vůči komu může nárokovat svá práva. Před nákupem na těchto stránkách Česká obchodní inspekce varuje.
fixwalks.com,-,Současná podoba obchodních podmínek hrubě odporuje právním předpisům. Uvedené identifikační údaje nesouhlasí a patří jiné společnosti. Před nákupem na těchto stránkách Česká obchodní inspekce varuje.
flaro.cz,-,Podle informací uvedených na internetových stránkách nejde o klasický e-shop\, ale o „nákupní galerii“\, jejímž prostřednictvím údajně zboží nabízejí externí zahraniční subjekty. Má se jednat zřejmě o společnosti se sídlem v Číně nebo v jiných asijských zemích\, u nichž je pro spotřebitele obtížné ověřit jejich existenci a důvěryhodnost. ČOI registruje stížnosti na dodání zboží s velkou časovou prodlevou\, případně nedodání zboží vůbec. Je-li dostupnost označena např. výrazem „skladem ihned k odeslání“\, může to v praxi znamenat\, že zboží se nachází v Číně a bude doručeno až za několik týdnů či měsíců. Řešení reklamací a/nebo vracení zboží může být pro spotřebitele obtížné. Případný nákup na těchto internetových stránkách doporučujeme důkladně uvážit a před jeho provedením velmi podrobně zkontrolovat dodací lhůty\, obchodní podmínky a identitu a důvěryhodnost externího prodávajícího.
flexaplus-24.com/cz,-,Jako provozovatel webu není uveden nikdo\, stránky jsou tedy zcela anonymní a spotřebitel neví\, s kým uzavírá kupní smlouvu a vůči komu může nárokovat svá práva. Před nákupem na těchto stránkách varuje Česká obchodní inspekce i Státní ústav pro kontrolu léčiv.
flioer.com,-,Jako provozovatel webu není uveden nikdo\, stránky jsou tedy zcela anonymní a spotřebitel neví\, s kým uzavírá kupní smlouvu a vůči komu může nárokovat svá práva. Před nákupem na těchto stránkách Česká obchodní inspekce varuje.
flipitreality.cz,-,Podle spotřebitelských informací po objednání a zaplacení za čas nedorazí objednaná značková obuv\, dodáno je zboží výrazně nižší kvality (obyčejné boty do vody za pár korun). Na stránkách nejsou uvedeny žádné identifikační údaje prodávajícího\, chybí obchodní podmínky\, na umožnění vrácení zboží a reklamace nikdo nereaguje. Z výše uvedených důvodů hodnotí ČOI web jako rizikový.
floridic.com,-,Jako provozovatel webu není uveden nikdo\, stránky jsou tedy zcela anonymní a spotřebitel neví\, s kým uzavírá kupní smlouvu a vůči komu může nárokovat svá práva. Před nákupem na těchto stránkách Česká obchodní inspekce varuje.
floryday.com,-,Jako provozovatel webu není uveden nikdo\, stránky jsou tedy zcela anonymní a spotřebitel neví\, s kým uzavírá kupní smlouvu a vůči komu může nárokovat svá práva. Před nákupem na těchto stránkách Česká obchodní inspekce varuje.
flylondonboty.cz,-,Jako provozovatel webu není uveden nikdo\, stránky jsou tedy zcela anonymní a spotřebitel neví\, s kým uzavírá kupní smlouvu a vůči komu může nárokovat svá práva. Před nákupem na těchto stránkách Česká obchodní inspekce varuje.
foggie.nl,-,Jako provozovatel webu není uveden nikdo\, stránky jsou tedy zcela anonymní a spotřebitel neví\, s kým uzavírá kupní smlouvu a vůči komu může nárokovat svá práva. Před nákupem na těchto stránkách Česká obchodní inspekce varuje.
followboost.cz,-,Jako provozovatel webu není uveden nikdo\, stránky jsou tedy zcela anonymní a spotřebitel neví\, s kým uzavírá kupní smlouvu a vůči komu může nárokovat svá práva. Před nákupem na těchto stránkách Česká obchodní inspekce varuje.
form-ulaheart.com,-,Stránky se prezentují jako jakýsi zdravotní portál\, avšak nejde o žádný oficiální portál skutečných zdravotníků (https://www.coi.gov.cz/form-ulaheart/). Obchodní podmínky jsou zcela nedostatečné. Na stránkách je pak nabízen pochybný výrobek proti bolesti páteře a kloubů. Stránky jsou úplně stejné\, jako jiný obdobný zdravotní portál\, který podobným způsobem nabízí přípravek proti vysokému krevnímu tlaku i na hubnutí. Česká obchodní inspekce nákup zde považuje za rizikový.
fortmediatech.com/cz-Post,-,Stránky vypadají jako oficiální portál České pošty (obr.: https://www.coi.gov.cz/cpost2/) a přichází do mailu ve spamu tato zpráva (https://www.coi.gov.cz/cpost/). Celé stránky klamou spotřebitele tím\, že vypadají jako oficiální portál České pošty a čekají na zadání údajů o platební kartě. ČOI informovala Českou poštu a varuje spotřebitele před tímto rizikovým webem.
fotbaldresdarek.com,-,Jako provozovatel webu není uveden nikdo\, stránky jsou tedy zcela anonymní a spotřebitel neví\, s kým uzavírá kupní smlouvu a vůči komu může nárokovat svá práva. Před nákupem na těchto stránkách Česká obchodní inspekce varuje.
fotbalovedresycz.com,-,Jako provozovatel webu není uveden nikdo\, stránky jsou tedy zcela anonymní a spotřebitel neví\, s kým uzavírá kupní smlouvu a vůči komu může nárokovat svá práva. Před nákupem na těchto stránkách varuje Česká obchodní inspekce i Státní ústav prokontrolu léčiv.
fotbalovemall.com,-,Jako provozovatel webu není uveden nikdo\, stránky jsou tedy zcela anonymní a spotřebitel neví\, s kým uzavírá kupní smlouvu a vůči komu může nárokovat svá práva. Před nákupem na těchto stránkách varuje Česká obchodní inspekce i Státní ústav prokontrolu léčiv.
fotbalshop.com,-,Jako provozovatel webu není uveden nikdo\, stránky jsou tedy zcela anonymní a spotřebitel neví\, s kým uzavírá kupní smlouvu a vůči komu může nárokovat svá práva. Před nákupem na těchto stránkách Česká obchodní inspekce varuje.
fotosperky.com,-,Jako provozovatel webu není uveden nikdo\, stránky jsou tedy zcela anonymní a spotřebitel neví\, s kým uzavírá kupní smlouvu a vůči komu může nárokovat svá práva. Před nákupem na těchto stránkách Česká obchodní inspekce varuje.
fredie.cz,-,Podle informací uvedených na internetových stránkách nejde o klasický e-shop\, ale o „nákupní galerii“\, jejímž prostřednictvím údajně zboží nabízejí externí zahraniční subjekty. Má se jednat zřejmě o společnosti se sídlem v Číně nebo v jiných asijských zemích\, u nichž je pro spotřebitele obtížné ověřit jejich existenci a důvěryhodnost. ČOI registruje stížnosti na dodání zboží s velkou časovou prodlevou\, případně nedodání zboží vůbec. Je-li dostupnost označena např. výrazem „skladem ihned k odeslání“\, může to v praxi znamenat\, že zboží se nachází v Číně a bude doručeno až za několik týdnů či měsíců. Řešení reklamací a/nebo vracení zboží může být pro spotřebitele obtížné. Případný nákup na těchto internetových stránkách doporučujeme důkladně uvážit a před jeho provedením velmi podrobně zkontrolovat dodací lhůty\, obchodní podmínky a identitu a důvěryhodnost externího prodávajícího.
freelato.shop,-,Jako provozovatel webu není uveden nikdo\, stránky jsou tedy zcela anonymní a spotřebitel neví\, s kým uzavírá kupní smlouvu a vůči komu může nárokovat svá práva. Před nákupem na těchto stránkách Česká obchodní inspekce varuje.
freshcantine.cz,-,Opuštěnou doménu koupil neznámý subjekt. Na stránkách je nabízena obuv. Jako provozovatel webu není uveden nikdo\, stránky jsou tedy zcela anonymní a spotřebitel neví\, s kým uzavírá kupní smlouvu a vůči komu může nárokovat svá práva. Před nákupem na těchto stránkách Česká obchodní inspekce varuje.
fundaja.shop,-,Jako provozovatel webu není uveden nikdo\, stránky jsou tedy zcela anonymní a spotřebitel neví\, s kým uzavírá kupní smlouvu a vůči komu může nárokovat svá práva. Před nákupem na těchto stránkách Česká obchodní inspekce varuje.
fungalor.com,-,Státní ústav pro kontrolu léčiv varuje před nákupem produktů z těchto webových stránek. Na stránkách je nabízen nelegálně například Fungalor\, viz: http://www.sukl.cz/leciva/webove-stranky-s-nelegalnimi-nabidkami-leciv a Česká obchodní inspekce na základě informací Státního ústavu pro kontrolu léčiv před těmito stránkami varuje.
funko-pop.cz,-,Jako provozovatel webu není uveden nikdo\, stránky jsou tedy zcela anonymní a spotřebitel neví\, s kým uzavírá kupní smlouvu a vůči komu může nárokovat svá práva. Před nákupem na těchto stránkách Česká obchodní inspekce varuje.
fuyas.shop,-,Jako provozovatel webu není uveden nikdo\, stránky jsou tedy zcela anonymní a spotřebitel neví\, s kým uzavírá kupní smlouvu a vůči komu může nárokovat svá práva. Před nákupem na těchto stránkách Česká obchodní inspekce varuje.
gamey.cz,-,Jako provozovatel webu není uveden nikdo\, stránky jsou tedy zcela anonymní a spotřebitel neví\, s kým uzavírá kupní smlouvu a vůči komu může nárokovat svá práva. Před nákupem na těchto stránkách Česká obchodní inspekce varuje.
gamsgo.com,-,Jako provozovatel webu není uveden nikdo\, stránky jsou tedy zcela anonymní a spotřebitel neví\, s kým uzavírá kupní smlouvu a vůči komu může nárokovat svá práva. Před nákupem na těchto stránkách Česká obchodní inspekce varuje.
garni.online,-,Jako provozovatel webu není uveden nikdo\, stránky jsou tedy zcela anonymní a spotřebitel neví\, s kým uzavírá kupní smlouvu a vůči komu může nárokovat svá práva. Před nákupem na těchto stránkách Česká obchodní inspekce varuje.
gbrjah.store,-,Jako provozovatel webu není uveden nikdo\, stránky jsou tedy zcela anonymní a spotřebitel neví\, s kým uzavírá kupní smlouvu a vůči komu může nárokovat svá práva. Před nákupem na těchto stránkách Česká obchodní inspekce varuje.
geco-store-cz.com,-,Jako provozovatel webu není uveden nikdo\, stránky jsou tedy zcela anonymní a spotřebitel neví\, s kým uzavírá kupní smlouvu a vůči komu může nárokovat svá práva. Před nákupem na těchto stránkách Česká obchodní inspekce varuje.
geko-store.com,-,Jako provozovatel webu není uveden nikdo\, stránky jsou tedy zcela anonymní a spotřebitel neví\, s kým uzavírá kupní smlouvu a vůči komu může nárokovat svá práva. Před nákupem na těchto stránkách Česká obchodní inspekce varuje.
gemgolden.com,-,Jako provozovatel webu není uveden nikdo\, stránky jsou tedy zcela anonymní a spotřebitel neví\, s kým uzavírá kupní smlouvu a vůči komu může nárokovat svá práva. Před nákupem na těchto stránkách Česká obchodní inspekce varuje.
genialstuff.cz,-,Jako provozovatel webu není uveden nikdo\, stránky jsou tedy zcela anonymní a spotřebitel neví\, s kým uzavírá kupní smlouvu a vůči komu může nárokovat svá práva. Před nákupem na těchto stránkách Česká obchodní inspekce varuje.
geox-czeshop.cz,-,Jako provozovatel webu není uveden nikdo\, stránky jsou tedy zcela anonymní a spotřebitel neví\, s kým uzavírá kupní smlouvu a vůči komu může nárokovat svá práva. Před nákupem na těchto stránkách Česká obchodní inspekce varuje.
geoxczeshop.cz,-,Jako provozovatel webu není uveden nikdo\, stránky jsou tedy zcela anonymní a spotřebitel neví\, s kým uzavírá kupní smlouvu a vůči komu může nárokovat svá práva. Před nákupem na těchto stránkách Česká obchodní inspekce varuje.
getfityourbody.com/420/levasanmaz-med-m/gps/,-,Stránky se prezentují jako oficiální lékařský portál\, avšak nejde o žádný oficiální portál skutečných lékařů. Obchodní podmínky jsou zcela nedostatečné. Na stránkách je pak nabízen pochybný výrobek na klouby.  Fotka uvedená na stránkách\, kde je zveřejněn údajný odborník\, který údajně obdržel Nobelovu cenu\, tedy prof. Radovan Rucký\, je stažena z fotobanky. Dále je nutno dodat\, že údajný prof. Radovan Rucký nemá záznam v žádné seriózní instituci: na univerzitě\, v nemocnici\, ve specializovaném ústavu\, ani nedostal Nobelovu cenu. Fotka údajně spokojených zákazníků je také stažena z fotobanky. Česká obchodní inspekce nákup zde považuje za rizikový.
getshift.shop,-,Jako provozovatel webu není uveden nikdo\, stránky jsou tedy zcela anonymní a spotřebitel neví\, s kým uzavírá kupní smlouvu a vůči komu může nárokovat svá práva. Před nákupem na těchto stránkách Česká obchodní inspekce varuje.
giftday.cz,-,Jako provozovatel webu není uveden nikdo\, stránky jsou tedy zcela anonymní a spotřebitel neví\, s kým uzavírá kupní smlouvu a vůči komu může nárokovat svá práva. Před nákupem na těchto stránkách Česká obchodní inspekce varuje.
gigastore.sk,https://www.soi.sk/files/documents/info-verejnost/internetove%20obchody/gigastore.sk.docx.pdf,-
girohelma.cz,-,Jako provozovatel webu není uveden nikdo\, stránky jsou tedy zcela anonymní a spotřebitel neví\, s kým uzavírá kupní smlouvu a vůči komu může nárokovat svá práva. Před nákupem na těchto stránkách Česká obchodní inspekce varuje.
glammering.cz,-,Jako provozovatel webu není uveden nikdo\, stránky jsou tedy zcela anonymní a spotřebitel neví\, s kým uzavírá kupní smlouvu a vůči komu může nárokovat svá práva. Před nákupem na těchto stránkách Česká obchodní inspekce varuje.
global-package-delivery.com,-,Stránky na první pohled vypadají neškodně\, ve skutečnosti po kliknutí na reklamu se zobrazí verze stránek\, které vypadají jako oficiální stránky operátora O2 a sdělují návštěvníkovi\, že vyhrál cenu a má zadat na sebe telefon a další údaje. Jako provozovatel je uvedena společnost O2\, která nemá se stránkami nic společného. České obchodní inspekce před zadáváním údajů na těchto stránkách varuje.
globalpromotiontool.com/420/remibloston-med-m/gps/,-,Stránky se prezentují jako Český zdravotní portál\, avšak nejde o žádný oficiální portál skutečných zdravotníků. Obchodní podmínky jsou zcela nedostatečné. Na stránkách je pak nabízen pochybný výrobek proti infarktu. Stránky jsou úplně stejné\, jako jiný obdobný zdravotní portál\, který podobným způsobem nabízí přípravek na klouby i na hubnutí. Fotka údajně spokojených zákazníků je stažena z fotobanky. Česká obchodní inspekce nákup zde považuje za rizikový.
gmenace.monster,-,Jako provozovatel webu není uveden nikdo\, stránky jsou tedy zcela anonymní a spotřebitel neví\, s kým uzavírá kupní smlouvu a vůči komu může nárokovat svá práva. Před nákupem na těchto stránkách Česká obchodní inspekce varuje.
gmtpcy.com/ke-svym-109-narozeninam-czech/,-,Stránka nabízí údajný přípravek na spokojený a dlouhý život až do 120 let.  Na webu je pak nabízen přípravek\, který propaguje MUDr. Jan Valšovský. Tento údajný lékař nemá žádný záznam na univerzitě\, ani v jiné seriózní instituci. Fotka je stažena z fotobanky\, jde o smyšleného odborníka. Na stánkách je pak formulář pro objednání produktu. Jako provozovatel webu není uveden nikdo\, stránky jsou tedy zcela anonymní a spotřebitel neví\, s kým uzavírá kupní smlouvu a vůči komu může nárokovat svá práva. Před nákupem na těchto stránkách varuje Česká obchodní inspekce. Viz: https://www.coi.gov.cz/gmtpcy/
goddeal.cz,-,Spotřebitel si stěžoval na odstoupení od kupní smlouvy v hodnotě 8450 Kč\, nikdo zásilku nepřevzal\, odstoupení neakceptoval. Česká obchodní inspekce informovala příslušný živnostenský odbor a před nákupem na těchto stránkách varuje.
goldberghbunda.cz,-,Jako provozovatel webu není uveden nikdo\, stránky jsou tedy zcela anonymní a spotřebitel neví\, s kým uzavírá kupní smlouvu a vůči komu může nárokovat svá práva. Před nákupem na těchto stránkách Česká obchodní inspekce varuje.
goldendood.shop,-,Na stránky odkazuje reklama na Facebooku\, která zneužívá jméno známého českého lékaře Jana Pirka\, který se od tohoto webu distancuje. Stránky jsou anonymní a nabízejí pod smyšleným převratným vynálezem českého lékaře neznámý přípravek\, viz https://www.coi.gov.cz/fb-pirk/
grafis-studio.cz,-,Jako provozovatel webu není uveden nikdo\, stránky jsou tedy zcela anonymní a spotřebitel neví\, s kým uzavírá kupní smlouvu a vůči komu může nárokovat svá práva. Před nákupem na těchto stránkách Česká obchodní inspekce varuje.
grammebr.shop,-,Jako provozovatel webu není uveden nikdo\, stránky jsou tedy zcela anonymní a spotřebitel neví\, s kým uzavírá kupní smlouvu a vůči komu může nárokovat svá práva. Před nákupem na těchto stránkách Česká obchodní inspekce varuje.
greecove.com,-,Jako provozovatel webu není uveden nikdo\, stránky jsou tedy zcela anonymní a spotřebitel neví\, s kým uzavírá kupní smlouvu a vůči komu může nárokovat svá práva. Před nákupem na těchto stránkách Česká obchodní inspekce varuje.
greekoyo.com,-,Jako provozovatel webu není uveden nikdo\, stránky jsou tedy zcela anonymní a spotřebitel neví\, s kým uzavírá kupní smlouvu a vůči komu může nárokovat svá práva. Před nákupem na těchto stránkách Česká obchodní inspekce varuje.
greenbiliard.sk,-,Jako provozovatel webu není uveden nikdo\, stránky jsou tedy zcela anonymní a spotřebitel neví\, s kým uzavírá kupní smlouvu a vůči komu může nárokovat svá práva. Před nákupem na těchto stránkách Česká obchodní inspekce varuje.
groershop.com,-,Jako provozovatel webu není uveden nikdo\, stránky jsou tedy zcela anonymní a spotřebitel neví\, s kým uzavírá kupní smlouvu a vůči komu může nárokovat svá práva. Před nákupem na těchto stránkách Česká obchodní inspekce varuje.
groundies-boty.cz,-,Jako provozovatel webu není uveden nikdo\, stránky jsou tedy zcela anonymní a spotřebitel neví\, s kým uzavírá kupní smlouvu a vůči komu může nárokovat svá práva. Před nákupem na těchto stránkách Česká obchodní inspekce varuje.
groundiescz.com,-,Jako provozovatel webu není uveden nikdo\, stránky jsou tedy zcela anonymní a spotřebitel neví\, s kým uzavírá kupní smlouvu a vůči komu může nárokovat svá práva. Před nákupem na těchto stránkách Česká obchodní inspekce varuje.
grtwji.store,-,Jako provozovatel webu není uveden nikdo\, stránky jsou tedy zcela anonymní a spotřebitel neví\, s kým uzavírá kupní smlouvu a vůči komu může nárokovat svá práva. Před nákupem na těchto stránkách Česká obchodní inspekce varuje.
guardys.cz,-,Jako provozovatel webu není uveden nikdo\, stránky jsou tedy zcela anonymní a spotřebitel neví\, s kým uzavírá kupní smlouvu a vůči komu může nárokovat svá práva. Před nákupem na těchto stránkách Česká obchodní inspekce varuje.
guccieshop.cz,-,Jako provozovatel webu není uveden nikdo\, stránky jsou tedy zcela anonymní a spotřebitel neví\, s kým uzavírá kupní smlouvu a vůči komu může nárokovat svá práva. Vyžadována je platba předem kartou\, peníze odcházejí v čínských juanech. Před nákupem na těchto stránkách Česká obchodní inspekce varuje.
guccisk.sk,-,Na webu je nabízeno oblečení a obuv. Ze stránek není nikde zřejmé\, kdo je provozovatelem\, tedy s kým spotřebitel uzavírá smlouvu a vůči komu může nárokovat svá práva. Česká obchodní inspekce před těmito stránkami spotřebitele varuje.
guessczonline.com,-,Jako provozovatel webu není uveden nikdo\, stránky jsou tedy zcela anonymní a spotřebitel neví\, s kým uzavírá kupní smlouvu a vůči komu může nárokovat svá práva. Před nákupem na těchto stránkách Česká obchodní inspekce varuje.
guilaiyoushe.com,-,Stránka se otevře správně jen těm\, kteří přijdou z reklamy na Facebooku (https://www.coi.gov.cz/shduolian-fb/) a následně se zobrazí lživý obsah o tom\, že Ivo Lukačovič investuje 100 milionů Kč do zahraniční firmy (https://www.coi.gov.cz/guilaiyoushe/). Tato zpráva se nezakládá na pravdě. Na stránce jsou pak údaje o tom\, komu a kam poslat peníze\, respektive částku v kryptoměně Bitcoin\, aby člověk také rychle zbohatl. Uvedená stránka navíc zneužívá loga českých televizních společností\, aby vypadala důvěryhodněji. Česká obchodní inspekce před těmito stránkami varuje\, provozovatel je neznámý.
gymsharkcz.cz,-,Jako provozovatel webu není uveden nikdo\, stránky jsou tedy zcela anonymní a spotřebitel neví\, s kým uzavírá kupní smlouvu a vůči komu může nárokovat svá práva. Před nákupem na těchto stránkách Česká obchodní inspekce varuje.
gymsharkshop.cz,-,Jako provozovatel webu není uveden nikdo\, stránky jsou tedy zcela anonymní a spotřebitel neví\, s kým uzavírá kupní smlouvu a vůči komu může nárokovat svá práva. Před nákupem na těchto stránkách Česká obchodní inspekce varuje.
halfht.shop,-,Jako provozovatel webu není uveden nikdo\, stránky jsou tedy zcela anonymní a spotřebitel neví\, s kým uzavírá kupní smlouvu a vůči komu může nárokovat svá práva. Před nákupem na těchto stránkách Česká obchodní inspekce varuje.
happyshop-cz.com,-,Internetový obchod je provozován subjektem se sídlem mimo členské státy Evropské unie\, ačkoliv internetový obchod může u spotřebitelů vzbuzovat dojem\, že je provozován subjektem se sídlem v České republice nebo Evropské unii\, např. e-shop v českém jazyce je provozován subjektem se sídlem v Číně. Spotřebitelé nemohou uplatňovat svá práva\, nebo je tato možnost významně ztížena.
health-blog.me,-,Stránky se prezentují jako zpravodajský portál\, který popisuje údajný zázračný trik na hubnutí. Na stránkách je pak nabízen neznámý výrobek na hubnutí. Jako provozovatel webu není uveden nikdo\, stránky jsou tedy zcela anonymní a spotřebitel neví\, s kým uzavírá kupní smlouvu a vůči komu může nárokovat svá práva. Před nákupem na těchto stránkách varuje Česká obchodní inspekce. Viz: https://www.coi.gov.cz/health-blog/
heiduk.cz,-,Jako provozovatel webu není uveden nikdo\, stránky jsou tedy zcela anonymní a spotřebitel neví\, s kým uzavírá kupní smlouvu a vůči komu může nárokovat svá práva. Před nákupem na těchto stránkách Česká obchodní inspekce varuje.
hello-deals.com,-,Jako provozovatel webu není uveden nikdo\, stránky jsou tedy zcela anonymní a spotřebitel neví\, s kým uzavírá kupní smlouvu a vůči komu může nárokovat svá práva. Před nákupem na těchto stránkách Česká obchodní inspekce varuje.
hellyhansenbundy.cz,-,Jako provozovatel webu není uveden nikdo\, stránky jsou tedy zcela anonymní a spotřebitel neví\, s kým uzavírá kupní smlouvu a vůči komu může nárokovat svá práva. Před nákupem na těchto stránkách Česká obchodní inspekce varuje.
hellyhansencz.cz,-,Jako provozovatel webu není uveden nikdo\, stránky jsou tedy zcela anonymní a spotřebitel neví\, s kým uzavírá kupní smlouvu a vůči komu může nárokovat svá práva. Před nákupem na těchto stránkách Česká obchodní inspekce varuje.
hellyhanseneshop.cz,-,Jako provozovatel webu není uveden nikdo\, stránky jsou tedy zcela anonymní a spotřebitel neví\, s kým uzavírá kupní smlouvu a vůči komu může nárokovat svá práva. Před nákupem na těchto stránkách Česká obchodní inspekce varuje.
herzgebirge.cz,-,Jako provozovatel webu není uveden nikdo\, stránky jsou tedy zcela anonymní a spotřebitel neví\, s kým uzavírá kupní smlouvu a vůči komu může nárokovat svá práva. Před nákupem na těchto stránkách Česká obchodní inspekce varuje.
heygamersnort.at/index/cz/,-,Stránky nabízejí rychlé zbohatnutí. Jako provozovatel webu není uveden nikdo\, stránky neobsahují dostatečné obchodní podmínky\, současná podoba webu hrubě odporuje právním předpisům. Před registrací na těchto stránkách Česká obchodní inspekce varuje.
hgje.store/m3ntsjnh2o00,-,Jako provozovatel webu není uveden nikdo\, stránky jsou tedy zcela anonymní a spotřebitel neví\, s kým uzavírá kupní smlouvu a vůči komu může nárokovat svá práva. Před nákupem na těchto stránkách Česká obchodní inspekce varuje.
hiffhstore.com,-,Ze stránek není zřejmé\, kdo je provozovatelem\, tedy s kým spotřebitel uzavírá smlouvu a vůči komu může nárokovat svá práva. Obchodní podmínky chybí. Před nákupem na těchto stránkách Česká obchodní inspekce varuje.
hitecczeshop.cz,-,Jako provozovatel webu není uveden nikdo\, stránky jsou tedy zcela anonymní a spotřebitel neví\, s kým uzavírá kupní smlouvu a vůči komu může nárokovat svá práva. Před nákupem na těchto stránkách Česká obchodní inspekce varuje.
hobbsfashiondresses.com,-,Jako provozovatel webu není uveden nikdo\, stránky jsou tedy zcela anonymní a spotřebitel neví\, s kým uzavírá kupní smlouvu a vůči komu může nárokovat svá práva. Před nákupem na těchto stránkách Česká obchodní inspekce varuje.
hobby-eshop.cz,-,Jako provozovatel webu není uveden nikdo\, stránky jsou tedy zcela anonymní a spotřebitel neví\, s kým uzavírá kupní smlouvu a vůči komu může nárokovat svá práva. Před nákupem na těchto stránkách Česká obchodní inspekce varuje.
hodinekrepliky.cz,-,Jako provozovatel webu není uveden nikdo\, stránky jsou tedy zcela anonymní a spotřebitel neví\, s kým uzavírá kupní smlouvu a vůči komu může nárokovat svá práva. Před nákupem na těchto stránkách Česká obchodní inspekce varuje.
hokacz.cz,-,Jako provozovatel webu není uveden nikdo\, stránky jsou tedy zcela anonymní a spotřebitel neví\, s kým uzavírá kupní smlouvu a vůči komu může nárokovat svá práva. Před nákupem na těchto stránkách Česká obchodní inspekce varuje.
hokaoneoneshop.cz,-,Jako provozovatel webu není uveden nikdo\, stránky jsou tedy zcela anonymní a spotřebitel neví\, s kým uzavírá kupní smlouvu a vůči komu může nárokovat svá práva. Před nákupem na těchto stránkách Česká obchodní inspekce varuje.
homegaden.com,-,Jako provozovatel webu není uveden nikdo\, stránky jsou tedy zcela anonymní a spotřebitel neví\, s kým uzavírá kupní smlouvu a vůči komu může nárokovat svá práva. Před nákupem na těchto stránkách Česká obchodní inspekce varuje.
hoodrichcz.cz,-,Jako provozovatel webu není uveden nikdo\, stránky jsou tedy zcela anonymní a spotřebitel neví\, s kým uzavírá kupní smlouvu a vůči komu může nárokovat svá práva. Před nákupem na těchto stránkách Česká obchodní inspekce varuje.
hotinzerce.cz,-,Podle podání spotřebitele (doloženo SMS komunikací) na nabídku inzerce zdarma bylo zareagováno\, avšak po podání inzerátu je požadována úhrada částky 2420 Kč. S ohledem na skutečnost\, že domény mají sice odkazy na provozovatele služby třetí strany (zpoplatněných SMS\, provozovatelů platebních systémů)\, avšak jako provozovatel webu není uvedeno IČO subjektu\, stránky jsou tedy zcela anonymní a spotřebitel neví\, s kým uzavírá smlouvu a vůči komu může nárokovat svá práva. Obchodní podmínky zcela chybí\, nejsou ani v přehledu podstránek (tzv. sitemap). Jedinou stránkou\, která se blíží smyslu obchodních podmínek\, je stránka Pravidla\, ta však povinné údaje o provozovateli také neobsahuje. Před nákupem služeb na tomto inzertním portále Česká obchodní inspekce varuje.
hpeprovisioning9.live/?utm_campaign=QPF8euu28II5lw7O2iHhCidoSOXmw5oLxD6bwphw43U1&t=main9,-,Stránky se prezentují uživatelům jako oficiální stránky Google\, Facebook nebo Instagram (vždy jedna z variant) a uživatel je informován o výhře v soutěži\, avšak jedná se jen o sběr osobních údajů. S těmito stránkami nemá nikdo z provozovatelů (Google\, Facebook či Instagram) nic společného. Jde o zneužití a navození falešného pocitu z výhry. Stránky mají zcela jinou podobu po příchodu přímo na domovskou adresu hpeprovisioning9.live a smyslem stránek je zřejmě sběr osobních údajů pro databáze společností využívajících přímý marketing (ať už telefonický\, či zasílání spamů e-mailem). Před vyplněním údajů na těchto stránkách Česká obchodní inspekce spotřebitele varuje.
hranatost.cz,-,Jako provozovatel webu není uveden nikdo\, stránky jsou tedy zcela anonymní a spotřebitel neví\, s kým uzavírá kupní smlouvu a vůči komu může nárokovat svá práva. Před nákupem na těchto stránkách Česká obchodní inspekce varuje.
hrbatuvkostelec.cz,-,Opuštěnou doménu koupil neznámý subjekt. Název domény neodpovídá nabízenému zboží\, tím je především oblečení. Jako provozovatel webu není uveden nikdo\, stránky jsou tedy zcela anonymní a spotřebitel neví\, s kým uzavírá kupní smlouvu a vůči komu může nárokovat svá práva. Před nákupem na těchto stránkách Česká obchodní inspekce varuje.
hs50bww.today,-,Jako provozovatel webu není uveden nikdo\, stránky jsou tedy zcela anonymní a spotřebitel neví\, s kým uzavírá kupní smlouvu a vůči komu může nárokovat svá práva. Před nákupem na těchto stránkách Česká obchodní inspekce varuje.
hsdfv.online,-,Jako provozovatel webu není uveden nikdo\, stránky jsou tedy zcela anonymní a spotřebitel neví\, s kým uzavírá kupní smlouvu a vůči komu může nárokovat svá práva. Před nákupem na těchto stránkách Česká obchodní inspekce varuje.
http://blghip.ru/cz/cz-diabet-proff-dialine/,-,Ačkoli se stránky snaží apelovat na spotřebitele\, aby odlišili realitu od fikce\, tak lákají na léčbu cukrovky. Stránky odkazují na neexistující rozhovor s údajným lékařem\, tím má být neurochirurg Mudr. Vitezslav Dvořák. Tento domnělý věděc však nemá žádný záznam na univerzitě\, ani v jiné seriozní instituci. Fotka je stažena z fotobanky\, jde o smyšleného odborníka. Před nákupem je spotřebitel ještě nucen zahrát si o slevu v rámci virtuálního kola\, vylosuje si vždy slevu 50%. Jako provozovatel webu není uveden nikdo\, stránky jsou tedy zcela anonymní a spotřebitel neví\, s kým uzavírá kupní smlouvu a vůči komu může nárokovat svá práva. Před nákupem na těchto stránkách Česká obchodní inspekce varuje.
http://milead.click/page/4b32c3759414cb0dbe871a542fdd68ad1819b5b3/,-,Jako provozovatel webu není uveden nikdo\, stránky jsou tedy zcela anonymní a spotřebitel neví\, s kým uzavírá kupní smlouvu a vůči komu může nárokovat svá práva. Před nákupem na těchto stránkách Česká obchodní inspekce varuje.
http://vidnamet-invest.pro/,-,Web zneužívá logo a design portálu Novinky.cz a snaží se vytvořit dojem\, že přináší úžasnou zprávu o zázračném zbohatnutí. Celý systém na základě lživých informací žádá následně velmi citlivá data. Jako provozovatel webu není uveden nikdo\, stránky jsou tedy zcela anonymní a spotřebitel neví\, vůči komu může nárokovat svá práva. Před vyplněním citlivých údajů na těchto stránkách varuje společnost Seznam.cz a Česká obchodní inspekce.
http://webshoppingnets.com/page/1b3d1f40b9772445cedf5cc9f3fea411dc0cab03/,-,Webové stránky mají dvě různé podoby. Přistoupit na stránky přímo znamená\, že se uživateli nezobrazí nic. Příchodem přes reklamu se vytvoří speciální proklik (viz uvedený odkaz) a na stránkách je nabízen anonymní výrobek pro děti. Obchodní podmínky zcela chybí\, další informace na stránkách jsou nedostatečné. Jako provozovatel webu není uveden nikdo\, stránky jsou tedy zcela anonymní a spotřebitel neví\, s kým uzavírá kupní smlouvu a vůči komu může nárokovat svá práva. Před nákupem na těchto stránkách Česká obchodní inspekce varuje.
http://www.shopoonline4.com/tkfb/l/,-,Jako provozovatel webu není uveden nikdo\, stránky jsou tedy zcela anonymní a spotřebitel neví\, s kým uzavírá kupní smlouvu a vůči komu může nárokovat svá práva. Před nákupem na těchto stránkách Česká obchodní inspekce varuje.
https://3.newdigitalgenius.life/?fb=185408344283787&c=jakub3&key=key,-,Web zneužívá logo a design zpravodajského a snaží se vytvořit dojem\, že přináší úžasnou zprávu o zázračném zbohatnutí. Celý systém na základě lživých informací žádá následně velmi citlivá data. Jako provozovatel webu není uveden nikdo\, stránky jsou tedy zcela anonymní a spotřebitel neví\, vůči komu může nárokovat svá práva. Před vyplněním citlivých údajů na těchto stránkách varuje společnost Seznam.cz a Česká obchodní inspekce.
https://4.itdigitalczpulse.life/?fb=1299458303993491&c=JAKub5&key=pkey,-,Web zneužívá logo a vzhled zpravodajského portálu a snaží se vytvořit dojem\, že přináší úžasnou zprávu o zázračném zbohatnutí. Celý systém na základě lživých informací žádá následně velmi citlivá data. Jako provozovatel webu není uveden nikdo\, stránky jsou tedy zcela anonymní a spotřebitel neví\, vůči komu může nárokovat svá práva. Před vyplněním citlivých údajů na těchto stránkách varuje společnost Seznam.cz a Česká obchodní inspekce.
https://6.innov8ionhub.top/?fb=935994064301949&c=5mmart1500&key=sv15key&fbclid=IwAR0cvmipInTkWsdTbPs1yrUi7EURXwbwqMdd9n47bCBlkCqaJ7vGU5Ci_cI,-,Web zneužívá logo a design portálu Novinky.cz a snaží se vytvořit dojem\, že přináší úžasnou zprávu o zázračném zbohatnutí. Celý systém na základě lživých informací žádá následně velmi citlivá data. Jako provozovatel webu není uveden nikdo\, stránky jsou tedy zcela anonymní a spotřebitel neví\, vůči komu může nárokovat svá práva. Před vyplněním citlivých údajů na těchto stránkách varuje společnost Seznam.cz a Česká obchodní inspekce.
https://9.itdigitalbgnexus.life/?fb=6488427244510795&c=4pmart1500&key=sv15key&fbclid=IwAR1KtfaB0TietQl6vTtJ4Z3cE-z5u8ayRm2TwIiewG-fgvuEsXBCCD7tlhA_aem_AeFpdY-QoBprKD4njmSc3SzjveINhbul77vUjD4PFOGiNh3NVuS0bDO68BMXy5F_XgfTMOea_TIS10KAnMeAz5s0,-,Web zneužívá logo a design portálu Novinky.cz a snaží se vytvořit dojem\, že přináší úžasnou zprávu o zázračném zbohatnutí. Celý systém na základě lživých informací žádá následně velmi citlivá data. Jako provozovatel webu není uveden nikdo\, stránky jsou tedy zcela anonymní a spotřebitel neví\, vůči komu může nárokovat svá práva. Před vyplněním citlivých údajů na těchto stránkách varuje společnost Seznam.cz a Česká obchodní inspekce.
https://archive.ulaanbaatar.mn/curl/m4/,-,Stránka předstírá doručovací společnost DHL a informuje (formou e-mailu) o nutnosti platit za zásilku zaslanou přes DHL\, ačkoli nejde o žádnou skutečnou zásilku\, ale o podvrh: https://www.coi.gov.cz/ulaanbaatar/  + https://www.coi.gov.cz/ulaanbaatar2/
https://beintro.site/,-,Web zneužívá logo a design portálu Novinky.cz a snaží se vytvořit dojem\, že přináší úžasnou zprávu o zázračném zbohatnutí. Celý systém na základě lživých informací žádá následně velmi citlivá data. Jako provozovatel webu není uveden nikdo\, stránky jsou tedy zcela anonymní a spotřebitel neví\, vůči komu může nárokovat svá práva. Před vyplněním citlivých údajů na těchto stránkách varuje společnost Seznam.cz a Česká obchodní inspekce.
https://besttovarsale.com/page/605cf8f3cfe5036e41bbe16a244f9cde0cd91ba0/,-,Na základě smyšlených informací je tu prezentován neznámý přípravek na zhubnutí. Na stránkách jsou pak recenze údajně spokojených uživatelů\, tyto recenze jsou však smyšlené - na jiných verzích stránek v jiném jazyce existují stejné fotografie u recenzí\, avšak jiná jména (dle jazyka). Příběh je smyšlený\, provozovatel je uveden na celé řadě dalších rizikových webů nabízející obdobné rychlé řešení problémů se zdravím. Nákup zde za rizikový považuje Česká obchodní inspekce\, stránky jsou anonymní na blíže nespecifikovanou zahraniční firmu a spotřebitel neví\, s kým uzavírá kupní smlouvu a vůči komu může nárokovat svá práva.
https://bitcoin-billionaire-app.com/u/f256743e2962a10b1de0/pages/cz.html,-,Smyšlené příběhy o zázračném zbohatnutí lákají spotřebitele stáhnout si neznámou aplikaci a uvést pak údaje o platební kartě. Příběhy\, které spotřebitele mají nalákat\, jsou prokazatelně smyšlené. Jeden český příběh se pak uvádí i zde: https://timekeepers-big-box.myshopify.com/products/hamilton-broadway (Smyšlená informace: Minulý týden se Petr Kellner objevil v pořadu Interview ČT24\, který uváděl Daniel Takáč\, a oznámil novou „mezeru v zákonech pro bohatství“\, o které je prokázané\, že z kohokoliv udělá za 3 až 4 měsíce milionáře\, což není pravdivá informace\, takový rozhovor neproběhl.) Před aplikací a uvedením platebních údajů Česká obchodní inspekce varuje.
https://bunfader-investing.eu/,-,Web zneužívá logo a design portálu Novinky.cz a snaží se vytvořit dojem\, že přináší úžasnou zprávu o zázračném zbohatnutí. Celý systém na základě lživých informací žádá následně velmi citlivá data. Jako provozovatel webu není uveden nikdo\, stránky jsou tedy zcela anonymní a spotřebitel neví\, vůči komu může nárokovat svá práva. Před vyplněním citlivých údajů na těchto stránkách varuje společnost Seznam.cz a Česká obchodní inspekce.
https://ceska-televize.kantaapnews.com/?utm_medium=23857451519870221&utm_campaign=kIplrlaIwlaIwlvIb&fbclid=IwAR33g8LSbI0m0zIVIJptGgZDg-_FQERxRfFkMIyiWpq3r6-pjpZZLaHgOf0,-,Web zneužívá logo a design portálu Novinky.cz a snaží se vytvořit dojem\, že přináší úžasnou zprávu o zázračném zbohatnutí. Celý systém na základě lživých informací žádá následně velmi citlivá data. Jako provozovatel webu není uveden nikdo\, stránky jsou tedy zcela anonymní a spotřebitel neví\, vůči komu může nárokovat svá práva. Před vyplněním citlivých údajů na těchto stránkách varuje společnost Seznam.cz a Česká obchodní inspekce.
https://ceska-televize.springatdelphi.com/?utm_medium=23856632730980174&utm_campaign=kptranwyawvb&fbclid=IwAR2abphfiireWiHW6xyhOBWFenNJ79aaH8Ny5SYiK_iTnB9IH3EcdIDs0Kk,-,Web zneužívá logo a design portálu Novinky.cz a snaží se vytvořit dojem\, že přináší úžasnou zprávu o zázračném zbohatnutí. Celý systém na základě lživých informací žádá následně velmi citlivá data. Jako provozovatel webu není uveden nikdo\, stránky jsou tedy zcela anonymní a spotřebitel neví\, vůči komu může nárokovat svá práva. Před vyplněním citlivých údajů na těchto stránkách varuje společnost Seznam.cz a Česká obchodní inspekce.
https://cez-group.digital/hhQD7cDf?wpd=informcapitalventures.com&utm_term=&gclid=CjwKCAiA9dGqBhAqEiwAmRpTCyr60yyWm9zX-RgCqlTiwhRGNg6jyuQW-8na9Y6iaXit8lqRgxEXdBoCCr8QAvD_BwE&utm_creative=679653206618&utm_campaign=20706130700&utm_position=&utm_network=&utm_target=&utm_placement=&utm_match=&a=292-272-8286&utm_device=c&adgroupid=155347452896,-,Web zneužívá logo a design portálu Novinky.cz a snaží se vytvořit dojem\, že přináší úžasnou zprávu o zázračném zbohatnutí. Celý systém na základě lživých informací žádá následně velmi citlivá data. Jako provozovatel webu není uveden nikdo\, stránky jsou tedy zcela anonymní a spotřebitel neví\, vůči komu může nárokovat svá práva. Před vyplněním citlivých údajů na těchto stránkách varuje společnost Seznam.cz a Česká obchodní inspekce.
https://cezgroup-news.com/cczcl4k.php?ad_id=23854951688360276&ad_name=1&adset_id=23854951688370276&adset_name=2&campaign_id=23854951676170276&campaign_name=CZ42-2&external_id=653916486492856&fbclid=IwAR2WdTlfDIamu1wr5eN65AAMY0pqfSPIy0xlL4Ba9XZvPtxGX72_O35KYfc&key=9m3jxe3dmln4r72pjgxn,-,Web zneužívá logo a design portálu Novinky.cz a snaží se vytvořit dojem\, že přináší úžasnou zprávu o zázračném zbohatnutí. Celý systém na základě lživých informací žádá následně velmi citlivá data. Jako provozovatel webu není uveden nikdo\, stránky jsou tedy zcela anonymní a spotřebitel neví\, vůči komu může nárokovat svá práva. Před vyplněním citlivých údajů na těchto stránkách varuje společnost Seznam.cz a Česká obchodní inspekce.
https://ciklasilow-invest.pro/,-,Web zneužívá logo a design portálu Novinky.cz a snaží se vytvořit dojem\, že přináší úžasnou zprávu o zázračném zbohatnutí. Celý systém na základě lživých informací žádá následně velmi citlivá data. Jako provozovatel webu není uveden nikdo\, stránky jsou tedy zcela anonymní a spotřebitel neví\, vůči komu může nárokovat svá práva. Před vyplněním citlivých údajů na těchto stránkách varuje společnost Seznam.cz a Česká obchodní inspekce.
https://crazyprodnew.com/,-,Web zneužívá logo a design portálu Novinky.cz a snaží se vytvořit dojem\, že přináší úžasnou zprávu o zázračném zbohatnutí. Celý systém na základě lživých informací žádá následně velmi citlivá data. Jako provozovatel webu není uveden nikdo\, stránky jsou tedy zcela anonymní a spotřebitel neví\, vůči komu může nárokovat svá práva. Před vyplněním citlivých údajů na těchto stránkách varuje společnost Seznam.cz a Česká obchodní inspekce.
https://crypsome.click/Ffmyv1?click_id=6422c6236ebed20001208132&pid=2&sub3=207244268613304,-,Web zneužívá logo a design portálu Novinky.cz a snaží se vytvořit dojem\, že přináší úžasnou zprávu o zázračném zbohatnutí. Celý systém na základě lživých informací žádá následně velmi citlivá data. Jako provozovatel webu není uveden nikdo\, stránky jsou tedy zcela anonymní a spotřebitel neví\, vůči komu může nárokovat svá práva. Před vyplněním citlivých údajů na těchto stránkách varuje společnost Seznam.cz a Česká obchodní inspekce.
https://cs.uzasnenabidky24.com/promotion/ovashape_cz/ovashape-jiz-v-cesku/,-,Jako provozovatel webu není uveden nikdo\, stránky jsou tedy zcela anonymní a spotřebitel neví\, s kým uzavírá kupní smlouvu a vůči komu může nárokovat svá práva. Před nákupem na těchto stránkách Česká obchodní inspekce varuje.
https://cz.cannapt.com/?TID=61E1283A005B7A44D801651B&host=macapnd.com&c=cz,-,Jako provozovatel webu není uveden nikdo\, stránky jsou tedy zcela anonymní a spotřebitel neví\, s kým uzavírá kupní smlouvu a vůči komu může nárokovat svá práva. Před nákupem na těchto stránkách Česká obchodní inspekce varuje.
https://cz.lekarskereporteri24.com/article/weightloss_cz/prulom-v-boji-s-obezitou/,-,Stránky se prezentují jako zpravodajský portál\, který popisuje údajný zázračný trik na hubnutí. Na stránkách je pak nabízen neznámý výrobek na hubnutí. Jako provozovatel webu není uveden nikdo\, stránky jsou tedy zcela anonymní a spotřebitel neví\, s kým uzavírá kupní smlouvu a vůči komu může nárokovat svá práva. Před nákupem na těchto stránkách varuje Česká obchodní inspekce.
https://cz1.alfazv.com/?TID=63035C89005B7A4BC00D2165&c=cz,-,Internetové stránky\, na které se dostanete nejčastěji na základě spamů v elektronické poště\, slibují zcela neznámý produkt na problémy s erekcí. Obchodní podmínky zcela chybí\, další informace na stránkách jsou nedostatečné. Jako provozovatel je uvedena společnost z Panamy\, která figuruje u mnoha jiných rizikových e-shopů\, které nabízejí celou řadu dalších neznámých výrobků např. na hubnutí\, proti kouření\, na prostatu\, na klouby\, srdeční hypertenzi a další. Recenze a odborníci jsou smyšlení. Například lékař Мichal Verner\, který přípravek na stránkách propaguje\, nemá záznam v žádné seriózní instituci: na univerzitě\, v nemocnici\, ani ve specializovaném ústavu. Před nákupem na těchto stránkách Česká obchodní inspekce varuje.
https://didlasower-invest.pro/,-,Web zneužívá logo a design portálu Novinky.cz a snaží se vytvořit dojem\, že přináší úžasnou zprávu o zázračném zbohatnutí. Celý systém na základě lživých informací žádá následně velmi citlivá data. Jako provozovatel webu není uveden nikdo\, stránky jsou tedy zcela anonymní a spotřebitel neví\, vůči komu může nárokovat svá práva. Před vyplněním citlivých údajů na těchto stránkách varuje společnost Seznam.cz a Česká obchodní inspekce.
https://f.education1.top/?fb=1246599522886482&c=55914205_ads6&key=antkey&fbclid=IwAR3iokDsyVEylalVlJpuWq7uXj8ErStJVxbQEv11ejqYLIN8DmpBu-AXjaU,-,Web zneužívá logo a design portálu E15.cz a snaží se vytvořit dojem\, že přináší úžasnou zprávu o zázračném zbohatnutí. Celý systém na základě lživých informací žádá následně velmi citlivá data. Jako provozovatel webu není uveden nikdo\, stránky jsou tedy zcela anonymní a spotřebitel neví\, vůči komu může nárokovat svá práva. Před vyplněním citlivých údajů na těchto stránkách varuje společnost Seznam.cz a Česká obchodní inspekce.
https://fikldas-invest.pro/,-,Web zneužívá logo a design portálu Novinky.cz a snaží se vytvořit dojem\, že přináší úžasnou zprávu o zázračném zbohatnutí. Celý systém na základě lživých informací žádá následně velmi citlivá data. Jako provozovatel webu není uveden nikdo\, stránky jsou tedy zcela anonymní a spotřebitel neví\, vůči komu může nárokovat svá práva. Před vyplněním citlivých údajů na těchto stránkách varuje společnost Seznam.cz a Česká obchodní inspekce.
https://gijdasinvesting.pro/,-,Web zneužívá logo a design portálu Novinky.cz a snaží se vytvořit dojem\, že přináší úžasnou zprávu o zázračném zbohatnutí. Celý systém na základě lživých informací žádá následně velmi citlivá data. Jako provozovatel webu není uveden nikdo\, stránky jsou tedy zcela anonymní a spotřebitel neví\, vůči komu může nárokovat svá práva. Před vyplněním citlivých údajů na těchto stránkách varuje společnost Seznam.cz a Česká obchodní inspekce.
https://goslakinvest.pro/,-,Web zneužívá logo a design portálu Novinky.cz a snaží se vytvořit dojem\, že přináší úžasnou zprávu o zázračném zbohatnutí. Celý systém na základě lživých informací žádá následně velmi citlivá data. Jako provozovatel webu není uveden nikdo\, stránky jsou tedy zcela anonymní a spotřebitel neví\, vůči komu může nárokovat svá práva. Před vyplněním citlivých údajů na těchto stránkách varuje společnost Seznam.cz a Česká obchodní inspekce.
https://health-news-2021.com/ketoz-cz-vy/,-,Stránky vypadají jako zpravodajský portál a píší o téměř zázračné metodě na hubnutí .Lenka Klapková\, která je zmíněna\, je smyšlená osoba\, fotky jsou staženy a celý příběh není reálný. Stejně tak prof. Miroslav Trojan\, který je na stránkách uveden\, nemá záznam v žádné seriózní instituci: na univerzitě\, v nemocnici\, ani ve specializovaném ústavu. Obchodní podmínky zcela chybí\, další informace na stránkách jsou nedostatečné. Před nákupem na těchto stránkách Česká obchodní inspekce varuje.
https://hot-shopping-review.com/420/prolesanpure-med-m/gps/,-,Stránky se prezentují jako Český lékařský portál\, avšak nejde o žádný oficiální portál skutečných lékařů. Obchodní podmínky jsou zcela nedostatečné. Na stránkách je pak nabízen pochybný výrobek na hubnutí. Stránky jsou úplně stejné\, jako jiný obdobný lékařský portál\, který podobným způsobem nabízí přípravek na klouby. Fotka údajného lékaře uvedená na stránkách v pravém rohu nahoře\, je dle jiného podobného portálu Prof. Jaromir Kosinský (odborník)\, ten však neexistuje. Fotka údajně spokojených zákazníků je stažena z fotobanky. Česká obchodní inspekce nákup zde považuje za rizikový.
https://immstability.today/,-,Web zneužívá logo a design portálu Novinky.cz a snaží se vytvořit dojem\, že přináší úžasnou zprávu o zázračném zbohatnutí. Celý systém na základě lživých informací žádá následně velmi citlivá data. Jako provozovatel webu není uveden nikdo\, stránky jsou tedy zcela anonymní a spotřebitel neví\, vůči komu může nárokovat svá práva. Před vyplněním citlivých údajů na těchto stránkách varuje společnost Seznam.cz a Česká obchodní inspekce.
https://julnewsb.com/t5q3c.php?ad_id=23856831967010587&ad_name=Jan-Kraus_%D0%B0%D1%80%D0%B5%D1%81%D1%82_1&adset_name=1017364465265805+%2F+HII&campaign_name=Nikita+335+%2F+NikitaK+%2F+CZ+HII&domain_id=7265&fbclid=IwAR3imgGIm3SrSvWlHf1g3F3g2C6gUxBlUMCRIocqF7-psKaXYOkx8aJTOEE_aem_Ae1pUVDXqVk_NReUBEjfOCzi-nWEQy8TZnZzPhMBgAkXAteInZNujOqLoRXSvI2qIemM5UA_xk-gdrrQWL0ebuAr&key=Yasimen213as32&pixel=1097570297868516&placement=Facebook_Stories&site=fb&token=EAAdwpG2vuGsBAGSLAFIvO1600hb3JM7XGQdTeVLBBtLTYEZC1AuRt1Chjs0iO7dlW1kTaUmZAxbkCXUE90wZArJY5yZAj58598KSESyFbJuM4qY0pjwGszqKBj3Kgpsqvdbfi0aCaopZBaglQf18O6CM9ROwmZBxhjXcqqSjQOebsmUfdCppMDegLdylHTLngZD&utm_content=janesobaka,-,Web zneužívá logo a design portálu Novinky.cz a snaží se vytvořit dojem\, že přináší úžasnou zprávu o zázračném zbohatnutí. Celý systém na základě lživých informací žádá následně velmi citlivá data. Jako provozovatel webu není uveden nikdo\, stránky jsou tedy zcela anonymní a spotřebitel neví\, vůči komu může nárokovat svá práva. Před vyplněním citlivých údajů na těchto stránkách varuje společnost Seznam.cz a Česká obchodní inspekce.
https://julnewsb.com/t5q3c.php?ad_id=6398110545470&ad_name=Jan-Kraus_%D0%B0%D1%80%D0%B5%D1%81%D1%82_1&adset_name=29663302+%2F+HII&campaign_name=Nikita+319+%2F+NikitaK+%2F+CZ+HII&domain_id=7198&fbclid=IwAR3Rm1oD5NjCqFKBZ78TG2khR3Ym2NDcQ8h_MT4fqdZ8eTNLg348bI1X0YY_aem_AYNCo0hoUuGaIeeQ1XAgHsY_PNMLeJE2XvdbvDMDdqzkDEx8d9U5zlmllkKUOAYJAOEngzSSTc9BEsY_5l0hUmPO&key=Yasimen213as32&pixel=1097570297868516&placement=Facebook_Stories&site=fb&token=EAAdwpG2vuGsBAEK3x6FzzeT2OQR6seKBjAi5gwP1yu0V61SpQq6mXJxZAv4wGXYEbXG4edPbjDvQMCPWHU32vWiO6wOAsZBgYlzIm86pgMt0PLbPLnqNnrWNKq5qMoOnIGLw9ZAEGVzINDsaxNhkgdHsmjYcIVjzSgWC6rBHWRFVmvze14ZAlVr4OozUJqoZD&utm_content=janesobaka,-,Web zneužívá logo a design portálu Novinky.cz a snaží se vytvořit dojem\, že přináší úžasnou zprávu o zázračném zbohatnutí. Celý systém na základě lživých informací žádá následně velmi citlivá data. Jako provozovatel webu není uveden nikdo\, stránky jsou tedy zcela anonymní a spotřebitel neví\, vůči komu může nárokovat svá práva. Před vyplněním citlivých údajů na těchto stránkách varuje společnost Seznam.cz a Česká obchodní inspekce.
https://june-assets.za.com/t5q3c.php?ad_id=6360918056564&ad_name=%D0%B0%D1%80%D0%B5%D1%81%D1%82+2&adset_id=6360913876764&adset_name=CZ&campaign_id=6360913866364&campaign_name=stesha+73%2FCZ&domain_id=7360&fbclid=IwAR3ddIUjV2ybNYlCGbB34hmJdPyNa_KPDyVT3Sn-nrnREy2Sg7QmzlZZY7s&key=b3lu0t0qb3wf00mhqsz9&pixel=1097570297868516&placement=Facebook_Desktop_Feed&site=thekoolweb.com&token=EAAdwpG2vuGsBAEK3x6FzzeT2OQR6seKBjAi5gwP1yu0V61SpQq6mXJxZAv4wGXYEbXG4edPbjDvQMCPWHU32vWiO6wOAsZBgYlzIm86pgMt0PLbPLnqNnrWNKq5qMoOnIGLw9ZAEGVzINDsaxNhkgdHsmjYcIVjzSgWC6rBHWRFVmvze14ZAlVr4OozUJqoZD&utm_content=jankr1062,-,Web zneužívá logo a design portálu Novinky.cz a snaží se vytvořit dojem\, že přináší úžasnou zprávu o zázračném zbohatnutí. Celý systém na základě lživých informací žádá následně velmi citlivá data. Jako provozovatel webu není uveden nikdo\, stránky jsou tedy zcela anonymní a spotřebitel neví\, vůči komu může nárokovat svá práva. Před vyplněním citlivých údajů na těchto stránkách varuje společnost Seznam.cz a Česká obchodní inspekce.
https://lifeblg.ru/cz/dolgozhitelnica/?utm_medium=767&utm_campaign=53&utm_content=4744909&utm_source=57082153&sid1=951192&sid2=140&price=0.12&vcode=hg3a5jl39lsot37n&lid=963&out_ids=&tr=bGlmZWJsZy5ydS9vY3Rv&https=1&ck=1,-,Na základě informací TV Prima zařazen tento web mezi rizikové. Spotřebitel si  pokaždé vylosuje slevu 50% a poté má omezený čas k vyplnění objednávkového formuláře. Na stránkách je příběh ženy\, která má mít 120 let a nabízen je neznámý přípravek na prodloužení života. Příběh je smyšlený\, stejně jako loterie na stránkách\, kde zatočením kola si spotřebitel vždy vylosuje údajnou slevu 50%. Výrobek není schválen Ústavem pro kontrolu léčiv\, prodejce je anonymní. Nákup zde za rizikový považuje také Česká obchodní inspekce.
https://luckysaleonline.com/page/4fd24b34549fb15308ecfa18a6dad68fe7ac6035/,-,Stránka\, na kterou se dostane spotřebitel nejčastěji přes spam v e-mailu\, nabízí údajně výrobek pro lidi trpící cukrovkou. Jako provozovatel webu není uveden nikdo\, stránky jsou tedy zcela anonymní a spotřebitel neví\, s kým uzavírá kupní smlouvu a vůči komu může nárokovat svá práva. Před nákupem na těchto stránkách Česká obchodní inspekce varuje.
https://lzztcbuj.bestremedyforpeople.com/,-,Stránka\, na kterou se dostane spotřebitel nejčastěji přes spam v e-mailu\, nabízí nejčastěji neznámý výrobek na prodloužení mládí. Jako provozovatel webu není uveden nikdo\, stránky jsou tedy zcela anonymní a spotřebitel neví\, s kým uzavírá kupní smlouvu a vůči komu může nárokovat svá práva. Před nákupem na těchto stránkách Česká obchodní inspekce varuje.
https://mingolka-investment.pro/,-,Web zneužívá logo a design portálu Novinky.cz a snaží se vytvořit dojem\, že přináší úžasnou zprávu o zázračném zbohatnutí. Celý systém na základě lživých informací žádá následně velmi citlivá data. Jako provozovatel webu není uveden nikdo\, stránky jsou tedy zcela anonymní a spotřebitel neví\, vůči komu může nárokovat svá práva. Před vyplněním citlivých údajů na těchto stránkách varuje společnost Seznam.cz a Česká obchodní inspekce.
https://naturaltovars.com/page/0fb2fea3457a6a39dabad0cf2b25317e8f4bf55b/,-,Stránka\, na kterou se dostane spotřebitel nejčastěji přes spam v e-mailu\, nabízí údajně drony. Jako provozovatel webu není uveden nikdo\, stránky jsou tedy zcela anonymní a spotřebitel neví\, s kým uzavírá kupní smlouvu a vůči komu může nárokovat svá práva. Před nákupem na těchto stránkách Česká obchodní inspekce varuje.
https://news.cez-group.xfanclubs.com/?utm_medium=6413958084123&utm_campaign=kptranwyawvb&fbclid=IwAR3uU0PFLZtnxIAY5rCpSFm5U1U9ZhzAsSyHtwZKCAV-wZdqD7Rat-atk4o,-,Web zneužívá logo a design portálu Novinky.cz a snaží se vytvořit dojem\, že přináší úžasnou zprávu o zázračném zbohatnutí. Celý systém na základě lživých informací žádá následně velmi citlivá data. Jako provozovatel webu není uveden nikdo\, stránky jsou tedy zcela anonymní a spotřebitel neví\, vůči komu může nárokovat svá práva. Před vyplněním citlivých údajů na těchto stránkách varuje společnost Seznam.cz a Česká obchodní inspekce.
https://novelabel.com/drYBkS2L?fbpxl=260466742983810&acc=acc&adset=23854851240780764&creo=LYSYI&placement=Facebook_Stories&ad_id=23854851240720764∠=ang&trg=trg&crd=crd&domain=novelabel.com&fbclid=IwAR0n1ULwv6Z3bG7ja1aqO7zEFiTjX8TOiCtK5amnohzj4FKf0VGS-uOkdAA,-,Web zneužívá logo a design portálu Novinky.cz a snaží se vytvořit dojem\, že přináší úžasnou zprávu o zázračném zbohatnutí. Celý systém na základě lživých informací žádá následně velmi citlivá data. Jako provozovatel webu není uveden nikdo\, stránky jsou tedy zcela anonymní a spotřebitel neví\, vůči komu může nárokovat svá práva. Před vyplněním citlivých údajů na těchto stránkách varuje společnost Seznam.cz a Česká obchodní inspekce.
https://oholderdes.shop/yc3gV4CA?utm_code=96353&fbclid=IwAR0p2phqfUCoqLeL73tGrY3ve7SFAIU7e3jRlK_9FQQXFvsDQVkiCey0yL8,-,Web zneužívá logo a design webu CNN Prima News a snaží se vytvořit dojem\, že informuje o přípravku\, který spotřebitel nakoupí za výhodnou cenu. Web na základě lživých informací žádá následně velmi citlivá data a okamžitou platbu. Jako provozovatel webu není uveden nikdo\, stránky jsou tedy zcela anonymní a spotřebitel neví\, vůči komu může nárokovat svá práva. Před nákupem na těchto stránkách varuje skupina Prima - CNN Prima News a Česká obchodní inspekce.
https://onlineoffertstore.com/air-curtain-rep-ceca-pmax/?gad_source=1&gclid=Cj0KCQjwv_m-BhC4ARIsAIqNeBtHWMrEWQVXzpwqnYdHFbgxXyS_rnxffk7PLgN2_Rccq6tbic0qI8aAlOeEALw_wcB,-,Jako provozovatel webu není uveden nikdo\, stránky jsou tedy zcela anonymní a spotřebitel neví\, s kým uzavírá kupní smlouvu a vůči komu může nárokovat svá práva. Před nákupem na těchto stránkách Česká obchodní inspekce varuje.
https://promoshopmedia.com/page/3543e7da87d4b3a02db4073343bd245fab9b4359/,-,Jako provozovatel webu není uveden nikdo\, stránky jsou tedy zcela anonymní a spotřebitel neví\, s kým uzavírá kupní smlouvu a vůči komu může nárokovat svá práva. Před nákupem na těchto stránkách Česká obchodní inspekce varuje.
https://scientificnewsforyou.com/420/somasnelles/gps/,-,Stránky tvářící se jako oficiální článek o zdraví popisují údajně úžasné vlastnosti neznámého výrobku. Fotka údajně spokojené zákaznice stažena z fotobanky. Fotka údajně spokojených zákazníků je stažena z fotobanky. Jakmile chcete opustit stránku\, vyskočí varování a ještě lepší nabídka\, která nutí spotřebitele k nákupu. Česká obchodní inspekce nákup zde považuje za rizikový.
https://seethebestoptions.com/420/vanefistneo-br/gps/,-,Jako provozovatel webu není uveden nikdo\, stránky jsou tedy zcela anonymní a spotřebitel neví\, s kým uzavírá kupní smlouvu a vůči komu může nárokovat svá práva. Před nákupem na těchto stránkách Česká obchodní inspekce varuje.
https://shop.bymbymp.shop/JGiBF9Ft,-,Jako provozovatel webu není uveden nikdo\, stránky jsou tedy zcela anonymní a spotřebitel neví\, s kým uzavírá kupní smlouvu a vůči komu může nárokovat svá práva. Před nákupem na těchto stránkách Česká obchodní inspekce varuje.
https://shop.wwyyggz.shop/CZSX24K,-,Jako provozovatel webu není uveden nikdo\, stránky jsou tedy zcela anonymní a spotřebitel neví\, s kým uzavírá kupní smlouvu a vůči komu může nárokovat svá práva. Před nákupem na těchto stránkách Česká obchodní inspekce varuje.
https://sjuy.store/,-,Jako provozovatel webu není uveden nikdo\, stránky jsou tedy zcela anonymní a spotřebitel neví\, s kým uzavírá kupní smlouvu a vůči komu může nárokovat svá práva. Před nákupem na těchto stránkách Česká obchodní inspekce varuje.
https://suggesthome.com/imboys/imboys-hoodie-fear-not-black,-,Stránka se otevře správně jen těm\, kteří přijdou z reklamy na Facebooku (https://www.coi.gov.cz/shduolian-fb/) a následně se zobrazí lživý obsah o tom\, že Radovan Vítek investuje 100 milionů Kč do zahraniční firmy (https://www.coi.gov.cz/suggesthome/). Tato zpráva se nezakládá na pravdě. Na stránce jsou pak údaje o tom\, komu a kam poslat peníze\, respektive částku v kryptoměně Bitcoin\, aby člověk také rychle zbohatl. Uvedená stránka navíc zneužívá loga českých televizních společností\, design webu Hospodářských novin\, aby vypadala důvěryhodněji. Žádný takový článek Hospodářské noviny skutečně nenapsaly. Česká obchodní inspekce před těmito stránkami varuje\, provozovatel je neznámý.
https://superbinvest.com/leos-mares-investuje-15-milionu-eur-do-startupu-a-rika-ze-zde-se-nachazi-budoucnost/,-,Stránka se otevře teprve po rozkliknutí spamu\, který se šíří e-mailem. Stránka zneužívá jméno známého moderátora Leoše Mareše. Článek na stránce hovoří o tom\, že Leoš Mareš se objevil v pořadu „Interview ČT24“\, který uváděl Daniel Takáč\, a oznámil novou „mezeru v zákonech pro bohatství“\, o které je prokázané\, že z kohokoliv udělá za 3 až 4 měsíce milionáře. Stránka pak láká spotřebitele zadat údaje na anonymním webu primechnnls.com a investovat do zázračného zbohatnutí v kryptoměnách. Ve skutečnosti se jedná jen o získání citlivých údajů a peněz od důvěřivých lidí\, nejedná se o žádnou zaručenou cestu výdělku\, jak web prezentuje. Před těmito stránkami ČOI varuje\, web je anonymní a údajně zaručené zbohatnutí se opírá o zkreslená fakta.
https://techdigital.live/blog.php?post=8xly02h9cp6kzm8kvid7&px=AW-11377437226/F4wzCPvul_UYEKrUl7Eq%27&wd=prettyintelligent.live&keyword=investice&gclid=CjwKCAiAg9urBhB_EiwAgw88mb2ZpvWO7IIDFDk5k9xzE0kb8RyBnWNjSEMNBXvCVuwEum56UmrPohoCeAEQAvD_BwE,-,Web zneužívá logo a design portálu Novinky.cz a snaží se vytvořit dojem\, že přináší úžasnou zprávu o zázračném zbohatnutí. Celý systém na základě lživých informací žádá následně velmi citlivá data. Jako provozovatel webu není uveden nikdo\, stránky jsou tedy zcela anonymní a spotřebitel neví\, vůči komu může nárokovat svá práva. Před vyplněním citlivých údajů na těchto stránkách varuje společnost Seznam.cz a Česká obchodní inspekce.
https://tg-lead.space/l1/kanabialica/m6/,-,Jako provozovatel webu není uveden nikdo\, stránky jsou tedy zcela anonymní a spotřebitel neví\, s kým uzavírá kupní smlouvu a vůči komu může nárokovat svá práva. Před nákupem na těchto stránkách Česká obchodní inspekce varuje.
https://timekeepers-big-box.myshopify.com/products/hamilton-broadway,-,Stránka\, která jen po uvedení plné URL zobrazí něco jiného\, než uživatelům bez uvedení plné adresy. Smyšlené informace: Minulý týden se Petr Kellner objevil v pořadu Interview ČT24\, který uváděl Daniel Takáč\, a oznámil novou „mezeru v zákonech pro bohatství“\, o které je prokázané\, že z kohokoliv udělá za 3 až 4 měsíce milionáře\, což není pravdivá informace\, takový rozhovor neproběhl. Stánky prezentují nepravdivé informace a pak odkazují na příhlášení do aplikace\, která slibuje velké zisky a uvádí další smyšlené příběhy: https://bitcoin-billionaire-app.com/u/f256743e2962a10b1de0/pages/cz.html
https://trustableoffering.org/btc-system-autopass?oid=146&gid=146&qze=5283&hitid=102988229be6ececc151e32959c9c2,-,Web\, na který jsou spotřebitelé odkazování z webu mirror-news.org/cz/ - zázračné zbohatnutí na webu má slibovat Petr Kellner\, jde však o smyšlené údaje a rozhovor v rámci „Interview ČT24“\, který neexistoval. Stránka zneužívá logo webu iPrima.cz\, jedná se však o článek\, který na základě smyšleného rozhovoru má demonstrovat příběh zázračného zbohatnutí Petra Kellnera na základě investice do kryptoměn. Prokliky na webu spotřebitele přesměrují právě na tento web trustableoffering.org\, kde jsou lidé lákáni poslat peníze do údajného systému\, který má na základě investicí do Bitcoinu spotřebiteli výhradně peníze rozmnožit. Stránky však mají jinou podobu\, pokud spotřebitel přistupuje na web přímo\, nebo na základě prokliku. Webové stránky uvádějí lživé a zastaralé informace o investici do kryptoměny či na burzách\, aby to vypadalo\, že investice se jedině vyplatí. S ohledem na nedostatečné informace na webu nejen o provozovateli\, dále neinformování o právech pro spotřebitele\, Česká obchodní inspekce vyplnění formuláře a případné zaplacení zde považuje za rizikové.
https://unequalweb.com/viaskids/camibuso-bebe-nina-perrito-ecofriends-mayoral,-,Stránka se otevře správně jen těm\, kteří přijdou z reklamy na Facebooku (https://www.coi.gov.cz/shduolian-fb/) a následně se zobrazí lživý obsah o tom\, že Radovan Vítek investuje 100 milionů Kč do zahraniční firmy (https://www.coi.gov.cz/unequalweb/). Tato zpráva se nezakládá na pravdě. Na stránce jsou pak údaje o tom\, komu a kam poslat peníze\, respektive částku v kryptoměně Bitcoin\, aby člověk také rychle zbohatl. Uvedená stránka navíc zneužívá loga českých televizních společností\, design webu Hospodářských novin\, aby vypadala důvěryhodněji. Žádný takový článek Hospodářské noviny skutečně nenapsaly. Česká obchodní inspekce před těmito stránkami varuje\, provozovatel je neznámý.
https://vilaserinvest.pro/,-,Web zneužívá logo a design portálu Novinky.cz a snaží se vytvořit dojem\, že přináší úžasnou zprávu o zázračném zbohatnutí. Celý systém na základě lživých informací žádá následně velmi citlivá data. Jako provozovatel webu není uveden nikdo\, stránky jsou tedy zcela anonymní a spotřebitel neví\, vůči komu může nárokovat svá práva. Před vyplněním citlivých údajů na těchto stránkách varuje společnost Seznam.cz a Česká obchodní inspekce.
https://wiseandhealthyacademy.com/420/agmgue2/,-,Smyšlené příběhy o zázračném obnovení zraku lákají zadat údaje a nakoupit neznámý výrobek. Česká obchodní inspekce před vyplněním formuláře na těchto anonymních stránkách varuje.
https://www.bnbgtp.shop/n3ji80c9fk00,-,Jako provozovatel webu není uveden nikdo\, stránky jsou tedy zcela anonymní a spotřebitel neví\, s kým uzavírá kupní smlouvu a vůči komu může nárokovat svá práva. Před nákupem na těchto stránkách Česká obchodní inspekce varuje.
https://www.health-spa-award.com/czp1/,-,Web zneužívá logo a design portálu Novinky.cz a snaží se vytvořit dojem\, že přináší úžasnou zprávu o zázračném zbohatnutí. Celý systém na základě lživých informací žádá následně velmi citlivá data. Jako provozovatel webu není uveden nikdo\, stránky jsou tedy zcela anonymní a spotřebitel neví\, vůči komu může nárokovat svá práva. Před vyplněním citlivých údajů na těchto stránkách varuje společnost Seznam.cz a Česká obchodní inspekce.
https://www.lovecrazi.top/detail?id=dc007465-c161-4f19-a977-e7dea88e3101&path=ak_5606xtu376_y,-,Jako provozovatel webu není uveden nikdo\, stránky jsou tedy zcela anonymní a spotřebitel neví\, s kým uzavírá kupní smlouvu a vůči komu může nárokovat svá práva. Před nákupem na těchto stránkách Česká obchodní inspekce varuje.
https://www.pglingua.org/pgs/czp1/,-,Web zneužívá logo a design portálu Novinky.cz a snaží se vytvořit dojem\, že přináší úžasnou zprávu o zázračném zbohatnutí. Celý systém na základě lživých informací žádá následně velmi citlivá data. Jako provozovatel webu není uveden nikdo\, stránky jsou tedy zcela anonymní a spotřebitel neví\, vůči komu může nárokovat svá práva. Před vyplněním citlivých údajů na těchto stránkách varuje společnost Seznam.cz a Česká obchodní inspekce.
https://www.seekmob.com/?rd=36&MPC_2=1026d81c289e8720bd39b6ea8e0fbe&MPC_3=1378&MPC_10=https%3A%2F%2Fdestinorama.net%2F__thankspage%3Fpid%3D479347512736011%26ev%3DLead&ai=2958032&altid=bKk2EdvOUzDQ&ci=143&gi=27&oi=50&gid=9vKEH5KqtkL1sw9&so=Bitcoin-Revolution-Multi⊂=Bitcoin-Revolution-Multi&MPC_1=https%3A%2F%2Fwww.seekmob.com%2F%3Fgid%3D9vKEH5KqtkL1sw9,-,Stránka láká spotřebitele k zázračnému zbohatnutí na kryptoměnách. Míří sem spotřebitelé nejen z domény destinorama.net uveřejněné níže\, kde zázračné zbohatnutí má slibovat Leoš Mareš\, jde však o smyšlené údaje a rozhovor\, který neexistoval. Stránka zneužívá kryptoměny k nalákání dalších na údajné investice a zázračné zbohatnutí a periodicky obměňuje příběh a mění domény. Webové stránky uvádějí lživé a zastaralé informace o investici do kryptoměny či na burzách\, aby to vypadalo\, že investice se jedině vyplatí. S ohledem na nedostatečné informace na webu nejen o provozovateli\, dále neinformování o právech pro spotřebitele\, Česká obchodní inspekce vyplnění formuláře a případné zaplacení zde považuje za rizikové.
https://xchncern.monster/zeisscz#,-,Jako provozovatel webu není uveden nikdo\, stránky jsou tedy zcela anonymní a spotřebitel neví\, s kým uzavírá kupní smlouvu a vůči komu může nárokovat svá práva. Před nákupem na těchto stránkách Česká obchodní inspekce varuje.
huglo.cz,-,Z webových stránek není jednoznačně zřejmé\, kdo je prodávajícím\, tedy s kým spotřebitel uzavírá smlouvu a vůči komu může uplatňovat svá práva. Česká obchodní inspekce registruje vysoký počet stížností\, které se tohoto internetového obchodu týkají. Z uvedených důvodů zařazuje Česká obchodní inspekce stránky mezi rizikové.
huglo.sk,-,Dle registrace i obchodních podmínek a fungování stránek se jedná o další mutaci e-shopu stejného provozovatele (ROPETA LTD\, identifikační číslo (CRN): 11761407\, se sídlem Enterprise House 2 Pass Street\, Oldham\, Manchester\, United Kingdom\, OL9 6HZ)\, který má weby vevio.cz a huglo.cz\, před nimi však varuje ČOI již delší dobu. Důvod stejný\, tedy z webových stránek není jednoznačně zřejmé\, kdo je prodávajícím\, tedy s kým spotřebitel uzavírá smlouvu a vůči komu může uplatňovat svá práva. Česká obchodní inspekce registruje vysoký počet stížností\, které se těchto různých portálů stejného provozovatele týkají. Z uvedených důvodů zařazuje Česká obchodní inspekce i tuto verzi stránek stejného provozovatele mezi rizikové weby.
hunterholinky.cc,-,Jako provozovatel webu není uveden nikdo\, stránky jsou tedy zcela anonymní a spotřebitel neví\, s kým uzavírá kupní smlouvu a vůči komu může nárokovat svá práva. Před nákupem na těchto stránkách Česká obchodní inspekce varuje.
hunterholinky.cz,-,Jako provozovatel webu není uveden nikdo\, stránky jsou tedy zcela anonymní a spotřebitel neví\, s kým uzavírá kupní smlouvu a vůči komu může nárokovat svá práva. Před nákupem na těchto stránkách Česká obchodní inspekce varuje.
hunterholinkysleva.cz,-,Jako provozovatel webu není uveden nikdo\, stránky jsou tedy zcela anonymní a spotřebitel neví\, s kým uzavírá kupní smlouvu a vůči komu může nárokovat svá práva. Před nákupem na těchto stránkách Česká obchodní inspekce varuje.
hvssdsv.shop,-,Jako provozovatel webu není uveden nikdo\, stránky jsou tedy zcela anonymní a spotřebitel neví\, s kým uzavírá kupní smlouvu a vůči komu může nárokovat svá práva. Před nákupem na těchto stránkách Česká obchodní inspekce varuje.
hxhjk.myshopify.com,-,Internetový obchod je provozován subjektem se sídlem mimo členské státy Evropské unie\, ačkoliv internetový obchod může u spotřebitelů vzbuzovat dojem\, že je provozován subjektem se sídlem v České republice nebo Evropské unii\, např. e-shop v českém jazyce je provozován subjektem se sídlem v Číně. Spotřebitelé nemohou uplatňovat svá práva\, nebo je tato možnost významně ztížena.
hydroflasktermoska.cz,-,Jako provozovatel webu není uveden nikdo\, stránky jsou tedy zcela anonymní a spotřebitel neví\, s kým uzavírá kupní smlouvu a vůči komu může nárokovat svá práva. Před nákupem na těchto stránkách Česká obchodní inspekce varuje.
i-healthy-beauty.com,-,Spotřebitelé jsou v reklamě odkazováni na tyto stránky vypadající téměř jako seriozní zpravodajský web. Na stránkách je smyšlený příběh o českém studentovi\, který deostal cenu Excellence Award v oblasti zdravotnictví\, avšak taková informace není pravdivá. Pod smyšleným příběhem je prezentován neznámý přípravek k údajné léčbě kloubů. Výrobek není schválen Ústavem pro kontrolu léčiv. Jako provozovatel webu není uveden nikdo\, stránky jsou tedy zcela anonymní a spotřebitel neví\, s kým uzavírá kupní smlouvu a vůči komu může nárokovat svá práva. Před nákupem na těchto stránkách Česká obchodní inspekce varuje.
icebug-eshop.cz,-,Jako provozovatel webu není uveden nikdo\, stránky jsou tedy zcela anonymní a spotřebitel neví\, s kým uzavírá kupní smlouvu a vůči komu může nárokovat svá práva. Před nákupem na těchto stránkách Česká obchodní inspekce varuje.
icell.cz,-,Eshop (obchodní podmínky) neobsahuje tel. nebo email kontakt\, form. pro odstoupení nebo reklamaci. Česká obchodní inspekce před nákupem na těchto stránkách varuje.
immuten-cz.thegreatfitos.com,-,Internetové stránky\, na které se dostanete nejčastěji na základě spamů v elektronické poště\, slibují neznámý produkt proti infekcím. Jako provozovatel webu není uveden nikdo\, stránky jsou tedy zcela anonymní a spotřebitel neví\, s kým uzavírá kupní smlouvu a vůči komu může nárokovat svá práva. Před nákupem na těchto stránkách Česká obchodní inspekce varuje.
infoscrolling.com/420/taneralpro2-sakura/gps/,-,Stránky nabízející údajný přípravek na hubnutí jsou zcela anonymní. Jako provozovatel webu není uveden nikdo\, stránky jsou tedy zcela anonymní a spotřebitel neví\, s kým uzavírá kupní smlouvu a vůči komu může nárokovat svá práva. Před nákupem na těchto stránkách Česká obchodní inspekce varuje.
infrateplomer-cz.com,-,Jako provozovatel webu není uveden nikdo\, stránky jsou tedy zcela anonymní a spotřebitel neví\, s kým uzavírá kupní smlouvu a vůči komu může nárokovat svá práva. Navíc se nejedná o e-shop v pravém slovy smyslu\, útočníkům jde především o sběr dat. Před nákupem či vyplněním osobních údajů na těchto stránkách varuje antivirová firma ESET i Česká obchodní inspekce.
innovaperfect.com,-,Jako provozovatel webu není uveden nikdo\, stránky jsou tedy zcela anonymní a spotřebitel neví\, s kým uzavírá kupní smlouvu a vůči komu může nárokovat svá práva. Před nákupem na těchto stránkách Česká obchodní inspekce varuje.
inuikiicz.cz,-,Jako provozovatel webu není uveden nikdo\, stránky jsou tedy zcela anonymní a spotřebitel neví\, s kým uzavírá kupní smlouvu a vůči komu může nárokovat svá práva. Před nákupem na těchto stránkách Česká obchodní inspekce varuje.
inuivet.cz,-,Jako provozovatel webu není uveden nikdo\, stránky jsou tedy zcela anonymní a spotřebitel neví\, s kým uzavírá kupní smlouvu a vůči komu může nárokovat svá práva. Před nákupem na těchto stránkách Česká obchodní inspekce varuje.
ipanemasandaly.cz,-,Jako provozovatel webu není uveden nikdo\, stránky jsou tedy zcela anonymní a spotřebitel neví\, s kým uzavírá kupní smlouvu a vůči komu může nárokovat svá práva. Před nákupem na těchto stránkách Česká obchodní inspekce varuje.
ipanemavyprodej.cz,-,Jako provozovatel webu není uveden nikdo\, stránky jsou tedy zcela anonymní a spotřebitel neví\, s kým uzavírá kupní smlouvu a vůči komu může nárokovat svá práva. Před nákupem na těchto stránkách Česká obchodní inspekce varuje.
ipermediaservizi.it,-,Jako provozovatel webu není uveden nikdo\, stránky jsou tedy zcela anonymní a spotřebitel neví\, s kým uzavírá kupní smlouvu a vůči komu může nárokovat svá práva. Před nákupem na těchto stránkách Česká obchodní inspekce varuje.
iphone-9.com,-,Jako provozovatel webu není uveden nikdo\, stránky jsou tedy zcela anonymní a spotřebitel neví\, s kým uzavírá kupní smlouvu a vůči komu může nárokovat svá práva. Před nákupem na těchto stránkách Česká obchodní inspekce varuje.
ireonce.com,-,Jako provozovatel webu není uveden nikdo\, stránky jsou tedy zcela anonymní a spotřebitel neví\, s kým uzavírá kupní smlouvu a vůči komu může nárokovat svá práva. Před nákupem na těchto stránkách Česká obchodní inspekce varuje.
ishop-cz.com,-,Jako provozovatel webu není uveden nikdo\, stránky jsou tedy zcela anonymní a spotřebitel neví\, s kým uzavírá kupní smlouvu a vůči komu může nárokovat svá práva. Před nákupem na těchto stránkách Česká obchodní inspekce varuje.
ishoppingworlds.com,-,Jako provozovatel webu není uveden nikdo\, stránky jsou tedy zcela anonymní a spotřebitel neví\, s kým uzavírá kupní smlouvu a vůči komu může nárokovat svá práva. Před nákupem na těchto stránkách Česká obchodní inspekce varuje.
janattwell.com,-,Jako provozovatel webu není uveden nikdo\, stránky jsou tedy zcela anonymní a spotřebitel neví\, s kým uzavírá kupní smlouvu a vůči komu může nárokovat svá práva. Před nákupem na těchto stránkách Česká obchodní inspekce varuje.
jareys.com,-,Jako provozovatel webu není uveden nikdo\, stránky jsou tedy zcela anonymní a spotřebitel neví\, s kým uzavírá kupní smlouvu a vůči komu může nárokovat svá práva. Před nákupem na těchto stránkách Česká obchodní inspekce varuje.
javeng.shop,-,Jako provozovatel webu není uveden nikdo\, stránky jsou tedy zcela anonymní a spotřebitel neví\, s kým uzavírá kupní smlouvu a vůči komu může nárokovat svá práva. Před nákupem na těchto stránkách Česká obchodní inspekce varuje.
jdaptablej.monster,-,Jako provozovatel webu není uveden nikdo\, stránky jsou tedy zcela anonymní a spotřebitel neví\, s kým uzavírá kupní smlouvu a vůči komu může nárokovat svá práva. Před nákupem na těchto stránkách Česká obchodní inspekce varuje.
jdgoiab.cn,-,Jako provozovatel webu není uveden nikdo\, stránky jsou tedy zcela anonymní a spotřebitel neví\, s kým uzavírá kupní smlouvu a vůči komu může nárokovat svá práva. Před nákupem na těchto stránkách Česká obchodní inspekce varuje.
jeesku.com,-,Jako provozovatel webu není uveden nikdo\, stránky jsou tedy zcela anonymní a spotřebitel neví\, s kým uzavírá kupní smlouvu a vůči komu může nárokovat svá práva. Před nákupem na těchto stránkách Česká obchodní inspekce varuje.
jimisia.ru,-,Jako provozovatel webu není uveden nikdo\, stránky jsou tedy zcela anonymní a spotřebitel neví\, s kým uzavírá kupní smlouvu a vůči komu může nárokovat svá práva. Před nákupem na těchto stránkách Česká obchodní inspekce varuje.
jiridrevo.cz,-,Jako provozovatel webu není uveden nikdo\, stránky jsou tedy zcela anonymní a spotřebitel neví\, s kým uzavírá kupní smlouvu a vůči komu může nárokovat svá práva. Před nákupem na těchto stránkách Česká obchodní inspekce varuje.
jk.axayy.club,-,Jako provozovatel webu není uveden nikdo\, stránky jsou tedy zcela anonymní a spotřebitel neví\, s kým uzavírá kupní smlouvu a vůči komu může nárokovat svá práva. Před nákupem na těchto stránkách Česká obchodní inspekce varuje.
jkprofistav.cz,-,Opuštěnou doménu koupil neznámý subjekt. Název domény neodpovídá nabízenému zboží\, tím je především obuv. Jako provozovatel webu není uveden nikdo\, stránky jsou tedy zcela anonymní a spotřebitel neví\, s kým uzavírá kupní smlouvu a vůči komu může nárokovat svá práva. Před nákupem na těchto stránkách Česká obchodní inspekce varuje.
jlgdr.shop,-,Jako provozovatel webu není uveden nikdo\, stránky jsou tedy zcela anonymní a spotřebitel neví\, s kým uzavírá kupní smlouvu a vůči komu může nárokovat svá práva. Před nákupem na těchto stránkách Česká obchodní inspekce varuje.
jncojeans.cz,-,Jako provozovatel webu není uveden nikdo\, stránky jsou tedy zcela anonymní a spotřebitel neví\, s kým uzavírá kupní smlouvu a vůči komu může nárokovat svá práva. Před nákupem na těchto stránkách Česká obchodní inspekce varuje.
jordanshoes.com,https://www.soi.sk/files/documents/info-verejnost/internetove%20obchody/jordanshoes.sk.docx.pdf,-
jsjavornik.cz,-,Opuštěnou doménu koupil neznámý subjekt. Na stránkách je nabízena obuv. Jako provozovatel webu není uveden nikdo\, stránky jsou tedy zcela anonymní a spotřebitel neví\, s kým uzavírá kupní smlouvu a vůči komu může nárokovat svá práva. Před nákupem na těchto stránkách Česká obchodní inspekce varuje.
jt-webcreation.com,-,Jako provozovatel webu není uveden nikdo\, stránky jsou tedy zcela anonymní a spotřebitel neví\, s kým uzavírá kupní smlouvu a vůči komu může nárokovat svá práva. Před nákupem na těchto stránkách Česká obchodní inspekce varuje.
jwpei.cz,-,Jako provozovatel webu není uveden nikdo\, stránky jsou tedy zcela anonymní a spotřebitel neví\, s kým uzavírá kupní smlouvu a vůči komu může nárokovat svá práva. Před nákupem na těchto stránkách Česká obchodní inspekce varuje.
kafar.cz,-,Jako provozovatel webu není uveden nikdo\, stránky jsou tedy zcela anonymní a spotřebitel neví\, s kým uzavírá kupní smlouvu a vůči komu může nárokovat svá práva. Před nákupem na těchto stránkách Česká obchodní inspekce varuje.
kalapsonia.cz,-,Jako provozovatel webu není uveden nikdo\, stránky jsou tedy zcela anonymní a spotřebitel neví\, s kým uzavírá kupní smlouvu a vůči komu může nárokovat svá práva. Před nákupem na těchto stránkách Česká obchodní inspekce varuje.
kalinapraga.com,-,Jako provozovatel webu není uveden nikdo\, stránky jsou tedy zcela anonymní a spotřebitel neví\, s kým uzavírá kupní smlouvu a vůči komu může nárokovat svá práva. Před nákupem na těchto stránkách Česká obchodní inspekce varuje.
kamagra-1stcz.com,-,Jako provozovatel webu není uveden nikdo\, stránky jsou tedy zcela anonymní a spotřebitel neví\, s kým uzavírá kupní smlouvu a vůči komu může nárokovat svá práva. Před nákupem na těchto stránkách Česká obchodní inspekce varuje.
kamagralove.shop,-,Obchodní podmínky hrubým způsobem porušují právní předpisy České republiky. Jako provozovatel je uvedena firma na adrese\, na které se takový obchodník nevyskytuje. Chybí jakékoli IČO provozovatele. Před nákupem na těchto stránkách Česká obchodní inspekce varuje.
kamagraobchod.com,-,Jako provozovatel webu není uveden nikdo\, stránky jsou tedy zcela anonymní a spotřebitel neví\, s kým uzavírá kupní smlouvu a vůči komu může nárokovat svá práva. Před nákupem na těchto stránkách Česká obchodní inspekce varuje.
kamagrashop.sk,-,Jako provozovatel webu není uveden nikdo\, stránky jsou tedy zcela anonymní a spotřebitel neví\, s kým uzavírá kupní smlouvu a vůči komu může nárokovat svá práva. Před nákupem na těchto stránkách Česká obchodní inspekce varuje.
kantostarter.eu,-,Jako provozovatel webu není uveden nikdo\, stránky jsou tedy zcela anonymní a spotřebitel neví\, s kým uzavírá kupní smlouvu a vůči komu může nárokovat svá práva. Před nákupem na těchto stránkách Česká obchodní inspekce varuje.
karllagerfeldcz.com,-,Jako provozovatel webu není uveden nikdo\, stránky jsou tedy zcela anonymní a spotřebitel neví\, s kým uzavírá kupní smlouvu a vůči komu může nárokovat svá práva. Před nákupem na těchto stránkách Česká obchodní inspekce varuje.
kartalin-mast.cz,-,Jako provozovatel webu není uveden nikdo\, stránky jsou tedy zcela anonymní a spotřebitel neví\, s kým uzavírá kupní smlouvu a vůči komu může nárokovat svá práva. Před nákupem na těchto stránkách Česká obchodní inspekce varuje.
kazareshop.cz,-,Jako provozovatel webu není uveden nikdo\, stránky jsou tedy zcela anonymní a spotřebitel neví\, s kým uzavírá kupní smlouvu a vůči komu může nárokovat svá práva. Před nákupem na těchto stránkách Česká obchodní inspekce varuje.
keen-cz.com,-,Jako provozovatel webu není uveden nikdo\, stránky jsou tedy zcela anonymní a spotřebitel neví\, s kým uzavírá kupní smlouvu a vůči komu může nárokovat svá práva. Před nákupem na těchto stránkách Česká obchodní inspekce varuje.
keenobuv.cz,-,Jako provozovatel webu není uveden nikdo\, stránky jsou tedy zcela anonymní a spotřebitel neví\, s kým uzavírá kupní smlouvu a vůči komu může nárokovat svá práva. Před nákupem na těchto stránkách Česká obchodní inspekce varuje.
keenvyprodej.cz,-,Opuštěnou doménu koupil neznámý subjekt. Jako provozovatel webu není uveden nikdo\, stránky jsou tedy zcela anonymní a spotřebitel neví\, s kým uzavírá kupní smlouvu a vůči komu může nárokovat svá práva. Před nákupem na těchto stránkách Česká obchodní inspekce varuje.
keyine.shop,-,Jako provozovatel webu není uveden nikdo\, stránky jsou tedy zcela anonymní a spotřebitel neví\, s kým uzavírá kupní smlouvu a vůči komu může nárokovat svá práva. Před nákupem na těchto stránkách Česká obchodní inspekce varuje.
kfxgw.shop,-,Jako provozovatel webu není uveden nikdo\, stránky jsou tedy zcela anonymní a spotřebitel neví\, s kým uzavírá kupní smlouvu a vůči komu může nárokovat svá práva. Před nákupem na těchto stránkách Česká obchodní inspekce varuje.
khaite.cz,-,Jako provozovatel webu není uveden nikdo\, stránky jsou tedy zcela anonymní a spotřebitel neví\, s kým uzavírá kupní smlouvu a vůči komu může nárokovat svá práva. Před nákupem na těchto stránkách Česká obchodní inspekce varuje.
khujobundaeshop.com,-,Jako provozovatel webu není uveden nikdo\, stránky jsou tedy zcela anonymní a spotřebitel neví\, s kým uzavírá kupní smlouvu a vůči komu může nárokovat svá práva. Před nákupem na těchto stránkách Česká obchodní inspekce varuje.
kicksoi.eu,-,Jako provozovatel webu není uveden nikdo\, stránky jsou tedy zcela anonymní a spotřebitel neví\, s kým uzavírá kupní smlouvu a vůči komu může nárokovat svá práva. Před nákupem na těchto stránkách Česká obchodní inspekce varuje.
kidszona.cz,-,Podle informací uvedených na internetových stránkách nejde o klasický e-shop\, ale o „nákupní galerii“\, jejímž prostřednictvím údajně zboží nabízejí externí zahraniční subjekty. Má se jednat zřejmě o společnosti se sídlem v Číně nebo v jiných asijských zemích\, u nichž je pro spotřebitele obtížné ověřit jejich existenci a důvěryhodnost. ČOI registruje stížnosti na dodání zboží s velkou časovou prodlevou\, případně nedodání zboží vůbec. Je-li dostupnost označena např. výrazem „skladem ihned k odeslání“\, může to v praxi znamenat\, že zboží se nachází v Číně a bude doručeno až za několik týdnů či měsíců. Řešení reklamací a/nebo vracení zboží může být pro spotřebitele obtížné. Případný nákup na těchto internetových stránkách doporučujeme důkladně uvážit a před jeho provedením velmi podrobně zkontrolovat dodací lhůty\, obchodní podmínky a identitu a důvěryhodnost externího prodávajícího.
killstarcz.cz,-,Jako provozovatel webu není uveden nikdo\, stránky jsou tedy zcela anonymní a spotřebitel neví\, s kým uzavírá kupní smlouvu a vůči komu může nárokovat svá práva. Před nákupem na těchto stránkách Česká obchodní inspekce varuje.
kiplingkabelka.cz,-,Jako provozovatel webu není uveden nikdo\, stránky jsou tedy zcela anonymní a spotřebitel neví\, s kým uzavírá kupní smlouvu a vůči komu může nárokovat svá práva. Před nákupem na těchto stránkách Česká obchodní inspekce varuje.
kiwjhc.com,-,Jako provozovatel webu není uveden nikdo\, stránky jsou tedy zcela anonymní a spotřebitel neví\, s kým uzavírá kupní smlouvu a vůči komu může nárokovat svá práva. Před nákupem na těchto stránkách Česká obchodní inspekce varuje.
koala-express.eu,-,Ze stránek není zřejmé\, kdo je provozovatelem\, tedy s kým spotřebitel uzavírá smlouvu a vůči komu může nárokovat svá práva. Obchodní podmínky chybí. Před nákupem na těchto stránkách Česká obchodní inspekce varuje.
kociky-leja.sk,https://www.soi.sk/files/documents/info-verejnost/internetove%20obchody/kociky-leja.sk.docx.pdf,-
kodykuponu.com,-,Jako provozovatel webu není uveden nikdo\, stránky jsou tedy zcela anonymní a spotřebitel neví\, s kým uzavírá kupní smlouvu a vůči komu může nárokovat svá práva. Před nákupem na těchto stránkách Česká obchodní inspekce varuje.
koifootwear.cz,-,Jako provozovatel webu není uveden nikdo\, stránky jsou tedy zcela anonymní a spotřebitel neví\, s kým uzavírá kupní smlouvu a vůči komu může nárokovat svá práva. Před nákupem na těchto stránkách Česká obchodní inspekce varuje.
kolimnc.com,-,Stránky se prezentují jako jakýsi zdravotní portál\, avšak nejde o žádný oficiální portál skutečných zdravotníků (https://www.coi.gov.cz/kolimnc/). Obchodní podmínky jsou zcela nedostatečné. Na stránkách je pak nabízen pochybný výrobek proti bolesti páteře a kloubů. Stránky jsou úplně stejné\, jako jiný obdobný zdravotní portál\, který podobným způsobem nabízí přípravek proti vysokému krevnímu tlaku i na hubnutí. Česká obchodní inspekce nákup zde považuje za rizikový.
kopakick.com,-,Jako provozovatel webu není uveden nikdo\, stránky jsou tedy zcela anonymní a spotřebitel neví\, s kým uzavírá kupní smlouvu a vůči komu může nárokovat svá práva. Před nákupem na těchto stránkách Česká obchodní inspekce varuje.
koronavirus.in,-,Stránky jsou některé dny zcela nedostupné. V okamžiku\, kdy dostupné jsou\, jako provozovatel webu není uveden nikdo\, stránky jsou tedy zcela anonymní a spotřebitel neví\, s kým uzavírá kupní smlouvu a vůči komu může nárokovat svá práva.  Před nákupem na těchto stránkách Česká obchodní inspekce varuje.
kosile.shop,-,Jako provozovatel webu není uveden nikdo\, stránky jsou tedy zcela anonymní a spotřebitel neví\, s kým uzavírá kupní smlouvu a vůči komu může nárokovat svá práva. Před nákupem na těchto stránkách Česká obchodní inspekce varuje.
krajkaasklo.com,-,Z webových stránek není zřejmé\, kdo je provozovatelem e-shopu\, Spotřebitel tak neví\, s kým uzavírá kupní smlouvu a vůči komu může nárokovat svá práva. Před nákupem na těchto stránkách Česká obchodní inspekce varuje.
krisnoshop.com,-,Jako provozovatel webu není uveden nikdo\, stránky jsou tedy zcela anonymní. E-shop nezveřejňuje obchodní podmínky\, případně obsah obchodních podmínek hrubě odporuje právním předpisům. Před nákupem na těchto stránkách Česká obchodní inspekce varuje.
kristinn.shop,-,Jako provozovatel webu není uveden nikdo\, stránky jsou tedy zcela anonymní a spotřebitel neví\, s kým uzavírá kupní smlouvu a vůči komu může nárokovat svá práva. Před nákupem na těchto stránkách Česká obchodní inspekce varuje.
ksdg.store,-,Jako provozovatel webu není uveden nikdo\, stránky jsou tedy zcela anonymní a spotřebitel neví\, s kým uzavírá kupní smlouvu a vůči komu může nárokovat svá práva. Před nákupem na těchto stránkách Česká obchodní inspekce varuje.
kspaceproject.com,-,Jako provozovatel webu není uveden nikdo\, stránky jsou tedy zcela anonymní a spotřebitel neví\, s kým uzavírá kupní smlouvu a vůči komu může nárokovat svá práva. Před nákupem na těchto stránkách Česká obchodní inspekce varuje.
kubishop.cz,-,Nákupní galerie (zprostředkování ze zahraničí): Podle informací uvedených na internetových stránkách nejde o klasický e-shop\, ale o „nákupní galerii“\, jejímž prostřednictvím údajně zboží nabízejí externí zahraniční subjekty. Má se jednat zřejmě o společnosti se sídlem v Číně nebo v jiných asijských zemích\, u nichž je pro spotřebitele obtížné ověřit jejich existenci a důvěryhodnost. ČOI registruje stížnosti na dodání zboží s velkou časovou prodlevou\, případně nedodání zboží vůbec. Je-li dostupnost označena např. výrazem „skladem ihned k odeslání“\, může to v praxi znamenat\, že zboží se nachází v Číně a bude doručeno až za několik týdnů či měsíců. Řešení reklamací a/nebo vracení zboží může být pro spotřebitele obtížné. Případný nákup na těchto internetových stránkách doporučujeme důkladně uvážit a před jeho provedením velmi podrobně zkontrolovat dodací lhůty\, obchodní podmínky a identitu a důvěryhodnost externího prodávajícího.
kuchynemikulov.com,-,Jako provozovatel webu není uveden nikdo\, stránky jsou tedy zcela anonymní a spotřebitel neví\, s kým uzavírá kupní smlouvu a vůči komu může nárokovat svá práva. Před nákupem na těchto stránkách Česká obchodní inspekce varuje.
kuorest.com,-,Jako provozovatel webu není uveden nikdo\, stránky jsou tedy zcela anonymní a spotřebitel neví\, s kým uzavírá kupní smlouvu a vůči komu může nárokovat svá práva. Před nákupem na těchto stránkách Česká obchodní inspekce varuje.
kup.amol.cz,-,Jako provozovatel webu není uveden nikdo\, stránky jsou tedy zcela anonymní a spotřebitel neví\, s kým uzavírá kupní smlouvu a vůči komu může nárokovat svá práva. Před nákupem na těchto stránkách Česká obchodní inspekce varuje.
kupi-cz.com,-,Tyto stránky se prezentují pod neexistujícím názvem společnosti\, a to Kupi Cz s.r.o.\, kterou není možné dohledat ve veřejných rejstřících firem. E-shop neuvádí IČO. Spotřebitel neví\, s kým uzavírá kupní smlouvu a vůči komu může nárokovat svá práva. Před nákupem na těchto stránkách Česká obchodní inspekce varuje.
kutilsro.sk,https://www.soi.sk/files/documents/info-verejnost/internetove%20obchody/tatiana%20kamen%C3%ADkov%C3%A1_upozornenie%20pre%20spotrebite%C4%BEov.pdf,-
labetcod.com,-,Jako provozovatel webu není uveden nikdo\, stránky jsou tedy zcela anonymní a spotřebitel neví\, s kým uzavírá kupní smlouvu a vůči komu může nárokovat svá práva. Před nákupem na těchto stránkách Česká obchodní inspekce varuje.
lasportivacz.cz,-,Jako provozovatel webu není uveden nikdo\, stránky jsou tedy zcela anonymní a spotřebitel neví\, s kým uzavírá kupní smlouvu a vůči komu může nárokovat svá práva. Před nákupem na těchto stránkách Česká obchodní inspekce varuje.
laureshop.eu/cs,-,Podle informací uvedených na internetových stránkách nejde o klasický e-shop\, ale o „nákupní galerii“\, jejímž prostřednictvím údajně jsou nabízeny nevyzvednuté zásilky z Amazonu. Podle informací\, které má ČOI k dispozici\, někteří spotřebitelé marně čekají na doručení objednaného a uhrazeného zboží a dále jsou jim údajně strhávány další částky z platebních karet. Má se jednat zřejmě o společnosti se sídlem v USA\, u které je pro spotřebitele obtížné ověřit jejich existenci a důvěryhodnost. Řešení reklamací a/nebo vracení zboží může být pro spotřebitele obtížné. Případný nákup na těchto internetových stránkách doporučujeme důkladně uvážit.
lbres.shop,-,Jako provozovatel webu není uveden nikdo\, stránky jsou tedy zcela anonymní a spotřebitel neví\, s kým uzavírá kupní smlouvu a vůči komu může nárokovat svá práva. Před nákupem na těchto stránkách Česká obchodní inspekce varuje.
leatheryouth.com,-,Jako provozovatel webu není uveden nikdo\, stránky jsou tedy zcela anonymní a spotřebitel neví\, s kým uzavírá kupní smlouvu a vůči komu může nárokovat svá práva. Před nákupem na těchto stránkách Česká obchodní inspekce varuje.
led-zrkadla.sk,https://www.soi.sk/files/documents/info-verejnost/internetove%20obchody/tatiana%20kamen%C3%ADkov%C3%A1_upozornenie%20pre%20spotrebite%C4%BEov.pdf,-
legeroeshop.com,-,Jako provozovatel webu není uveden nikdo\, stránky jsou tedy zcela anonymní a spotřebitel neví\, s kým uzavírá kupní smlouvu a vůči komu může nárokovat svá práva. Před nákupem na těchto stránkách Česká obchodní inspekce varuje.
leguanovyprodej.com,-,Jako provozovatel webu není uveden nikdo\, stránky jsou tedy zcela anonymní a spotřebitel neví\, s kým uzavírá kupní smlouvu a vůči komu může nárokovat svá práva. Před nákupem na těchto stránkách Česká obchodní inspekce varuje.
lekarna-eshop.com,-,Jako provozovatel webu není uveden nikdo\, stránky jsou tedy zcela anonymní a spotřebitel neví\, s kým uzavírá kupní smlouvu a vůči komu může nárokovat svá práva. Před nákupem na těchto stránkách Česká obchodní inspekce varuje.
lekarna-protebe.cz,-,Stránky údajné lékárny s volným prodejem přípravků a léků\, některé jsou výhradně na lékařský předpis. Stránky jsou anonymní. Provozovatel webu volným prodejem přípravků\, které mají být výhradně na předpis\, zásadně porušuje platné zákony. Obchodní podmínky jsou nedostatečné. Některé nabízené výrobky neznámého původu jsou jen za zlomek skutečné ceny na trhu a nemusejí být pravé. Před nákupem na těchto stránkách Česká obchodní inspekce důrazně varuje.
lekarnanaproudu.cz,-,Stránky údajné lékárny s volným prodejem přípravků a léků\, některé jsou výhradně na lékařský předpis. Stránky jsou anonymní. Provozovatel webu nesplňuje zákonné podmínky pro provoz lékárny. Před nákupem na těchto stránkách varuje Česká obchodní inspekce i Státní ústav pro kontrolu léčiv.
lemsczech.com,-,Jako provozovatel webu není uveden nikdo\, stránky jsou tedy zcela anonymní a spotřebitel neví\, s kým uzavírá kupní smlouvu a vůči komu může nárokovat svá práva. Před nákupem na těchto stránkách Česká obchodní inspekce varuje.
lenkajuricova.cz,-,Opuštěnou doménu koupil neznámý subjekt. Jako provozovatel webu není uveden nikdo\, stránky jsou tedy zcela anonymní a spotřebitel neví\, s kým uzavírá kupní smlouvu a vůči komu může nárokovat svá práva. Před nákupem na těchto stránkách Česká obchodní inspekce varuje.
lenkapraha.com,-,Jako provozovatel webu není uveden nikdo\, stránky jsou tedy zcela anonymní a spotřebitel neví\, s kým uzavírá kupní smlouvu a vůči komu může nárokovat svá práva. Před nákupem na těchto stránkách Česká obchodní inspekce varuje.
lesni-valecek.myshopify.com,-,Jako provozovatel webu není uveden nikdo\, stránky jsou tedy zcela anonymní a spotřebitel neví\, s kým uzavírá kupní smlouvu a vůči komu může nárokovat svá práva. Před nákupem na těchto stránkách Česká obchodní inspekce varuje.
levasan-maxx2.com/cz/,-,Internetové stránky slibují například přípravek Levasan Maxx\, před kterým varuje i Státní ústav pro kontrolu léčiv. Obchodní podmínky zcela chybí\, další informace na stránkách jsou nedostatečné. Jako provozovatel není uveden nikdo\, stránky jsou tedy zcela anonymní a spotřebitel neví\, vůči komu může nárokovat svá práva. Česká obchodní inspekce na základě informací Státního ústavu pro kontrolu léčiv před těmito stránkami varuje.
levneairpody.cz,-,Jako provozovatel webu není uveden nikdo\, stránky jsou tedy zcela anonymní a spotřebitel neví\, s kým uzavírá kupní smlouvu a vůči komu může nárokovat svá práva. Před nákupem na těchto stránkách Česká obchodní inspekce varuje.
levnydopamin.cz,-,Jako provozovatel webu není uveden nikdo\, stránky jsou tedy zcela anonymní a spotřebitel neví\, s kým uzavírá kupní smlouvu a vůči komu může nárokovat svá práva. Před nákupem na těchto stránkách Česká obchodní inspekce varuje.
lidbeat.space/CMGk/,-,Internetové stránky\, na které se dostanete nejčastěji na základě spamů v elektronické poště\, slibují neznámý přípravek. Obchodní podmínky chybí. Další informace na stránkách jsou zcela nedostatečné. Jako provozovatel je uvedena údajná firma z Panamy\, která figuruje u celé řady dalších rizikových webů. Na stránkách odbíhá odpočítávání času\, aby spotřebitel byl tlačen k rozhodnutí a neměl čas o nákupu přemýšlet. Před nákupem na těchto stránkách Česká obchodní inspekce varuje.
life-changings-facts.com,-,Jako provozovatel webu není uveden nikdo\, stránky jsou tedy zcela anonymní a spotřebitel neví\, s kým uzavírá kupní smlouvu a vůči komu může nárokovat svá práva. Před nákupem na těchto stránkách Česká obchodní inspekce varuje.
lifebeautyme.com,-,Jako provozovatel webu není uveden nikdo\, stránky jsou tedy zcela anonymní a spotřebitel neví\, s kým uzavírá kupní smlouvu a vůči komu může nárokovat svá práva. Před nákupem na těchto stránkách Česká obchodní inspekce varuje.
lifeproducti.com,-,Stránka\, na kterou se dostane spotřebitel nejčastěji přes spam v e-mailu\, nabízí nejčastěji neznámý výrobek na hubnutí. Jako provozovatel webu není uveden nikdo\, stránky jsou tedy zcela anonymní a spotřebitel neví\, s kým uzavírá kupní smlouvu a vůči komu může nárokovat svá práva. Před nákupem na těchto stránkách Česká obchodní inspekce varuje.
liformecz.com,-,Jako provozovatel webu není uveden nikdo\, stránky jsou tedy zcela anonymní a spotřebitel neví\, s kým uzavírá kupní smlouvu a vůči komu může nárokovat svá práva. Před nákupem na těchto stránkách Česká obchodní inspekce varuje.
limitedtimeforoffer.com/420/magnicharm-med-m/gps/,-,Na stránky jsou odkazování spotřebitelé ze zdravotního portálu\, který není skutečným portálem zdravotníků.  Na webových stránkách je nabízen naprosto neznámý výrobek jako pomoc pacientům proti bolestlem\, který není registrovaný u Státního ústavu pro kontrolu léčiv. Jako provozovatel webu není uveden nikdo\, stránky jsou tedy zcela anonymní a spotřebitel neví\, s kým uzavírá kupní smlouvu a vůči komu může nárokovat svá práva. Před nákupem na těchto stránkách varuje Česká obchodní inspekce.
linakocka.com,-,Jako provozovatel webu není uveden nikdo\, stránky jsou tedy zcela anonymní a spotřebitel neví\, s kým uzavírá kupní smlouvu a vůči komu může nárokovat svá práva. Před nákupem na těchto stránkách Česká obchodní inspekce varuje.
lingfluent.com/cs/,-,Z webových stránek není zřejmé\, kdo je provozovatelem e-shopu\, tedy s kým spotřebitel uzavírá smlouvu a vůči komu může nárokovat svá práva. Obchodní podmínky zcela chybí. Česká obchodní inspekce nákup zde považuje za rizikový.
lipox.cz,-,Jako provozovatel webu je uvedena v obchodních podmínkách firma TNA Technology s.r.o.\, IČO: 0812276 (viz obr: https://www.coi.gov.cz/wp-content/uploads/2020/05/lipox.png)\, avšak taková firma neexistuje. Spotřebitel tedy neví\, s kým uzavírá kupní smlouvu a vůči komu může nárokovat svá práva. Před nákupem na těchto stránkách Česká obchodní inspekce varuje.
littlepioneer.cz,-,Jako provozovatel webu není uveden nikdo\, stránky jsou tedy zcela anonymní a spotřebitel neví\, s kým uzavírá kupní smlouvu a vůči komu může nárokovat svá práva. Před nákupem na těchto stránkách Česká obchodní inspekce varuje.
lmbnzwbu.greatsnarods.com,-,Na webových stránkách je nabízen naprosto neznámý výrobek jako pomoc pacientům při cukrovce\, který není registrovaný u Státního ústavu pro kontrolu léčiv.  Jako provozovatel webu není uveden nikdo\, stránky jsou tedy zcela anonymní a spotřebitel neví\, s kým uzavírá kupní smlouvu a vůči komu může nárokovat svá práva. Před nákupem na těchto stránkách varuje Česká obchodní inspekce i Státní ústav pro kontrolu léčiv.
lmmstore.com,-,Jako provozovatel webu není uveden nikdo\, stránky jsou tedy zcela anonymní a spotřebitel neví\, s kým uzavírá kupní smlouvu a vůči komu může nárokovat svá práva. Před nákupem na těchto stránkách Česká obchodní inspekce varuje.
lnkuefeo.newherbalfito.com,-,Jako provozovatel webu není uveden nikdo\, stránky jsou tedy zcela anonymní a spotřebitel neví\, s kým uzavírá kupní smlouvu a vůči komu může nárokovat svá práva. Před nákupem na těchto stránkách Česká obchodní inspekce varuje.
lnvxnxso.sourcesphyto.com,-,Jako provozovatel webu není uveden nikdo\, stránky jsou tedy zcela anonymní a spotřebitel neví\, s kým uzavírá kupní smlouvu a vůči komu může nárokovat svá práva. Před nákupem na těchto stránkách Česká obchodní inspekce varuje.
loftyteam.com/normalife_cr/,-,Stránky nabízejí neznámý výrobek na ucpané cévy. Výrobek na stránkách vychvaluje údajný prof. Koláček\, který však nemá žádný záznam na univerzitě\, ani v jiné seriozní instituci. Fotka je stažena z fotobanky\, jde o smysšleného odborníka. Jako provozovatel webu není uveden nikdo\, stránky jsou tedy zcela anonymní a spotřebitel neví\, s kým uzavírá kupní smlouvu a vůči komu může nárokovat svá práva. Před nákupem na těchto stránkách Česká obchodní inspekce varuje.
longchampczeshop.cz,-,Jako provozovatel webu není uveden nikdo\, stránky jsou tedy zcela anonymní a spotřebitel neví\, s kým uzavírá kupní smlouvu a vůči komu může nárokovat svá práva. Před nákupem na těchto stránkách Česká obchodní inspekce varuje.
longchampkabelka.cz,-,Jako provozovatel webu není uveden nikdo\, stránky jsou tedy zcela anonymní a spotřebitel neví\, s kým uzavírá kupní smlouvu a vůči komu může nárokovat svá práva. Před nákupem na těchto stránkách Česká obchodní inspekce varuje.
lookbrew.com,-,Jako provozovatel webu není uveden nikdo\, stránky jsou tedy zcela anonymní a spotřebitel neví\, s kým uzavírá kupní smlouvu a vůči komu může nárokovat svá práva. Před nákupem na těchto stránkách Česká obchodní inspekce varuje.
lottovyprodej.cz,-,Jako provozovatel webu není uveden nikdo\, stránky jsou tedy zcela anonymní a spotřebitel neví\, s kým uzavírá kupní smlouvu a vůči komu může nárokovat svá práva. Před nákupem na těchto stránkách Česká obchodní inspekce varuje.
louboutinboty.cz,-,Jako provozovatel webu není uveden nikdo\, stránky jsou tedy zcela anonymní a spotřebitel neví\, s kým uzavírá kupní smlouvu a vůči komu může nárokovat svá práva. Před nákupem na těchto stránkách Česká obchodní inspekce varuje.
love-puls.shop,-,Jako provozovatel webu není uveden nikdo\, stránky jsou tedy zcela anonymní a spotřebitel neví\, s kým uzavírá kupní smlouvu a vůči komu může nárokovat svá práva. Před nákupem na těchto stránkách Česká obchodní inspekce varuje.
loveeds.com,-,Jako provozovatel webu není uveden nikdo\, stránky jsou tedy zcela anonymní a spotřebitel neví\, s kým uzavírá kupní smlouvu a vůči komu může nárokovat svá práva. Před nákupem na těchto stránkách Česká obchodní inspekce varuje.
lowa-obchod.cz,-,Jako provozovatel webu není uveden nikdo\, stránky jsou tedy zcela anonymní a spotřebitel neví\, s kým uzavírá kupní smlouvu a vůči komu může nárokovat svá práva. Před nákupem na těchto stránkách Česká obchodní inspekce varuje.
lpqborrf.newfitolifes.com,-,Internetové stránky\, na které se dostanete nejčastěji na základě spamů v elektronické poště\, slibují neznámý přípravek. Obchodní podmínky chybí. Další informace na stránkách jsou zcela nedostatečné. Jako provozovatel je uvedena údajná firma z Panamy\, která figuruje u celé řady dalších rizikových webů. Na stránkách odbíhá odpočítávání času\, aby spotřebitel byl tlačen k rozhodnutí a neměl čas o nákupu přemýšlet. Před nákupem na těchto stránkách Česká obchodní inspekce varuje.
lrrkbnbh.bloghealthup.com,-,Jako provozovatel webu není uveden nikdo\, stránky jsou tedy zcela anonymní a spotřebitel neví\, s kým uzavírá kupní smlouvu a vůči komu může nárokovat svá práva. Před nákupem na těchto stránkách Česká obchodní inspekce varuje.
lrui.store,-,Jako provozovatel webu není uveden nikdo\, stránky jsou tedy zcela anonymní a spotřebitel neví\, s kým uzavírá kupní smlouvu a vůči komu může nárokovat svá práva. Před nákupem na těchto stránkách Česká obchodní inspekce varuje.
lrvvzglc.bestwellbeings.com,-,Stránky nabízejí neznámý výrobek na klouby. Jako provozovatel webu není uveden nikdo\, stránky jsou tedy zcela anonymní a spotřebitel neví\, s kým uzavírá kupní smlouvu a vůči komu může nárokovat svá práva. Před nákupem na těchto stránkách Česká obchodní inspekce varuje.
lsplfwoz.newfitosources.com,-,Jako provozovatel webu není uveden nikdo\, stránky jsou tedy zcela anonymní a spotřebitel neví\, s kým uzavírá kupní smlouvu a vůči komu může nárokovat svá práva. Před nákupem na těchto stránkách Česká obchodní inspekce varuje.
luckydevil.xyz,-,Stránky po rozkliknutí neukáží nic\, ale při kliknutí na konkrétní reklamu se ukáže nabídka společnosti O2\, která informuje o údajné výhře. Print screen této nabídky má Česká obchodní inspekce k dispozici. Stránky vytvářejí dojem výhry\, aby tam spotřebitel vyplnil formulář\, kde zadá informace o sobě\, především jméno\, telefonní číslo a e-mail. Jako provozovatel webu je uvedena společnost O2\, které nemá se stránkami nic společného. Stránky jsou tedy zcela anonymní a spotřebitel neví\, vůči komu může nárokovat svá práva. Před vyplněním formuláře se svými osobnímu údaji na těchto stránkách Česká obchodní inspekce varuje.
lufnpbht.fitoremedyheres.com,-,Jako provozovatel webu není uveden nikdo\, stránky jsou tedy zcela anonymní a spotřebitel neví\, s kým uzavírá kupní smlouvu a vůči komu může nárokovat svá práva. Před nákupem na těchto stránkách Česká obchodní inspekce varuje.
lujtf.shop,-,Jako provozovatel webu není uveden nikdo\, stránky jsou tedy zcela anonymní a spotřebitel neví\, s kým uzavírá kupní smlouvu a vůči komu může nárokovat svá práva. Před nákupem na těchto stránkách Česká obchodní inspekce varuje.
lumeo.cz,-,Česká obchodní inspekce registruje vysoký počet stížností\, které se provozovatele internetových stránek týkají. Podle informací uvedených na internetových stránkách nejde o klasický e-shop\, ale o „virtuální galerii“\, jejímž prostřednictvím údajně zboží nabízejí externí subjekty. Obvykle se má jednat o společnosti se sídlem v Číně nebo v jiných asijských zemích\, u nichž je pro spotřebitele obtížné ověřit jejich existenci a důvěryhodnost. ČOI registruje stížnosti na dodání zboží s velkou časovou prodlevou\, případně nedodání zboží vůbec. Je-li dostupnost označena např. výrazem „skladem u dodavatele“\, může to v praxi znamenat\, že zboží se nachází v Číně a bude doručeno až za několik týdnů či měsíců. Řešení reklamací a/nebo vracení zboží může být pro spotřebitele obtížné. V souvislosti s krizovou situací ohledně onemocnění COVID-19 ČOI obdržela stížnosti týkající se přemrštěných cen osobních ochranných pomůcek a velmi dlouhých dodacích lhůt. Případný nákup na těchto internetových stránkách doporučujeme důkladně uvážit a před jeho provedením velmi podrobně zkontrolovat dodací lhůty\, obchodní podmínky a identitu a důvěryhodnost externího prodávajícího.
lunzo.cz,-,Česká obchodní inspekce registruje vysoký počet stížností\, které se provozovatele internetových stránek týkají. Podle informací uvedených na internetových stránkách nejde o klasický e-shop\, ale o „virtuální galerii“\, jejímž prostřednictvím údajně zboží nabízejí externí subjekty. Obvykle se má jednat o společnosti se sídlem v Číně nebo v jiných asijských zemích\, u nichž je pro spotřebitele obtížné ověřit jejich existenci a důvěryhodnost. ČOI registruje stížnosti na dodání zboží s velkou časovou prodlevou\, případně nedodání zboží vůbec. Je-li dostupnost označena např. výrazem „skladem u dodavatele“\, může to v praxi znamenat\, že zboží se nachází v Číně a bude doručeno až za několik týdnů či měsíců. Řešení reklamací a/nebo vracení zboží může být pro spotřebitele obtížné. V souvislosti s krizovou situací ohledně onemocnění COVID-19 ČOI obdržela stížnosti týkající se přemrštěných cen osobních ochranných pomůcek a velmi dlouhých dodacích lhůt. Případný nákup na těchto internetových stránkách doporučujeme důkladně uvážit a před jeho provedením velmi podrobně zkontrolovat dodací lhůty\, obchodní podmínky a identitu a důvěryhodnost externího prodávajícího.
lunzo.sk,https://www.soi.sk/files/documents/info-verejnost/internetove%20obchody/lunzo.sk.docx.pdf,Česká obchodní inspekce registruje vysoký počet stížností\, které se provozovatele internetových stránek týkají. Podle informací uvedených na internetových stránkách nejde o klasický e-shop\, ale o „virtuální galerii“\, jejímž prostřednictvím údajně zboží nabízejí externí subjekty. Obvykle se má jednat o společnosti se sídlem v Číně nebo v jiných asijských zemích\, u nichž je pro spotřebitele obtížné ověřit jejich existenci a důvěryhodnost. ČOI registruje stížnosti na dodání zboží s velkou časovou prodlevou\, případně nedodání zboží vůbec. Je-li dostupnost označena např. výrazem „skladem u dodavatele“\, může to v praxi znamenat\, že zboží se nachází v Číně a bude doručeno až za několik týdnů či měsíců. Řešení reklamací a/nebo vracení zboží může být pro spotřebitele obtížné. Případný nákup na těchto internetových stránkách doporučujeme důkladně uvážit a před jeho provedením velmi podrobně zkontrolovat dodací lhůty\, obchodní podmínky a identitu a důvěryhodnost externího prodávajícího.
lywepwfi.newinfozdrav.com,-,Jako provozovatel webu není uveden nikdo\, stránky jsou tedy zcela anonymní a spotřebitel neví\, s kým uzavírá kupní smlouvu a vůči komu může nárokovat svá práva. Před nákupem na těchto stránkách Česká obchodní inspekce varuje.
maisonpraha.cz,-,Jako provozovatel webu není uveden nikdo\, stránky jsou tedy zcela anonymní a spotřebitel neví\, s kým uzavírá kupní smlouvu a vůči komu může nárokovat svá práva. Před nákupem na těchto stránkách Česká obchodní inspekce varuje.
maldero.com,-,Jako provozovatel webu není uveden nikdo\, stránky jsou tedy zcela anonymní a spotřebitel neví\, s kým uzavírá kupní smlouvu a vůči komu může nárokovat svá práva. Před nákupem na těchto stránkách Česká obchodní inspekce varuje.
mancini.sk,https://www.soi.sk/files/documents/info-verejnost/internetove%20obchody/mancini.sk.pdf,-
manleo.cz,-,Jako provozovatel webu není uveden nikdo\, stránky jsou tedy zcela anonymní a spotřebitel neví\, s kým uzavírá kupní smlouvu a vůči komu může nárokovat svá práva. Před nákupem na těchto stránkách Česká obchodní inspekce varuje.
margginkcorcite.tk,-,Jako provozovatel webu není uveden nikdo\, stránky jsou tedy zcela anonymní a spotřebitel neví\, s kým uzavírá kupní smlouvu a vůči komu může nárokovat svá práva. Před nákupem na těchto stránkách Česká obchodní inspekce varuje. Stránky mají jinou podobu při příchodu proklikem z reklamy\, než při přímém zadání url adresy. Na webu je uveden lékař Karel Havlíček\, údajný ředitel Národního lékařského vědeckého centra. Tento údajný lékař nemá žádný záznam na univerzitě\, ani v jiné seriózní instituci. Fotka je stažena z fotobanky\, jde o smyšleného odborníka. Viz: https://www.coi.gov.cz/margginkcorcite/
marklv.cz,-,Jako provozovatel webu není uveden nikdo\, stránky jsou tedy zcela anonymní a spotřebitel neví\, s kým uzavírá kupní smlouvu a vůči komu může nárokovat svá práva. Před nákupem na těchto stránkách Česká obchodní inspekce varuje.
martenscz.com,-,Jako provozovatel webu není uveden nikdo\, stránky jsou tedy zcela anonymní a spotřebitel neví\, s kým uzavírá kupní smlouvu a vůči komu může nárokovat svá práva. Před nákupem na těchto stránkách Česká obchodní inspekce varuje.
maxivyprodeje.cz,-,Česká obchodní inspekce registruje vysoký počet stížností\, které se provozovatele internetových stránek týkají. Podle informací uvedených na internetových stránkách nejde o klasický e-shop\, ale o „virtuální galerii“\, jejímž prostřednictvím údajně zboží nabízejí externí subjekty. Obvykle se má jednat o společnosti se sídlem v Číně nebo v jiných asijských zemích\, u nichž je pro spotřebitele obtížné ověřit jejich existenci a důvěryhodnost. ČOI registruje stížnosti na dodání zboží s velkou časovou prodlevou\, případně nedodání zboží vůbec. Je-li dostupnost označena např. výrazem „skladem u dodavatele“\, může to v praxi znamenat\, že zboží se nachází v Číně a bude doručeno až za několik týdnů či měsíců. Řešení reklamací a/nebo vracení zboží může být pro spotřebitele obtížné. Případný nákup na těchto internetových stránkách doporučujeme důkladně uvážit a před jeho provedením velmi podrobně zkontrolovat dodací lhůty\, obchodní podmínky a identitu a důvěryhodnost externího prodávajícího.
mc-go.ml,-,Stránky zveřejňují rozhovor s údajným lékařem\, tím má být lékař Karel Havlíček\, který má údajnou praxi 32 let\, avšak to by byl muž věk cca 60 let\, což fotka\, která je u jména\, této skutečnosti neodpovídá\, viz: https://www.coi.gov.cz/mc-go-ml/. Tento domnělý vědec\, údajně ředitel Národního lékařského vědeckého centra neexistuje\, stejně jako uvedené centrum. Tento údajný lékař nemá žádný záznam na univerzitě\, ani v jiné seriózní instituci. Fotka je stažena z fotobanky\, jde o smyšleného odborníka. Jako provozovatel webu není uveden nikdo\, stránky jsou tedy zcela anonymní a spotřebitel neví\, s kým uzavírá kupní smlouvu a vůči komu může nárokovat svá práva. Před nákupem na těchto stránkách varuje Česká obchodní inspekce.
med-care24.com,-,Jako provozovatel webu není uveden nikdo\, stránky jsou tedy zcela anonymní a spotřebitel neví\, s kým uzavírá kupní smlouvu a vůči komu může nárokovat svá práva. Před nákupem na těchto stránkách Česká obchodní inspekce varuje.
medgroup.club,-,Stránka zneužívá jméno známého českého lékaře Jana Pirka\, který se od tohoto webu distancuje. Stránky jsou anonymní a nabízejí pod smyšleným převratným vynálezem českého lékaře neznámý přípravek\, viz https://www.coi.gov.cz/medgroup-club/
medi-marketz.biz/cs/,-,Stránky údajné lékárny s volným prodejem přípravků a léků\, některé jsou výhradně na lékařský předpis. Stránky jsou anonymní. Provozovatel webu nesplňuje zákonné podmínky pro provoz lékárny. Před nákupem na těchto stránkách varuje Česká obchodní inspekce.
mediass.shop,-,Jako provozovatel webu není uveden nikdo\, stránky jsou tedy zcela anonymní a spotřebitel neví\, s kým uzavírá kupní smlouvu a vůči komu může nárokovat svá práva. Před nákupem na těchto stránkách Česká obchodní inspekce varuje.
meek.cz,-,Česká obchodní inspekce registruje vysoký počet stížností\, které se provozovatele internetových stránek týkají. Podle informací uvedených na internetových stránkách nejde o klasický e-shop\, ale o „virtuální galerii“\, jejímž prostřednictvím údajně zboží nabízejí externí subjekty. Obvykle se má jednat o společnosti se sídlem v Číně nebo v jiných asijských zemích\, u nichž je pro spotřebitele obtížné ověřit jejich existenci a důvěryhodnost. ČOI registruje stížnosti na dodání zboží s velkou časovou prodlevou\, případně nedodání zboží vůbec. Je-li dostupnost označena např. výrazem „skladem u dodavatele“\, může to v praxi znamenat\, že zboží se nachází v Číně a bude doručeno až za několik týdnů či měsíců. Řešení reklamací a/nebo vracení zboží může být pro spotřebitele obtížné. Případný nákup na těchto internetových stránkách doporučujeme důkladně uvážit a před jeho provedením velmi podrobně zkontrolovat dodací lhůty\, obchodní podmínky a identitu a důvěryhodnost externího prodávajícího.
megamoravia.cz,-,Jako provozovatel webu není uveden nikdo\, stránky jsou tedy zcela anonymní a spotřebitel neví\, s kým uzavírá kupní smlouvu a vůči komu může nárokovat svá práva. Před nákupem na těchto stránkách Česká obchodní inspekce varuje.
meilizhubao.top,-,Ze stránek není zřejmé\, kdo je provozovatelem\, tedy s kým spotřebitel uzavírá smlouvu a vůči komu může nárokovat svá práva. Stránky jsou tedy zcela anonymní. Obchodní podmínky chybí. Před nákupem na těchto stránkách Česká obchodní inspekce i na základě podnětů spotřebitelů varuje.
meiluea.com,-,Jako provozovatel webu není uveden nikdo\, stránky jsou tedy zcela anonymní a spotřebitel neví\, s kým uzavírá kupní smlouvu a vůči komu může nárokovat svá práva. Před nákupem na těchto stránkách Česká obchodní inspekce varuje.
meindlcz.cz,-,Jako provozovatel webu není uveden nikdo\, stránky jsou tedy zcela anonymní a spotřebitel neví\, s kým uzavírá kupní smlouvu a vůči komu může nárokovat svá práva. Před nákupem na těchto stránkách Česká obchodní inspekce varuje.
merrellbotycz.cz,-,Jako provozovatel webu není uveden nikdo\, stránky jsou tedy zcela anonymní a spotřebitel neví\, s kým uzavírá kupní smlouvu a vůči komu může nárokovat svá práva. Před nákupem na těchto stránkách Česká obchodní inspekce varuje.
merrelleshop.cz,-,Jako provozovatel webu není uveden nikdo\, stránky jsou tedy zcela anonymní a spotřebitel neví\, s kým uzavírá kupní smlouvu a vůči komu může nárokovat svá práva. Před nákupem na těchto stránkách Česká obchodní inspekce varuje.
michaelkorscz.cz,-,Jako provozovatel webu není uveden nikdo\, stránky jsou tedy zcela anonymní a spotřebitel neví\, s kým uzavírá kupní smlouvu a vůči komu může nárokovat svá práva. Před nákupem na těchto stránkách Česká obchodní inspekce varuje.
microbiologybytes.com,-,Jako provozovatel webu není uveden nikdo\, stránky jsou tedy zcela anonymní a spotřebitel neví\, s kým uzavírá kupní smlouvu a vůči komu může nárokovat svá práva. Před nákupem na těchto stránkách Česká obchodní inspekce varuje.
migoshop-cz.com,-,Jako provozovatel webu není uveden nikdo\, stránky jsou tedy zcela anonymní a spotřebitel neví\, s kým uzavírá kupní smlouvu a vůči komu může nárokovat svá práva. Před nákupem na těchto stránkách Česká obchodní inspekce varuje.
mirror-news.org/cz/,-,Stránka láká spotřebitele k zázračnému zbohatnutí na kryptoměnách. Míří sem spotřebitelé nejen z reklamních lživých e-mailů\, kde zázračné zbohatnutí má slibovat Petr Kellner\, jde však o smyšlené údaje a rozhovor v rámci „Interview ČT24“\, který neexistoval. Stránka zneužívá logo webu iPrima.cz\, jedná se však o článek\, který na základě smyšleného rozhovoru má demonstrovat příběh zázračného zbohatnutí Petra Kellnera na základě investice do kryptoměn. Prokliky na webu spotřebitele přesměrují na web trustableoffering.org\, kde jsou lákáni poslat peníze do údajného systému\, který má na základě investicí do Bitcoinu spotřebiteli výhradně vydělat. Webové stránky uvádějí lživé a zastaralé informace o investici do kryptoměny či na burzách\, aby to vypadalo\, že investice se jedině vyplatí. S ohledem na nedostatečné informace na webu nejen o provozovateli\, dále neinformování o právech pro spotřebitele\, Česká obchodní inspekce vyplnění formuláře a případné zaplacení zde považuje za rizikové.
miuyistore.com,-,Jako provozovatel webu není uveden nikdo\, stránky jsou tedy zcela anonymní a spotřebitel neví\, s kým uzavírá kupní smlouvu a vůči komu může nárokovat svá práva. Před nákupem na těchto stránkách Česká obchodní inspekce varuje.
mled.space,-,Stránka s nabídkou neznámého výrobku se správně zobrazí jen těm\, kteří kliknou na reklamu\, která se šíří zpravidla jako spam\, či na Facebooku. Jako provozovatel webu není uveden nikdo\, stránky jsou tedy zcela anonymní a spotřebitel neví\, s kým uzavírá kupní smlouvu a vůči komu může nárokovat svá práva. Před nákupem na těchto stránkách Česká obchodní inspekce varuje.
mluvicikrecek-cz.com,-,Jako provozovatel webu není uveden nikdo\, stránky jsou tedy zcela anonymní a spotřebitel neví\, s kým uzavírá kupní smlouvu a vůči komu může nárokovat svá práva. Před nákupem na těchto stránkách Česká obchodní inspekce varuje.
mnfws.shop,-,Jako provozovatel webu není uveden nikdo\, stránky jsou tedy zcela anonymní a spotřebitel neví\, s kým uzavírá kupní smlouvu a vůči komu může nárokovat svá práva. Před nákupem na těchto stránkách Česká obchodní inspekce varuje.
mobilerushstore.store,-,Jako provozovatel webu není uveden nikdo\, stránky jsou tedy zcela anonymní a spotřebitel neví\, s kým uzavírá kupní smlouvu a vůči komu může nárokovat svá práva. Před nákupem na těchto stránkách Česká obchodní inspekce varuje.
mobiluj.sk,https://www.soi.sk/files/documents/info-verejnost/internetove%20obchody/mobiluj.sk.pdf,-
moda-opava.com,-,Jako provozovatel webu není uveden nikdo\, stránky jsou tedy zcela anonymní a spotřebitel neví\, s kým uzavírá kupní smlouvu a vůči komu může nárokovat svá práva. Před nákupem na těchto stránkách Česká obchodní inspekce varuje.
modamilacek.cz,-,Jako provozovatel webu není uveden nikdo\, stránky jsou tedy zcela anonymní a spotřebitel neví\, s kým uzavírá kupní smlouvu a vůči komu může nárokovat svá práva. Před nákupem na těchto stránkách Česká obchodní inspekce varuje.
modaopava.cz,-,Jako provozovatel webu není uveden nikdo\, stránky jsou tedy zcela anonymní a spotřebitel neví\, s kým uzavírá kupní smlouvu a vůči komu může nárokovat svá práva. Před nákupem na těchto stránkách Česká obchodní inspekce varuje.
modendi.com,-,Jako provozovatel webu není uveden nikdo\, stránky jsou tedy zcela anonymní a spotřebitel neví\, s kým uzavírá kupní smlouvu a vůči komu může nárokovat svá práva. Před nákupem na těchto stránkách Česká obchodní inspekce varuje.
modnidumpraha.cz,-,Jako provozovatel webu není uveden nikdo\, stránky jsou tedy zcela anonymní a spotřebitel neví\, s kým uzavírá kupní smlouvu a vůči komu může nárokovat svá práva. Před nákupem na těchto stránkách Česká obchodní inspekce varuje.
moje-lekarna.com,-,Stránky nemají potřebná povolení k prodeji v oblasti lékárenství a nabízejí přípravky určené do lékáren neoprávněně (jedná se například o nabídku přípravku viagra\, který je výhradně na lékařský recept\, stránky jej však nabízejí i bez receptu). Přípravky jsou navíc nabízeny za mnohem nižší ceny\, lze tak důvodně pochybovat i o vlastnostech nabízených výrobků. Jako provozovatel webu není uveden nikdo\, stránky jsou tedy zcela anonymní a spotřebitel neví\, s kým uzavírá kupní smlouvu a vůči komu může nárokovat svá práva. Před nákupem na těchto stránkách Česká obchodní inspekce varuje.
mojeroto.cz,-,Jedná se o internetový obchod nabízející dámské a pánské oblečení\, obuv a doplňky\, kde není žádným způsobem identifikován prodávající. Chybí zde řádné obchodní podmínky\, spotřebiteli je určeno pouze minimum informací\, přičemž je zřejmé\, že se jedná o strojový překlad do českého jazyka. \
\
Lustrací v registru domén byl jako držitel domény zjištěn zahraniční subjekt s adresou v Číně.
moletka.eu,https://www.soi.sk/files/documents/info-verejnost/internetove%20obchody/moletka.eu\,%20svet-siat.eu\,%20vip-moda.eu.docx.pdf,-
moneytg.shop,-,Jako provozovatel webu není uveden nikdo\, stránky jsou tedy zcela anonymní a spotřebitel neví\, s kým uzavírá kupní smlouvu a vůči komu může nárokovat svá práva. Před nákupem na těchto stránkách Česká obchodní inspekce varuje.
monsterwine.cz,-,Na webových stránkách není uvedena adresa provozovatele\, kam je možné zaslat zboží a odstoupení od smlouvy nebo uplatnění reklamace. Doručovací adresa odkazuje na obchodní společnost MONSTERWINE s.r.o.\, která však nemá s provozem těchto webových stránek žádnou spojitost. Její údaje byly na tomto webu zneužity. Před nákupem na těchto stránkách Česká obchodní inspekce varuje.
monttsstore.com,-,Jako provozovatel webu není uveden nikdo\, stránky jsou tedy zcela anonymní a spotřebitel neví\, s kým uzavírá kupní smlouvu a vůči komu může nárokovat svá práva. Před nákupem na těchto stránkách Česká obchodní inspekce varuje.
motorwarenhuis.de,-,Jako provozovatel webu není uveden nikdo\, stránky jsou tedy zcela anonymní a spotřebitel neví\, s kým uzavírá kupní smlouvu a vůči komu může nárokovat svá práva. Před nákupem na těchto stránkách Česká obchodní inspekce varuje.
moveflexcz.moveflexofficial.com,-,Stránky nabízejí neznámý výrobek na klouby. Jako provozovatel webu není uveden nikdo\, stránky jsou tedy zcela anonymní a spotřebitel neví\, s kým uzavírá kupní smlouvu a vůči komu může nárokovat svá práva. Před nákupem na těchto stránkách Česká obchodní inspekce varuje.
mraky-kostek.cz,-,Jako provozovatel webu není uveden nikdo\, stránky jsou tedy zcela anonymní a spotřebitel neví\, s kým uzavírá kupní smlouvu a vůči komu může nárokovat svá práva. Před nákupem na těchto stránkách Česká obchodní inspekce varuje.
mrdeny.shop,-,Jako provozovatel webu není uveden nikdo\, stránky jsou tedy zcela anonymní a spotřebitel neví\, s kým uzavírá kupní smlouvu a vůči komu může nárokovat svá práva. Před nákupem na těchto stránkách Česká obchodní inspekce varuje.
mycpagetti2.com/t3wy/,-,Jako provozovatel webu není uveden nikdo\, stránky jsou tedy zcela anonymní a spotřebitel neví\, s kým uzavírá kupní smlouvu a vůči komu může nárokovat svá práva. Před nákupem na těchto stránkách Česká obchodní inspekce varuje.
mycpagettipotok1.com/sntz/,-,Internetové stránky\, na které se dostanete nejčastěji na základě spamů v elektronické poště\, slibují zcela neznámý produkt na vysoký krevní tlak. Obchodní podmínky zcela chybí\, další informace na stránkách jsou nedostatečné. Jako provozovatel je uvedena společnost z Panamy\, která figuruje u mnoha jiných rizikových e-shopů\, které nabízejí celou řadu dalších neznámých výrobků např. na hubnutí\, proti kouření\, na prostatu\, na klouby\, srdeční hypertenzi a další. Recenze a odborníci jsou smyšlení. Například lékař Ondřej Pumpr\, který přípravek na stránkách propaguje\, nemá záznam v žádné seriózní instituci: na univerzitě\, v nemocnici\, ani ve specializovaném ústavu. Před nákupem na těchto stránkách Česká obchodní inspekce varuje.
mydiabeticsolutions.com,-,Stránky zneužívají státní symbol a prezentují se jako oficiální stránky Ministerstva zdravotnictví ČR\, ačkoli tomu tak není. Na webových stránkách je nabízen naprosto neznámý výrobek jako pomoc pacientům při cukrovce\, který není registrovaný u Státního ústavu pro kontrolu léčiv. Jako provozovatel webu není uveden nikdo\, stránky jsou tedy zcela anonymní a spotřebitel neví\, s kým uzavírá kupní smlouvu a vůči komu může nárokovat svá práva. Před nákupem na těchto stránkách varuje Česká obchodní inspekce i Státní ústav pro kontrolu léčiv.
mynutraresearch.com/new-detonic-cz-1/,-,Stránky odkazují na neexistující rozhovor s údajným lékařem\, tím má být lékař Michal Koláček. Tento domnělý věděc však nemá žádný záznam na univerzitě\, ani v jiné seriozní instituci. Fotka je stažena z fotobanky\, jde o smyšleného odborníka. Jako provozovatel webu není uveden nikdo\, stránky jsou tedy zcela anonymní a spotřebitel neví\, s kým uzavírá kupní smlouvu a vůči komu může nárokovat svá práva. Před nákupem na těchto stránkách varuje Česká obchodní inspekce i Státní ústav prokontrolu léčiv.
myshopolo.cz,-,Česká obchodní inspekce registruje vysoký počet stížností\, které se provozovatele internetových stránek týkají. Provozovatelem internetových stránek je subjekt se sídlem ve Slovinsku. Stížnosti spotřebitelů upozorňují na nízkou kvalitu zboží a obtíže při vyřizování reklamací. V souvislosti s krizovou situací ohledně onemocnění COVID-19 ČOI obdržela stížnosti týkající se vysokých cen osobních ochranných prostředků\, někteří zákazníci dle svých tvrzení údajně obdrželi namísto dezinfekčního prostředku aromatizovanou vodu. Případný nákup na těchto internetových stránkách doporučuje ČOI důkladně uvážit.
nagimi.com,-,Jako provozovatel webu není uveden nikdo\, stránky jsou tedy zcela anonymní a spotřebitel neví\, s kým uzavírá kupní smlouvu a vůči komu může nárokovat svá práva. Před nákupem na těchto stránkách Česká obchodní inspekce varuje.
nakupuj123.sk,https://www.soi.sk/files/documents/info-verejnost/internetove%20obchody/nakupuj123.sk.pdf,-
nbcz.cz,-,Jako provozovatel webu není uveden nikdo\, stránky jsou tedy zcela anonymní a spotřebitel neví\, s kým uzavírá kupní smlouvu a vůči komu může nárokovat svá práva. Před nákupem na těchto stránkách Česká obchodní inspekce varuje.
nbvyprodej.cz,-,Jako provozovatel webu není uveden nikdo\, stránky jsou tedy zcela anonymní a spotřebitel neví\, s kým uzavírá kupní smlouvu a vůči komu může nárokovat svá práva. Před nákupem na těchto stránkách Česká obchodní inspekce varuje.
neatrichit.com,-,Stránka má jinou podobu\, když uživatel přijde proklikem z reklamy (viz https://www.coi.gov.cz/neatrichit/) a na stránce se píše o zázračném výrobku na hubnutí. Jako provozovatel webu není uveden nikdo\, stránky jsou tedy zcela anonymní a spotřebitel neví\, s kým uzavírá kupní smlouvu a vůči komu může nárokovat svá práva. Před nákupem na těchto stránkách Česká obchodní inspekce varuje.
neocard-cz.lillyblock.com,-,Jako provozovatel webu není uveden nikdo\, stránky jsou tedy zcela anonymní a spotřebitel neví\, s kým uzavírá kupní smlouvu a vůči komu může nárokovat svá práva. Před nákupem na těchto stránkách varuje Česká obchodní inspekce varuje i Státní ústav pro kontrolu léčiv.
nevergiveupyourmind.com/420/ayurreadpro-med-m-genius/gps/,-,Stránka tvrdí\, že mladík vymyslel vynález\, který umožní zcela obnovit zrak do 21 dnů. Na internetové stránky se dostanete nejčastěji na základě spamů v elektronické poště. Další informace na stránkách jsou zcela nedostatečné. Jako provozovatel je uvedena údajně firma\, která figuruje u celé řady dalších rizikových webů. Na stránkách odbíhá odpočítávání času\, aby spotřebitel byl tlačen k rozhodnutí a neměl čas o nákupu přemýšlet. Odborníci\, kteří přípravek na stránkách propagují\, jsou smyšlení a fotografie staženy z fotobanky. Před nákupem na těchto stránkách Česká obchodní inspekce varuje.
new-promotions24.com/420/ayurreadpro-med-m-genius/gps/,-,Stránka tvrdí\, že mladík vymyslel vynález\, který umožní vrátit zrak do 21 dnů. Na internetové stránky se dostanete nejčastěji na základě spamů v elektronické poště. Další informace na stránkách jsou zcela nedostatečné. Jako provozovatel je uvedena údajně firma\, která figuruje u celé řady dalších rizikových webů. Na stránkách odbíhá odpočítávání času\, aby spotřebitel byl tlačen k rozhodnutí a neměl čas o nákupu přemýšlet. Odborníci\, kteří přípravek na stránkách propagují\, jsou smyšlení a fotografie staženy z fotobanky. Před nákupem na těchto stránkách Česká obchodní inspekce varuje.
newadvanceremedy.com,-,Stránky zveřejňují rozhovor s údajnou lékařkou\, tou má být  má být prof. MUDr. Lýdie Kovaříková\, viz:https://www.coi.gov.cz/newadvanceremedy/. Tato údajná lékařka nemá žádný záznam na univerzitě\, ani v jiné seriózní instituci. Fotka je stažena z fotobanky\, jde o smyšleného odborníka. Stránky pak nabízejí neznámý výrobek proti papalomavirům. Jako provozovatel webu není uveden nikdo\, stránky jsou tedy zcela anonymní a spotřebitel neví\, s kým uzavírá kupní smlouvu a vůči komu může nárokovat svá práva. Před nákupem na těchto stránkách varuje Česká obchodní inspekce.
newherbalremedy.com,-,Jako provozovatel webu není uveden nikdo\, stránky jsou tedy zcela anonymní a spotřebitel neví\, s kým uzavírá kupní smlouvu a vůči komu může nárokovat svá práva. Před nákupem na těchto stránkách Česká obchodní inspekce varuje.
newsstart.i-i-i.top,-,Stránka se otevře správně jen těm\, kteří přijdou z reklamy na Facebooku (https://www.coi.gov.cz/cez-fb/) a následně se zobrazí lživý obsah o tom\, že díky energetickému gigantu ČEZ se dá zázračně rychle zbohatnout (https://www.coi.gov.cz/i-i-i/). Tato zpráva se nezakládá na pravdě. Na stránce jsou pak lidé vyzváni vyplnit osobní údaje a odeslat neznámo komu. Uvedená stránka navíc zneužívá logo skupiny ČEZ\, která České obchodní inspekci potvrdila\, že se jedná o zneužití jejich značky. Česká obchodní inspekce před těmito stránkami varuje\, provozovatel je neznámý.  https://www.coi.gov.cz/i-i-i/
newsyoucanread24.com/article/coldin_cz/jeste-pred-3-tydny-chodila-jenom-s-berlemi/,-,Na stránkách je uveden smyšlený příběh o ženě\, která před třemi týdny chodila s berlemi a nyní běhá maraton. Cílem je prodej neznámého výrobku s téměř až zázračnými vlastnostmi. Jako provozovatel webu není uveden nikdo\, stránky jsou tedy zcela anonymní a spotřebitel neví\, s kým uzavírá kupní smlouvu a vůči komu může nárokovat svá práva. Před nákupem na těchto stránkách Česká obchodní inspekce varuje.
nfldresylevnecz.com,-,Jako provozovatel webu není uveden nikdo\, stránky jsou tedy zcela anonymní a spotřebitel neví\, s kým uzavírá kupní smlouvu a vůči komu může nárokovat svá práva. Před nákupem na těchto stránkách Česká obchodní inspekce varuje.
nflstore.cz,-,Jako provozovatel webu není uveden nikdo\, stránky jsou tedy zcela anonymní a spotřebitel neví\, s kým uzavírá kupní smlouvu a vůči komu může nárokovat svá práva. Před nákupem na těchto stránkách Česká obchodní inspekce varuje.
nhlnakupovani.com,-,Jako provozovatel webu není uveden nikdo\, stránky jsou tedy zcela anonymní a spotřebitel neví\, s kým uzavírá kupní smlouvu a vůči komu může nárokovat svá práva. Před nákupem na těchto stránkách Česká obchodní inspekce varuje.
nicliquid.com,-,Jako provozovatel webu není uveden nikdo\, stránky jsou tedy zcela anonymní a spotřebitel neví\, s kým uzavírá kupní smlouvu a vůči komu může nárokovat svá práva. Před nákupem na těchto stránkách Česká obchodní inspekce varuje.
nicolettafashion.cz,-,E-shop přijímal objednávky i platby\, ale zboží nedodával\, ani nevracel zaplacené finanční částky zpět. Podnikatel opakovaně nedodává výrobky spotřebitelům a zároveň mají spotřebitelé problém jej kontaktovat. S podnikatelem byla zahájena kontrola a byla mu opakovaně zaslána výzva k součinnosti. Přesto podnikatel nereaguje a nekomunikuje ani s Českou obchodní inspekcí. Z uvedených důvodů ČOI před nákupem na těchto stránkách spotřebitele varuje.
nikecz.com,-,Dle podání spotřebitelů se v posledních dnech zobrazují zejména na sociálních sítích výrazné slevy produktů značky Nike. Odkazuje se přitom na stránku www.nikecz.com. Tato stránka (doména nikecz.com) je přitom vytvořena teprve nedávno a byla registrovaná na subjekt v Číně\, který nelze ověřit. Stránky nemají v pořádku ani obchodní podmínky\, není možné nalézt kontakt na provozovatele. Před nákupem na těchto stránkách Česká obchodní inspekce varuje.
nikecz.cz,-,Jako provozovatel webu není uveden nikdo\, stránky jsou tedy zcela anonymní a spotřebitel neví\, s kým uzavírá kupní smlouvu a vůči komu může nárokovat svá práva. Před nákupem na těchto stránkách Česká obchodní inspekce varuje.
nirt.co.uk/cs/artroser/,-,Jako provozovatel webu není uveden nikdo\, stránky jsou tedy zcela anonymní a spotřebitel neví\, s kým uzavírá kupní smlouvu a vůči komu může nárokovat svá práva. Před nákupem na těchto stránkách varuje Česká obchodní inspekce i Státní ústav prokontrolu léčiv.
niubianran.shop,-,Jako provozovatel webu není uveden nikdo\, stránky jsou tedy zcela anonymní a spotřebitel neví\, s kým uzavírá kupní smlouvu a vůči komu může nárokovat svá práva. Před nákupem na těchto stránkách Česká obchodní inspekce varuje.
nmartial.monster,-,Jako provozovatel webu není uveden nikdo\, stránky jsou tedy zcela anonymní a spotřebitel neví\, s kým uzavírá kupní smlouvu a vůči komu může nárokovat svá práva. Před nákupem na těchto stránkách Česká obchodní inspekce varuje.
nobulleshop.cz,-,Jako provozovatel webu není uveden nikdo\, stránky jsou tedy zcela anonymní a spotřebitel neví\, s kým uzavírá kupní smlouvu a vůči komu může nárokovat svá práva. Před nákupem na těchto stránkách Česká obchodní inspekce varuje.
nobulleshops.cz,-,Jako provozovatel webu není uveden nikdo\, stránky jsou tedy zcela anonymní a spotřebitel neví\, s kým uzavírá kupní smlouvu a vůči komu může nárokovat svá práva. Před nákupem na těchto stránkách Česká obchodní inspekce varuje.
nobullobuv.cz,-,Jako provozovatel webu není uveden nikdo\, stránky jsou tedy zcela anonymní a spotřebitel neví\, s kým uzavírá kupní smlouvu a vůči komu může nárokovat svá práva. Před nákupem na těchto stránkách Česká obchodní inspekce varuje.
nojetlagbook.com,-,Jako provozovatel webu není uveden nikdo\, stránky jsou tedy zcela anonymní a spotřebitel neví\, s kým uzavírá kupní smlouvu a vůči komu může nárokovat svá práva. Před nákupem na těchto stránkách Česká obchodní inspekce varuje.
noluva.cz,-,Jako provozovatel webu není uveden nikdo\, stránky jsou tedy zcela anonymní a spotřebitel neví\, s kým uzavírá kupní smlouvu a vůči komu může nárokovat svá práva. Před nákupem na těchto stránkách Česká obchodní inspekce varuje.
noreo.cz,-,Jako provozovatel webu není uveden nikdo\, stránky jsou tedy zcela anonymní a spotřebitel neví\, s kým uzavírá kupní smlouvu a vůči komu může nárokovat svá práva. Před nákupem na těchto stránkách Česká obchodní inspekce varuje.
normoons.com,-,Jako provozovatel webu není uveden nikdo\, stránky jsou tedy zcela anonymní a spotřebitel neví\, s kým uzavírá kupní smlouvu a vůči komu může nárokovat svá práva. Před nákupem na těchto stránkách Česká obchodní inspekce varuje.
novak-praha.cz,-,Jako provozovatel webu není uveden nikdo\, stránky jsou tedy zcela anonymní a spotřebitel neví\, s kým uzavírá kupní smlouvu a vůči komu může nárokovat svá práva. Před nákupem na těchto stránkách Česká obchodní inspekce varuje.
novakpraha.com,-,Jako provozovatel webu není uveden nikdo\, stránky jsou tedy zcela anonymní a spotřebitel neví\, s kým uzavírá kupní smlouvu a vůči komu může nárokovat svá práva. Před nákupem na těchto stránkách Česká obchodní inspekce varuje.
novazakazka.eu,-,Jako provozovatel webu není uveden nikdo\, stránky jsou tedy zcela anonymní a spotřebitel neví\, s kým uzavírá kupní smlouvu a vůči komu může nárokovat svá práva. Před nákupem na těchto stránkách Česká obchodní inspekce varuje.
nsabiu.myshoplaza.com,-,Jako provozovatel webu není uveden nikdo\, stránky jsou tedy zcela anonymní a spotřebitel neví\, s kým uzavírá kupní smlouvu a vůči komu může nárokovat svá práva. Před nákupem na těchto stránkách Česká obchodní inspekce varuje.
nuio.store,-,Jako provozovatel webu není uveden nikdo\, stránky jsou tedy zcela anonymní a spotřebitel neví\, s kým uzavírá kupní smlouvu a vůči komu může nárokovat svá práva. Před nákupem na těchto stránkách Česká obchodní inspekce varuje.
nuubu.com,-,Rezence jsou smyšlené\, totiž kliknutím na mutaci webu v jiném jazyce se zobrazí stejné fotky lidí s pozitivní recenzí\, u nich ale naprosto jiná\, smyšlená jména (https://www.coi.gov.cz/nuubucz/ a https://www.coi.gov.cz/nuubusk/). Jako provozovatel webu není uveden nikdo\, stránky jsou tedy zcela anonymní a spotřebitel neví\, s kým uzavírá kupní smlouvu a vůči komu může nárokovat svá práva. Před nákupem na těchto stránkách Česká obchodní inspekce varuje.
nvgtn.cz,-,Jako provozovatel webu není uveden nikdo\, stránky jsou tedy zcela anonymní a spotřebitel neví\, s kým uzavírá kupní smlouvu a vůči komu může nárokovat svá práva. Před nákupem na těchto stránkách Česká obchodní inspekce varuje.
obalynatelefon.cz,-,Jako provozovatel webu není uveden nikdo\, stránky jsou tedy zcela anonymní a spotřebitel neví\, s kým uzavírá kupní smlouvu a vůči komu může nárokovat svá práva. Před nákupem na těchto stránkách Česká obchodní inspekce varuje.
obchod2017.com,-,Jako provozovatel webu není uveden nikdo\, stránky jsou tedy zcela anonymní a spotřebitel neví\, s kým uzavírá kupní smlouvu a vůči komu může nárokovat svá práva. Před nákupem na těchto stránkách Česká obchodní inspekce varuje.
obchodicek.cz,-,Česká obchodní inspekce registruje vysoký počet stížností\, které se provozovatele internetových stránek týkají. Podle informací uvedených na internetových stránkách nejde o klasický e-shop\, ale o „virtuální galerii“\, jejímž prostřednictvím údajně zboží nabízejí externí subjekty. Obvykle se má jednat o společnosti se sídlem v Číně nebo v jiných asijských zemích\, u nichž je pro spotřebitele obtížné ověřit jejich existenci a důvěryhodnost. ČOI registruje stížnosti na dodání zboží s velkou časovou prodlevou\, případně nedodání zboží vůbec. Je-li dostupnost označena např. výrazem „skladem u dodavatele“\, může to v praxi znamenat\, že zboží se nachází v Číně a bude doručeno až za několik týdnů či měsíců. Řešení reklamací a/nebo vracení zboží může být pro spotřebitele obtížné. Případný nákup na těchto internetových stránkách doporučujeme důkladně uvážit a před jeho provedením velmi podrobně zkontrolovat dodací lhůty\, obchodní podmínky a identitu a důvěryhodnost externího prodávajícího.
obchodnicek.cz,-,Nákupní galerie (zprostředkování ze zahraničí): Podle informací uvedených na internetových stránkách nejde o klasický e-shop\, ale o „nákupní galerii“\, jejímž prostřednictvím údajně zboží nabízejí externí zahraniční subjekty. Má se jednat zřejmě o společnosti se sídlem v Číně nebo v jiných asijských zemích\, u nichž je pro spotřebitele obtížné ověřit jejich existenci a důvěryhodnost. ČOI registruje stížnosti na dodání zboží s velkou časovou prodlevou\, případně nedodání zboží vůbec. Je-li dostupnost označena např. výrazem „skladem ihned k odeslání“\, může to v praxi znamenat\, že zboží se nachází v Číně a bude doručeno až za několik týdnů či měsíců. Řešení reklamací a/nebo vracení zboží může být pro spotřebitele obtížné. Případný nákup na těchto internetových stránkách doporučujeme důkladně uvážit a před jeho provedením velmi podrobně zkontrolovat dodací lhůty\, obchodní podmínky a identitu a důvěryhodnost externího prodávajícího.
obfdj.shop,-,Jako provozovatel webu není uveden nikdo\, stránky jsou tedy zcela anonymní a spotřebitel neví\, s kým uzavírá kupní smlouvu a vůči komu může nárokovat svá práva. Před nákupem na těchto stránkách Česká obchodní inspekce varuje.
obuvbaldinini.cz,-,Jako provozovatel webu není uveden nikdo\, stránky jsou tedy zcela anonymní a spotřebitel neví\, s kým uzavírá kupní smlouvu a vůči komu může nárokovat svá práva. Před nákupem na těchto stránkách Česká obchodní inspekce varuje.
oceangirlboutique.live,-,Jako provozovatel webu není uveden nikdo\, stránky jsou tedy zcela anonymní a spotřebitel neví\, s kým uzavírá kupní smlouvu a vůči komu může nárokovat svá práva. Před nákupem na těchto stránkách Česká obchodní inspekce varuje.
ocenter.shop,-,Jako provozovatel webu není uveden nikdo\, stránky jsou tedy zcela anonymní a spotřebitel neví\, s kým uzavírá kupní smlouvu a vůči komu může nárokovat svá práva. Před nákupem na těchto stránkách Česká obchodní inspekce varuje.
odprezony.shop,-,Jako provozovatel webu není uveden nikdo\, stránky jsou tedy zcela anonymní a spotřebitel neví\, s kým uzavírá kupní smlouvu a vůči komu může nárokovat svá práva. Před nákupem na těchto stránkách Česká obchodní inspekce varuje.
oecershop.com,-,Jako provozovatel webu není uveden nikdo\, stránky jsou tedy zcela anonymní a spotřebitel neví\, s kým uzavírá kupní smlouvu a vůči komu může nárokovat svá práva. Před nákupem na těchto stránkách Česká obchodní inspekce varuje.
offerinfor24.com/420/remibloston-med-m/gps/,-,Stránky se prezentují jako jakýsi zdravotní portál\, avšak nejde o žádný oficiální portál skutečných zdravotníků. Obchodní podmínky jsou zcela nedostatečné. Na stránkách je pak nabízen pochybný výrobek proti infarktu. Stránky jsou úplně stejné\, jako jiný obdobný zdravotní portál\, který podobným způsobem nabízí přípravek na klouby i na hubnutí. Fotka údajně spokojených zákazníků je stažena z fotobanky. Česká obchodní inspekce nákup zde považuje za rizikový.
offerte-mitiche.com/omnivision-cz,-,Jako provozovatel webu není uveden nikdo\, stránky jsou tedy zcela anonymní a spotřebitel neví\, s kým uzavírá kupní smlouvu a vůči komu může nárokovat svá práva. Před nákupem na těchto stránkách Česká obchodní inspekce varuje.
official-fungonis.com,-,Státní ústav pro kontrolu léčiv varuje před nákupem produktů z těchto webových stránek. Na stránkách je nabízen nelegálně například přípravek Fungonis\, viz: http://www.sukl.cz/leciva/webove-stranky-s-nelegalnimi-nabidkami-leciv a Česká obchodní inspekce na základě informací Státního ústavu pro kontrolu léčiv před těmito stránkami varuje.
oggibenessere.com/onepower-ch,-,Jako provozovatel webu není uveden nikdo\, stránky jsou tedy zcela anonymní a spotřebitel neví\, s kým uzavírá kupní smlouvu a vůči komu může nárokovat svá práva. Před nákupem na těchto stránkách Česká obchodní inspekce varuje.
olenka.cz,-,Nejedná se o klasický e-shop\, ale o nákupní galerii. Provozovatelem stránek a zprostředkovatelem je společnost se sídlem v HongKongu. Není známo\, jaké subjekty jsou prodávajícími. Na stránkách sice jsou obchodní podmínky\, ale jsou nepřehledné a nejsou v nich řádně uvedeny všechny informace vyžadované právními předpisy. Před nákupem na těchto stránkách Česká obchodní inspekce varuje.
olgneshop.com,-,Jako provozovatel webu není uveden nikdo\, stránky jsou tedy zcela anonymní a spotřebitel neví\, s kým uzavírá kupní smlouvu a vůči komu může nárokovat svá práva. Před nákupem na těchto stránkách Česká obchodní inspekce varuje.
ondimarandcon.ga,-,Jako provozovatel webu není uveden nikdo\, stránky jsou tedy zcela anonymní a spotřebitel neví\, s kým uzavírá kupní smlouvu a vůči komu může nárokovat svá práva. Před nákupem na těchto stránkách Česká obchodní inspekce varuje. Stránky mají jinou podobu při příchodu proklikem z reklamy\, než při přímém zadání url adresy\, viz: https://www.coi.gov.cz/ondimarandcon/
onesgos.com,-,Jako provozovatel webu není uveden nikdo\, stránky jsou tedy zcela anonymní a spotřebitel neví\, s kým uzavírá kupní smlouvu a vůči komu může nárokovat svá práva. Před nákupem na těchto stránkách Česká obchodní inspekce varuje.
onlineshop.2024salefactory.com,-,Jako provozovatel webu není uveden nikdo\, stránky jsou tedy zcela anonymní a spotřebitel neví\, s kým uzavírá kupní smlouvu a vůči komu může nárokovat svá práva. Před nákupem na těchto stránkách Česká obchodní inspekce varuje.
opbfd.shop,-,Jako provozovatel webu není uveden nikdo\, stránky jsou tedy zcela anonymní a spotřebitel neví\, s kým uzavírá kupní smlouvu a vůči komu může nárokovat svá práva. Před nákupem na těchto stránkách Česká obchodní inspekce varuje.
opportunitysense.com,-,Stránka se otevře teprve po rozkliknutí spamu\, který se šíří e-mailem. Stránka vytváří dojem\, že mladý Čech přišel na to\, jak bez námahy vydělat spoustu peněz na kryptoměnách. Stránka pak láká spotřebitele zadat údaje do formuláře dole pod textem a údajně investovat do zázračného zbohatnutí v kryptoměnách. Ve skutečnosti se jedná jen o získání citlivých údajů a peněz od důvěřivých lidí\, nejedná se o žádnou zaručenou cestu výdělku\, jak web prezentuje. Před těmito stránkami ČOI varuje\, web je anonymní a údajně zaručené zbohatnutí se opírá o zkreslená fakta. Viz print screen: https://www.coi.gov.cz/opportunitysense/
optimal-brikety.cz,-,Obchodní podmínky hrubě odporují právním předpisům. Uvedené IČO a název společnosti neexistují. Web je zcela anonymní a spotřebitel tedy neví\, s kým uzavírá kupní smlouvu a vůči komu může nárokovat svá práva. Před nákupem na těchto stránkách Česká obchodní inspekce varuje.
orcela.cz,-,Jako provozovatel webu není uveden nikdo\, stránky jsou tedy zcela anonymní a spotřebitel neví\, s kým uzavírá kupní smlouvu a vůči komu může nárokovat svá práva. Před nákupem na těchto stránkách Česká obchodní inspekce varuje.
orchind.com,-,Jako provozovatel webu není uveden nikdo\, stránky jsou tedy zcela anonymní a spotřebitel neví\, s kým uzavírá kupní smlouvu a vůči komu může nárokovat svá práva. Před nákupem na těchto stránkách Česká obchodní inspekce varuje.
originalgoodsinternational.com/glasses50544232/cz/1/m/,-,Jako provozovatel webu není uveden nikdo\, stránky jsou tedy zcela anonymní a spotřebitel neví\, s kým uzavírá kupní smlouvu a vůči komu může nárokovat svá práva. Před nákupem na těchto stránkách Česká obchodní inspekce varuje.
originastyles.com,-,Jako provozovatel webu není uveden nikdo\, stránky jsou tedy zcela anonymní a spotřebitel neví\, s kým uzavírá kupní smlouvu a vůči komu může nárokovat svá práva. Před nákupem na těchto stránkách Česká obchodní inspekce varuje.
ormolulondon.com,-,Jako provozovatel webu není uveden nikdo\, stránky jsou tedy zcela anonymní a spotřebitel neví\, s kým uzavírá kupní smlouvu a vůči komu může nárokovat svá práva. Před nákupem na těchto stránkách Česká obchodní inspekce varuje.
ororowearcz.com,-,Jako provozovatel webu není uveden nikdo\, stránky jsou tedy zcela anonymní a spotřebitel neví\, s kým uzavírá kupní smlouvu a vůči komu může nárokovat svá práva. Před nákupem na těchto stránkách Česká obchodní inspekce varuje.
ortorex.cz,-,Jako provozovatel webu není uveden nikdo\, stránky jsou tedy zcela anonymní a spotřebitel neví\, s kým uzavírá kupní smlouvu a vůči komu může nárokovat svá práva. Před nákupem na těchto stránkách Česká obchodní inspekce varuje.
ospokya.com,-,Jako provozovatel webu není uveden nikdo\, stránky jsou tedy zcela anonymní a spotřebitel neví\, s kým uzavírá kupní smlouvu a vůči komu může nárokovat svá práva. Před nákupem na těchto stránkách Česká obchodní inspekce varuje.
otranquilityw.lol,-,Jako provozovatel webu není uveden nikdo\, stránky jsou tedy zcela anonymní a spotřebitel neví\, s kým uzavírá kupní smlouvu a vůči komu může nárokovat svá práva. Před nákupem na těchto stránkách Česká obchodní inspekce varuje.
outamost.com,-,Jako provozovatel webu není uveden nikdo\, stránky jsou tedy zcela anonymní a spotřebitel neví\, s kým uzavírá kupní smlouvu a vůči komu může nárokovat svá práva. Před nákupem na těchto stránkách Česká obchodní inspekce varuje.
outdoorvoicescz.com,-,Jako provozovatel webu není uveden nikdo\, stránky jsou tedy zcela anonymní a spotřebitel neví\, s kým uzavírá kupní smlouvu a vůči komu může nárokovat svá práva. Před nákupem na těchto stránkách Česká obchodní inspekce varuje.
outlet-cz.shop,-,Jako provozovatel webu není uveden nikdo\, stránky jsou tedy zcela anonymní a spotřebitel neví\, s kým uzavírá kupní smlouvu a vůči komu může nárokovat svá práva. Před nákupem na těchto stránkách Česká obchodní inspekce varuje.
overeny-eshop.sk,https://www.soi.sk/files/documents/info-verejnost/internetove%20obchody/tatiana%20kamen%C3%ADkov%C3%A1_upozornenie%20pre%20spotrebite%C4%BEov.pdf,-
owalacz.cz,-,Jako provozovatel webu není uveden nikdo\, stránky jsou tedy zcela anonymní a spotřebitel neví\, s kým uzavírá kupní smlouvu a vůči komu může nárokovat svá práva. Před nákupem na těchto stránkách Česká obchodní inspekce varuje.
pageanket.com,-,Jako provozovatel webu není uveden nikdo\, stránky jsou tedy zcela anonymní a spotřebitel neví\, s kým uzavírá kupní smlouvu a vůči komu může nárokovat svá práva. Před registrací či zaplacením na těchto stránkách Česká obchodní inspekce varuje.
paketstorch.cz,-,Nejedná se o klasický e-shop\, ale o nákupní galerii. Není známo\, jaké subjekty jsou prodávajícími. Na stránkách sice jsou obchodní podmínky\, ale jsou nepřehledné a nejsou v nich řádně uvedeny všechny informace vyžadované právními předpisy.  ČOI registruje stížnosti na dodání zboží s velkou časovou prodlevou\, případně nedodání zboží vůbec. Je-li dostupnost označena např. výrazem „skladem ihned k odeslání“\, může to v praxi znamenat\, že zboží se nachází v Číně a bude doručeno až za několik týdnů či měsíců. Řešení reklamací a/nebo vracení zboží může být pro spotřebitele obtížné. Před nákupem na těchto stránkách Česká obchodní inspekce varuje.
panasonic-eu.shop,-,Jako provozovatel webu není uveden nikdo\, stránky jsou tedy zcela anonymní a spotřebitel neví\, s kým uzavírá kupní smlouvu a vůči komu může nárokovat svá práva. Před nákupem na těchto stránkách Česká obchodní inspekce varuje.
pandora-akce.cz,-,Opuštěnou doménu koupil neznámý subjekt. Název domény neodpovídá nabízenému zboží\, tím je především obuv. Jako provozovatel webu není uveden nikdo\, stránky jsou tedy zcela anonymní a spotřebitel neví\, s kým uzavírá kupní smlouvu a vůči komu může nárokovat svá práva. Vyžadována je platba předem kartou\, peníze odcházejí v čínských juanech. Před nákupem na těchto stránkách Česká obchodní inspekce varuje.
pandoraeshop.cz,-,Podle podání spotřebitelů po objednávce dorazí zřejmě padělky\, na odstoupení od kupní smlouvy do 14 dnů bez udání důvodu nikdo nereaguje. Z webových stránek není zřejmé\, kdo je provozovatelem e-shopu\, tedy s kým spotřebitel uzavírá smlouvu a vůči komu může nárokovat svá práva. Česká obchodní inspekce nákup zde považuje za rizikový.
pandoraslevy.cz,-,Jako provozovatel webu není uveden nikdo\, stránky jsou tedy zcela anonymní a spotřebitel neví\, s kým uzavírá kupní smlouvu a vůči komu může nárokovat svá práva. Před nákupem na těchto stránkách Česká obchodní inspekce varuje.
paradisehost.cz,-,Jako provozovatel webu není uveden nikdo\, stránky jsou tedy zcela anonymní a spotřebitel neví\, s kým uzavírá kupní smlouvu a vůči komu může nárokovat svá práva. Před nákupem na těchto stránkách Česká obchodní inspekce varuje.
parasias.com,-,Jako provozovatel webu není uveden nikdo\, stránky jsou tedy zcela anonymní a spotřebitel neví\, s kým uzavírá kupní smlouvu a vůči komu může nárokovat svá práva. Před nákupem na těchto stránkách Česká obchodní inspekce varuje.
parksidecz.com,-,Jako provozovatel webu není uveden nikdo\, stránky jsou tedy zcela anonymní a spotřebitel neví\, s kým uzavírá kupní smlouvu a vůči komu může nárokovat svá práva. Před nákupem na těchto stránkách Česká obchodní inspekce varuje.
parksidejmstore.com,-,Jako provozovatel webu není uveden nikdo\, stránky jsou tedy zcela anonymní a spotřebitel neví\, s kým uzavírá kupní smlouvu a vůči komu může nárokovat svá práva. Před nákupem na těchto stránkách Česká obchodní inspekce varuje.
patagonia-cz.cz,-,Jako provozovatel webu není uveden nikdo\, stránky jsou tedy zcela anonymní a spotřebitel neví\, s kým uzavírá kupní smlouvu a vůči komu může nárokovat svá práva. Před nákupem na těchto stránkách Česká obchodní inspekce varuje.
penzion-u-petry.cz,-,Opuštěnou doménu koupil neznámý subjekt. Název domény neodpovídá nabízenému zboží\, tím je především oblečení a obuv. Podle podání spotřebitele přišlo po zaplacení zboží úplně jiné mnohem menší hodnoty. Není koho kontaktovat. Jako provozovatel webu není uveden nikdo\, stránky jsou tedy zcela anonymní a spotřebitel neví\, s kým uzavírá kupní smlouvu a vůči komu může nárokovat svá práva. Před nákupem na těchto stránkách Česká obchodní inspekce varuje.
pepejeanseshopcz.cz,-,Jako provozovatel webu není uveden nikdo\, stránky jsou tedy zcela anonymní a spotřebitel neví\, s kým uzavírá kupní smlouvu a vůči komu může nárokovat svá práva. Před nákupem na těchto stránkách Česká obchodní inspekce varuje.
perfdealpromo.com/420/proengineult-m-med/gps/,-,Na stránkách se spotřebitel dozví\, že za 28 dní bude váš automobil spalovat o 64 % méně paliva užíváním neznámého výrobku. Pod tvrzením údajného centrálního institutu figuruje prof. Miroslav Vašička\, ačkoli tato osoba je smyšlená\, nemá ani záznam v žádné seriozní instituci. S ohledem na nedostatečné informace na webu nejen o provozovateli\, dále neinformování o právech pro spotřebitele\, Česká obchodní inspekce vyplnění formuláře a případné zaplacení zde považuje za rizikové.
perfectchoice360.com/420/promagnetin-m-tybet/gps/,-,Stránky odkazují na neexistující rozhovor s údajným vědcem\, tím má být Dr. David Karpita. Tento domnělý věděc však nemá žádný záznam na univerzitě\, ani v jiné seriozní instituci. Fotka je stažena z fotobanky\, jde o smyšleného odborníka. Jako provozovatel webu není uveden nikdo\, stránky jsou tedy zcela anonymní a spotřebitel neví\, s kým uzavírá kupní smlouvu a vůči komu může nárokovat svá práva. Před nákupem na těchto stránkách Česká obchodní inspekce varuje.
perfektna.sk,https://www.soi.sk/files/documents/info-verejnost/internetove%20obchody/perfektna.sk.docx.pdf,-
pfjhy.shop,-,Jako provozovatel webu není uveden nikdo\, stránky jsou tedy zcela anonymní a spotřebitel neví\, s kým uzavírá kupní smlouvu a vůči komu může nárokovat svá práva. Před nákupem na těchto stránkách Česká obchodní inspekce varuje.
pink-paradise.cz,-,Jako provozovatel webu není uveden nikdo\, stránky jsou tedy zcela anonymní a spotřebitel neví\, s kým uzavírá kupní smlouvu a vůči komu může nárokovat svá práva. Před nákupem na těchto stránkách Česká obchodní inspekce varuje.
pod-cenou.cz,-,Podle informací uvedených na internetových stránkách nejde o klasický e-shop\, ale o „nákupní galerii“\, jejímž prostřednictvím údajně zboží nabízejí externí zahraniční subjekty. Má se jednat zřejmě o společnosti se sídlem v Číně nebo v jiných asijských zemích\, u nichž je pro spotřebitele obtížné ověřit jejich existenci a důvěryhodnost. ČOI registruje stížnosti na dodání zboží s velkou časovou prodlevou\, případně nedodání zboží vůbec. Je-li dostupnost označena např. výrazem „skladem ihned k odeslání“\, může to v praxi znamenat\, že zboží se nachází v Číně a bude doručeno až za několik týdnů či měsíců. Řešení reklamací a/nebo vracení zboží může být pro spotřebitele obtížné. Případný nákup na těchto internetových stránkách doporučujeme důkladně uvážit a před jeho provedením velmi podrobně zkontrolovat dodací lhůty\, obchodní podmínky a identitu a důvěryhodnost externího prodávajícího.
podlozka-na-grilovanicz.com,-,Na stránky jsou lidé odkazováni ve spamech\, které se šíří elektronickou poštou. Po kliknutí dle spotřebitelských informací chodí více nevyžádaných nabídek. Jako provozovatel webu není uveden nikdo\, stránky jsou tedy zcela anonymní a spotřebitel neví\, vůči komu může nárokovat svá práva. Jediným kontaktem je zmíněný formulář pro vyplnění. Před vyplněním formuláře se svými osobnímu údaji na těchto stránkách Česká obchodní inspekce varuje.
poeust.com,-,Jako provozovatel webu není uveden nikdo\, stránky jsou tedy zcela anonymní a spotřebitel neví\, s kým uzavírá kupní smlouvu a vůči komu může nárokovat svá práva. Před nákupem na těchto stránkách Česká obchodní inspekce varuje.
poisoil.shop,-,Jako provozovatel webu není uveden nikdo\, stránky jsou tedy zcela anonymní a spotřebitel neví\, s kým uzavírá kupní smlouvu a vůči komu může nárokovat svá práva. Před nákupem na těchto stránkách Česká obchodní inspekce varuje.
pokeme.cz,-,Jako provozovatel webu není uveden nikdo\, obchodní podmínky chybí\, stránky jsou tedy zcela anonymní a spotřebitel neví\, s kým uzavírá kupní smlouvu a vůči komu může nárokovat svá práva. Před nákupem na těchto stránkách Česká obchodní inspekce varuje.
polene.cz,-,Jako provozovatel webu není uveden nikdo\, stránky jsou tedy zcela anonymní a spotřebitel neví\, s kým uzavírá kupní smlouvu a vůči komu může nárokovat svá práva. Před nákupem na těchto stránkách Česká obchodní inspekce varuje.
poleneparis.cz,-,Jako provozovatel webu není uveden nikdo\, stránky jsou tedy zcela anonymní a spotřebitel neví\, s kým uzavírá kupní smlouvu a vůči komu může nárokovat svá práva. Před nákupem na těchto stránkách Česká obchodní inspekce varuje.
polenepariskabelkycz.com,-,Jako provozovatel webu není uveden nikdo\, stránky jsou tedy zcela anonymní a spotřebitel neví\, s kým uzavírá kupní smlouvu a vůči komu může nárokovat svá práva. Před nákupem na těchto stránkách Česká obchodní inspekce varuje.
polosralphlauren.cz,-,Jako provozovatel webu není uveden nikdo\, stránky jsou tedy zcela anonymní a spotřebitel neví\, s kým uzavírá kupní smlouvu a vůči komu může nárokovat svá práva. Před nákupem na těchto stránkách Česká obchodní inspekce varuje.
polskytovar.sk,https://www.soi.sk/files/documents/info-verejnost/internetove%20obchody/tatiana%20kamen%C3%ADkov%C3%A1_upozornenie%20pre%20spotrebite%C4%BEov.pdf,-
polstarnakrk-cz.com,-,Jako provozovatel webu není uveden nikdo\, stránky jsou tedy zcela anonymní a spotřebitel neví\, s kým uzavírá kupní smlouvu a vůči komu může nárokovat svá práva. Před nákupem na těchto stránkách Česká obchodní inspekce varuje.
potah-zidle.cz,-,Jako provozovatel webu není uveden nikdo\, stránky jsou tedy zcela anonymní a spotřebitel neví\, s kým uzavírá kupní smlouvu a vůči komu může nárokovat svá práva. Před nákupem na těchto stránkách Česká obchodní inspekce varuje.
potokcpagetti2.com/sq7n/,-,Nabízený výrobek je doplňkem stravy (jedná se tedy o potravinu). V textech na webových stránkách jsou v souvislosti s doplňkem stravy KETO DIET používána neschválená zdravotní tvrzení o nabízené potravině v rozporu s právními předpisy. Na webových stránkách nejsou uvedeny k tomuto doplňku stravy některé povinné údaje. Jako provozovatel je uvedena společnost z Panamy\, která figuruje u mnoha jiných rizikových e-shopů\, které nabízejí celou řadu dalších neznámých výrobků např. proti kouření\, na prostatu\, na klouby\, srdeční hypertenzi a další. Před nákupem na těchto stránkách Česká obchodní inspekce varuje.
powerglasses.co.uk,-,Jako provozovatel webu není uveden nikdo\, stránky jsou tedy zcela anonymní a spotřebitel neví\, s kým uzavírá kupní smlouvu a vůči komu může nárokovat svá práva. Před nákupem na těchto stránkách Česká obchodní inspekce varuje.
ppl-cz.505910.site,-,Stránka se vydává za oficiální stránku PPL a žádá doplatek služby. Nejedná se o skutečné stránky společnosti PPL. Česká obchodní inspekce před platbou na těchto stránkách varuje\, údajný poplatek za službu je smyšlený.
pradacz.cz,-,Jako provozovatel webu není uveden nikdo\, stránky jsou tedy zcela anonymní a spotřebitel neví\, s kým uzavírá kupní smlouvu a vůči komu může nárokovat svá práva. Před nákupem na těchto stránkách Česká obchodní inspekce varuje.
prelblog.com,-,Stránka s nabídkou neznámého výrobku se správně zobrazí jen těm\, kteří kliknou na reklamu\, která se šíří zpravidla jako spam\, či na Facebooku. Jako provozovatel webu není uveden nikdo\, stránky jsou tedy zcela anonymní a spotřebitel neví\, s kým uzavírá kupní smlouvu a vůči komu může nárokovat svá práva. Před nákupem na těchto stránkách Česká obchodní inspekce varuje.
prenblog.com,-,Stránka se zobrazí jen po kliknutí na reklamu\, nebo na spam. Nabízí se zde neznámý výrobek na hubnutí. Jako provozovatel webu není uveden nikdo\, stránky jsou tedy zcela anonymní a spotřebitel neví\, s kým uzavírá kupní smlouvu a vůči komu může nárokovat svá práva. Před nákupem na těchto stránkách Česká obchodní inspekce varuje.
prezentify.cz,-,Jako provozovatel webu není uveden nikdo\, stránky jsou tedy zcela anonymní a spotřebitel neví\, s kým uzavírá kupní smlouvu a vůči komu může nárokovat svá práva. Před nákupem na těchto stránkách Česká obchodní inspekce varuje.
primarkpraha.com,-,Jako provozovatel webu není uveden nikdo\, stránky jsou tedy zcela anonymní a spotřebitel neví\, s kým uzavírá kupní smlouvu a vůči komu může nárokovat svá práva. Před nákupem na těchto stránkách Česká obchodní inspekce varuje.
primechnnls.com,-,Stránka láká spotřebitele k zázračnému zbohatnutí na kryptoměnách. Míří sem spotřebitelé nejen z reklamních lživých e-mailů\, kde zázračné zbohatnutí má slibovat Leoš Mareš\, jde však o smyšlené údaje a rozhovor\, který neexistoval. Stránka zneužívá kryptoměny k nalákání dalších na údajné investice a zázračné zbohatnutí a periodicky obměňuje příběh a mění domény. Webové stránky uvádějí lživé a zastaralé informace o investici do kryptoměny či na burzách\, aby to vypadalo\, že investice se jedině vyplatí. S ohledem na nedostatečné informace na webu nejen o provozovateli\, dále neinformování o právech pro spotřebitele\, Česká obchodní inspekce vyplnění formuláře a případné zaplacení zde považuje za rizikové.
primediscount24.com,-,Jako provozovatel webu není uveden nikdo\, stránky jsou tedy zcela anonymní a spotřebitel neví\, s kým uzavírá kupní smlouvu a vůči komu může nárokovat svá práva. Před nákupem na těchto stránkách Česká obchodní inspekce varuje.
privatkunden.pakete-empfangen.alphagrr.xyz,-,Jedná se o stránku\, které odkazuje na nutnost uhradit za zboží přepravní společností DHL. Avšak nejde o oficiální stránky společnosti DHL\, jedná se o zneužití značky a stránky mají vzbudit u spotřebitele důvěru a přímo vyzývají k platbě. Jako provozovatel webu není uveden nikdo\, stránky jsou tedy zcela anonymní (zneužívají loga přepravní společnosti DHL) a spotřebitel je vyzýván přes e-mail zde uhradit drobné poplatky\, které však DHL oficiálně po spotřebiteli nepožaduje. Plná stránka se však zobrazí jen tomu\, komu přijde fiktivní výzva k úhradě. Před platbou na těchto stránkách Česká obchodní inspekce varuje. Viz obr.: https://www.coi.gov.cz/wp-content/uploads/2020/10/Screenshot_20201015-152710.png
procarsshopcz1.com,-,Jako provozovatel webu není uveden nikdo\, stránky jsou tedy zcela anonymní a spotřebitel neví\, s kým uzavírá kupní smlouvu a vůči komu může nárokovat svá práva. Před nákupem na těchto stránkách Česká obchodní inspekce varuje.
prodazhatovara.com/page/d77ba678aae830dfef92c2c64bf7487158ff479f,-,Internetové stránky\, na které se dostanete nejčastěji přes reklamu\, slibují neznámý přípravek proti chlupům na těle. Informace na stránkách jsou nedostatečné. Jako provozovatel webu není uveden nikdo\, stránky jsou tedy zcela anonymní a spotřebitel neví\, s kým uzavírá kupní smlouvu a vůči komu může nárokovat svá práva. Před nákupem na těchto stránkách Česká obchodní inspekce varuje.
prodej.in,-,E-shop nezveřejňuje obchodní podmínky\, případně obsah obchodních podmínek hrubě odporuje právním předpisům. Eshop vymáhá platbu za registraci\, nákup v bitcoinech\, vyhrožuje soudem\, nyní dočasně nedostupný. Před nákupem na těchto stránkách Česká obchodní inspekce varuje.
profit-farma.com,-,Jako provozovatel webu není uveden nikdo\, stránky jsou tedy zcela anonymní a spotřebitel neví\, s kým uzavírá kupní smlouvu a vůči komu může nárokovat svá práva. Před nákupem na těchto stránkách Česká obchodní inspekce varuje.
profits-bit-apps.com/u/399c83893c5558eadf4f/pages/cz.html,-,Stránka láká spotřebitele k zázračnému zbohatnutí na kryptoměnách. Míří sem spotřebitelé z reklamních lživých e-mailů a stránek\, kde má zázračné zbohatnutí slibovat Petr Kellner\, jde však o smyšlené údaje a rozhovor\, který neexistoval. S ohledem na nedostatečné informace na webu nejen o provozovateli\, dále neinformování o právech pro spotřebitele\, Česká obchodní inspekce vyplnění formuláře a případné zaplacení zde považuje za rizikové.
progettidivini.cz,-,Jako provozovatel webu není uveden nikdo\, stránky jsou tedy zcela anonymní a spotřebitel neví\, s kým uzavírá kupní smlouvu a vůči komu může nárokovat svá práva. Před nákupem na těchto stránkách Česká obchodní inspekce varuje.
prollercz.com,-,Na stránky jsou lidé odkazováni ve spamech\, které se šíří elektronickou poštou. Po kliknutí dle spotřebitelských informací chodí více nevyžádaných nabídek. Jako provozovatel webu není uveden nikdo\, stránky jsou tedy zcela anonymní a spotřebitel neví\, vůči komu může nárokovat svá práva. Jediným kontaktem je zmíněný formulář pro vyplnění. Před vyplněním formuláře se svými osobnímu údaji na těchto stránkách Česká obchodní inspekce varuje.
prttye1wk.digital,-,Stránka láká spotřebitele k zázračnému zbohatnutí na kryptoměnách. Míří sem spotřebitelé nejen z reklamních lživých stránek\, kde zázračné zbohatnutí má slibovat i premiér ČR Andrej Babiš (https://www.coi.gov.cz/prttye1wk/)\, jde však o smyšlené údaje a rozhovor\, který neexistoval. Stránka zneužívá kryptoměny k nalákání dalších na údajné investice a zázračné zbohatnutí a periodicky obměňuje příběh a mění domény. Webové stránky uvádějí lživé a zastaralé informace o investici do kryptoměny či na burzách\, aby to vypadalo\, že investice se jedině vyplatí. S ohledem na nedostatečné informace na webu nejen o provozovateli\, dále neinformování o právech pro spotřebitele\, Česká obchodní inspekce vyplnění formuláře a případné zaplacení zde považuje za rizikové.
pulsnioxymetrcz.com,-,Jako provozovatel webu není uveden nikdo\, stránky jsou tedy zcela anonymní a spotřebitel neví\, s kým uzavírá kupní smlouvu a vůči komu může nárokovat svá práva. Před nákupem na těchto stránkách Česká obchodní inspekce varuje.
pumacz.cz,-,Jako provozovatel webu není uveden nikdo\, stránky jsou tedy zcela anonymní a spotřebitel neví\, s kým uzavírá kupní smlouvu a vůči komu může nárokovat svá práva. Před nákupem na těchto stránkách Česká obchodní inspekce varuje.
pumaczeshop.cz,-,Jako provozovatel webu není uveden nikdo\, stránky jsou tedy zcela anonymní a spotřebitel neví\, s kým uzavírá kupní smlouvu a vůči komu může nárokovat svá práva. Před nákupem na těchto stránkách Česká obchodní inspekce varuje.
pumaslovensko.sk,-,Jako provozovatel webu není uveden nikdo\, stránky jsou tedy zcela anonymní a spotřebitel neví\, s kým uzavírá kupní smlouvu a vůči komu může nárokovat svá práva. Před nákupem na těchto stránkách Česká obchodní inspekce varuje.
puradone.com,-,Na stránkách je nabízen neznámý produkt jako léčivo\, ačkoli nebyl schválen Státním ústavem pro kontrolu léčiv. Jako prodejce uveden subjekt se sídlem v Moskvě\, jehož totožnost je obtížné ověřit. Obchodní podmínky zcela chybí a spotřebitel neví\, vůči komu může nárokovat svá práva. Web zásadním způsobem porušuje právní předpisy České republiky. Před nákupem na těchto stránkách varuje Česká obchodní inspekce i Státní ústav pro kontrolu léčiv.
puresuit.shop,-,Jako provozovatel webu není uveden nikdo\, stránky jsou tedy zcela anonymní a spotřebitel neví\, s kým uzavírá kupní smlouvu a vůči komu může nárokovat svá práva. Před nákupem na těchto stránkách Česká obchodní inspekce varuje.
pxunhcz.com,-,Jako provozovatel webu není uveden nikdo\, stránky jsou tedy zcela anonymní a spotřebitel neví\, s kým uzavírá kupní smlouvu a vůči komu může nárokovat svá práva. Před nákupem na těchto stránkách Česká obchodní inspekce varuje.
pyrozeus.com,-,Jako provozovatel webu není uveden nikdo\, stránky jsou tedy zcela anonymní a spotřebitel neví\, s kým uzavírá kupní smlouvu a vůči komu může nárokovat svá práva. Před nákupem na těchto stránkách Česká obchodní inspekce varuje.
qeecra.com,-,Jako provozovatel webu není uveden nikdo\, stránky jsou tedy zcela anonymní a spotřebitel neví\, s kým uzavírá kupní smlouvu a vůči komu může nárokovat svá práva. Před nákupem na těchto stránkách Česká obchodní inspekce varuje.
qikoping.com,-,Jako provozovatel webu není uveden nikdo\, stránky jsou tedy zcela anonymní a spotřebitel neví\, s kým uzavírá kupní smlouvu a vůči komu může nárokovat svá práva. Před nákupem na těchto stránkách Česká obchodní inspekce varuje.
qsauner.com,-,Jako provozovatel webu není uveden nikdo\, stránky jsou tedy zcela anonymní a spotřebitel neví\, s kým uzavírá kupní smlouvu a vůči komu může nárokovat svá práva. Před nákupem na těchto stránkách Česká obchodní inspekce varuje.
querid.top,-,Jako provozovatel webu není uveden nikdo\, stránky jsou tedy zcela anonymní a spotřebitel neví\, s kým uzavírá kupní smlouvu a vůči komu může nárokovat svá práva. Před nákupem na těchto stránkách Česká obchodní inspekce varuje.
rabbunda.cz,-,Jako provozovatel webu není uveden nikdo\, stránky jsou tedy zcela anonymní a spotřebitel neví\, s kým uzavírá kupní smlouvu a vůči komu může nárokovat svá práva. Před nákupem na těchto stránkách Česká obchodní inspekce varuje.
racers.sk,-,Jako provozovatel webu není uveden nikdo\, stránky jsou tedy zcela anonymní a spotřebitel neví\, s kým uzavírá kupní smlouvu a vůči komu může nárokovat svá práva. Před nákupem na těchto stránkách Česká obchodní inspekce varuje.
radical-wear.cz,-,Jako provozovatel webu není uveden nikdo\, stránky jsou tedy zcela anonymní a spotřebitel neví\, s kým uzavírá kupní smlouvu a vůči komu může nárokovat svá práva. Před nákupem na těchto stránkách Česká obchodní inspekce varuje.
radzomo.com,-,Jako provozovatel webu není uveden nikdo\, stránky jsou tedy zcela anonymní a spotřebitel neví\, s kým uzavírá kupní smlouvu a vůči komu může nárokovat svá práva. Před nákupem na těchto stránkách Česká obchodní inspekce varuje.
rajpradla.sk,https://www.soi.sk/files/documents/info-verejnost/internetove%20obchody/rajpradla.sk.docx.pdf,-
rammicr.com,-,Jako provozovatel webu není uveden nikdo\, stránky jsou tedy zcela anonymní a spotřebitel neví\, s kým uzavírá kupní smlouvu a vůči komu může nárokovat svá práva. Před nákupem na těchto stránkách Česká obchodní inspekce varuje.
randecll.com,-,Jako provozovatel webu není uveden nikdo\, stránky jsou tedy zcela anonymní a spotřebitel neví\, s kým uzavírá kupní smlouvu a vůči komu může nárokovat svá práva. Před nákupem na těchto stránkách Česká obchodní inspekce varuje.
raphacz.cz,-,Jako provozovatel webu není uveden nikdo\, stránky jsou tedy zcela anonymní a spotřebitel neví\, s kým uzavírá kupní smlouvu a vůči komu může nárokovat svá práva. Před nákupem na těchto stránkách Česká obchodní inspekce varuje.
raybanczstore.cz,-,Jako provozovatel webu není uveden nikdo\, stránky jsou tedy zcela anonymní a spotřebitel neví\, s kým uzavírá kupní smlouvu a vůči komu může nárokovat svá práva. Před nákupem na těchto stránkách Česká obchodní inspekce varuje.
rayray.sk,https://www.soi.sk/files/documents/info-verejnost/internetove%20obchody/rayray.sk.docx.pdf,-
rdbcjf.store,-,Jako provozovatel webu není uveden nikdo\, stránky jsou tedy zcela anonymní a spotřebitel neví\, s kým uzavírá kupní smlouvu a vůči komu může nárokovat svá práva. Před nákupem na těchto stránkách Česká obchodní inspekce varuje.
recenzetop.cz/artroser/,-,Jako provozovatel webu není uveden nikdo\, stránky jsou tedy zcela anonymní a spotřebitel neví\, s kým uzavírá kupní smlouvu a vůči komu může nárokovat svá práva. Před nákupem na těchto stránkách varuje Česká obchodní inspekce i Státní ústav prokontrolu léčiv.
redmi-czk.com,-,Jako provozovatel webu není uveden nikdo\, stránky jsou tedy zcela anonymní a spotřebitel neví\, s kým uzavírá kupní smlouvu a vůči komu může nárokovat svá práva. Před nákupem na těchto stránkách Česká obchodní inspekce varuje.
reefcz.cz,-,Jako provozovatel webu není uveden nikdo\, stránky jsou tedy zcela anonymní a spotřebitel neví\, s kým uzavírá kupní smlouvu a vůči komu může nárokovat svá práva. Před nákupem na těchto stránkách Česká obchodní inspekce varuje.
reelio.cz,-,Podle informací uvedených na internetových stránkách nejde o klasický e-shop\, ale o „nákupní galerii“\, jejímž prostřednictvím údajně zboží nabízejí externí zahraniční subjekty. Má se jednat zřejmě o společnosti se sídlem v Číně nebo v jiných asijských zemích\, u nichž je pro spotřebitele obtížné ověřit jejich existenci a důvěryhodnost. ČOI registruje stížnosti na dodání zboží s velkou časovou prodlevou\, případně nedodání zboží vůbec. Je-li dostupnost označena např. výrazem „skladem ihned k odeslání“\, může to v praxi znamenat\, že zboží se nachází v Číně a bude doručeno až za několik týdnů či měsíců. Řešení reklamací a/nebo vracení zboží může být pro spotřebitele obtížné. Případný nákup na těchto internetových stránkách doporučujeme důkladně uvážit a před jeho provedením velmi podrobně zkontrolovat dodací lhůty\, obchodní podmínky a identitu a důvěryhodnost externího prodávajícího.
registr-dluzniku-k-nahlednuti-zdarma.cz,-,Jiná mutace stránky www.centralniregistrdluzniku.cz (viz níže). Česká obchodní inspekce před jednáním této společnosti dlouhodobě varuje\, pokuty uložené ze strany ČOI nejsou uhrazeny\, k nápravě jednání nedošlo. Ani na výzvy Úřadu pro ochranu osobních údajů společnost nereaguje a dopouští se nadále protiprávního jednání. Viz https://www.uoou.cz/k-nbsp-zaverum-z-nbsp-kontroly-systemu-centralniho-registru-dluzniku-ceske-republiky-cerd/d-34574. Problém s tímto webem mají spotřebitelé již zhruba 10 let\, viz reportáž ČT https://www.ceskatelevize.cz/porady/1142743803-reporteri-ct/210452801240048/0/43914-registr-dluzniku-poskozuje-bezuhonne/
relatoncz.zdorovieludi.com/?country_code=CZ,-,Stránky neobsahují dostatečné obchodní podmínky\, současná podoba webu hrubě odporuje právním předpisům. Před nákupem na těchto stránkách Česká obchodní inspekce varuje.
resellempire.store,-,Jako provozovatel webu není uveden nikdo\, stránky jsou tedy zcela anonymní a spotřebitel neví\, s kým uzavírá kupní smlouvu a vůči komu může nárokovat svá práva. Před nákupem na těchto stránkách Česká obchodní inspekce varuje.
retro-saty.cz,-,Jako provozovatel webu není uveden nikdo\, stránky jsou tedy zcela anonymní a spotřebitel neví\, s kým uzavírá kupní smlouvu a vůči komu může nárokovat svá práva. Před nákupem na těchto stránkách Česká obchodní inspekce varuje.
retrohernikonzole.cz,-,Z webových stránek není zřejmé\, kdo je provozovatelem e-shopu a tedy\, s kým spotřebitel uzavírá kupní smlouvu a vůči komu může nárokovat svá práva. Obchodní podmínky chybí. Před nákupem na těchto stránkách Česká obchodní inspekce varuje.
rfesj.ltd,-,Jako provozovatel webu není uveden nikdo\, stránky jsou tedy zcela anonymní a spotřebitel neví\, s kým uzavírá kupní smlouvu a vůči komu může nárokovat svá práva. Před nákupem na těchto stránkách Česká obchodní inspekce varuje.
rhasnog.com,-,Jako provozovatel webu není uveden nikdo\, stránky jsou tedy zcela anonymní a spotřebitel neví\, s kým uzavírá kupní smlouvu a vůči komu může nárokovat svá práva. Před nákupem na těchto stránkách Česká obchodní inspekce varuje.
rickerfriends.org/kingstown-zaluje-vitkovu-cpi-kvuli-udajnym-pomluvam-v-mediich/,-,Stránka láká spotřebitele k zázračnému zbohatnutí na kryptoměnách. Míří sem spotřebitelé nejen z reklamních lživých e-mailů\, kde zázračné zbohatnutí má slibovat Radovan Vítek\, jde však o smyšlené údaje a rozhovor\, který neexistoval. Stránka zneužívá kryptoměny k nalákání dalších na údajné investice a zázračné zbohatnutí a periodicky obměňuje příběh a mění domény. Webové stránky uvádějí lživé a zastaralé informace o investici do kryptoměny či na burzách\, aby to vypadalo\, že investice se jedině vyplatí. S ohledem na nedostatečné informace na webu nejen o provozovateli\, dále neinformování o právech pro spotřebitele\, Česká obchodní inspekce vyplnění formuláře a případné zaplacení zde považuje za rizikové.
riekercz.com,-,Jako provozovatel webu není uveden nikdo\, stránky jsou tedy zcela anonymní a spotřebitel neví\, s kým uzavírá kupní smlouvu a vůči komu může nárokovat svá práva. Před nákupem na těchto stránkách Česká obchodní inspekce varuje.
riekerobuveshop.sk,-,Jako provozovatel webu není uveden nikdo\, stránky jsou tedy zcela anonymní a spotřebitel neví\, s kým uzavírá kupní smlouvu a vůči komu může nárokovat svá práva. Před nákupem na těchto stránkách Česká obchodní inspekce varuje.
rightdeal.sk,https://www.soi.sk/files/documents/info-verejnost/internetove%20obchody/rightdeal.sk.pdf,-
rigthoffer24.com/420/movenol2-m-med/gps/,-,Na webových stránkách je nabízen naprosto neznámý výrobek jako pomoc proti stárnutí a bolestem kloubů. Spotřebitel je na tyto stránky odkazován ve spamech\, které se šíří elektronickou poštou. Jako provozovatel webu není uveden nikdo\, stránky jsou tedy zcela anonymní a spotřebitel neví\, s kým uzavírá kupní smlouvu a vůči komu může nárokovat svá práva. Před nákupem na těchto stránkách Česká obchodní inspekce varuje.
rivio.cz,-,Česká obchodní inspekce registruje vysoký počet stížností\, které se provozovatele internetových stránek týkají. Podle informací uvedených na internetových stránkách nejde o klasický e-shop\, ale o „virtuální galerii“\, jejímž prostřednictvím údajně zboží nabízejí externí subjekty. Obvykle se má jednat o společnosti se sídlem v Číně nebo v jiných asijských zemích\, u nichž je pro spotřebitele obtížné ověřit jejich existenci a důvěryhodnost. ČOI registruje stížnosti na dodání zboží s velkou časovou prodlevou\, případně nedodání zboží vůbec. Je-li dostupnost označena např. výrazem „skladem u dodavatele“\, může to v praxi znamenat\, že zboží se nachází v Číně a bude doručeno až za několik týdnů či měsíců. Řešení reklamací a/nebo vracení zboží může být pro spotřebitele obtížné. Případný nákup na těchto internetových stránkách doporučujeme důkladně uvážit a před jeho provedením velmi podrobně zkontrolovat dodací lhůty\, obchodní podmínky a identitu a důvěryhodnost externího prodávajícího.
roxy-cz.cz,-,Jako provozovatel webu není uveden nikdo\, stránky jsou tedy zcela anonymní a spotřebitel neví\, s kým uzavírá kupní smlouvu a vůči komu může nárokovat svá práva. Před nákupem na těchto stránkách Česká obchodní inspekce varuje.
rrivica.com,-,Jako provozovatel webu není uveden nikdo\, stránky jsou tedy zcela anonymní a spotřebitel neví\, s kým uzavírá kupní smlouvu a vůči komu může nárokovat svá práva. Před nákupem na těchto stránkách Česká obchodní inspekce varuje.
rtiglassesshop.com,-,Jako provozovatel webu není uveden nikdo\, stránky jsou tedy zcela anonymní a spotřebitel neví\, s kým uzavírá kupní smlouvu a vůči komu může nárokovat svá práva. Obsah obchodních podmínek hrubě odporuje právním předpisům. Před nákupem na těchto stránkách Česká obchodní inspekce varuje.
rueporter.com,-,Jako provozovatel webu není uveden nikdo\, stránky jsou tedy zcela anonymní a spotřebitel neví\, s kým uzavírá kupní smlouvu a vůči komu může nárokovat svá práva. Před nákupem na těchto stránkách Česká obchodní inspekce varuje.
rufico-czech.com,-,Jako provozovatel webu není uveden nikdo\, stránky jsou tedy zcela anonymní a spotřebitel neví\, s kým uzavírá kupní smlouvu a vůči komu může nárokovat svá práva. Před nákupem na těchto stránkách Česká obchodní inspekce varuje.
rulniw.com,-,Jako provozovatel webu není uveden nikdo\, stránky jsou tedy zcela anonymní a spotřebitel neví\, s kým uzavírá kupní smlouvu a vůči komu může nárokovat svá práva. Před nákupem na těchto stránkách Česká obchodní inspekce varuje.
rvcacz.cz,-,Jako provozovatel webu není uveden nikdo\, stránky jsou tedy zcela anonymní a spotřebitel neví\, s kým uzavírá kupní smlouvu a vůči komu může nárokovat svá práva. Před nákupem na těchto stránkách Česká obchodní inspekce varuje.
rwblvtfc.com,-,Stránka se otevře správně jen těm\, kteří přijdou z reklamy na Facebooku (https://www.coi.gov.cz/shduolian-fb/) a následně se zobrazí lživý obsah o tom\, že Ivo Lukačovič investuje 100 milionů Kč do zahraniční firmy (https://www.coi.gov.cz/rwblvtfc/). Tato zpráva se nezakládá na pravdě. Na stránce jsou pak údaje o tom\, komu a kam poslat peníze\, respektive částku v kryptoměně Bitcoin\, aby člověk také rychle zbohatl. Uvedená stránka navíc zneužívá loga českých televizních společností\, aby vypadala důvěryhodněji. Česká obchodní inspekce před těmito stránkami varuje\, provozovatel je neznámý.
ryderwear.cz,-,Jako provozovatel webu není uveden nikdo\, stránky jsou tedy zcela anonymní a spotřebitel neví\, s kým uzavírá kupní smlouvu a vůči komu může nárokovat svá práva. Před nákupem na těchto stránkách Česká obchodní inspekce varuje.
s-brands.cz,-,Jako provozovatel webu není uveden nikdo\, stránky jsou tedy zcela anonymní a spotřebitel neví\, s kým uzavírá kupní smlouvu a vůči komu může nárokovat svá práva. Před nákupem na těchto stránkách Česká obchodní inspekce varuje.
sale-big.live,-,Jako provozovatel webu není uveden nikdo\, stránky jsou tedy zcela anonymní a spotřebitel neví\, s kým uzavírá kupní smlouvu a vůči komu může nárokovat svá práva. Před nákupem na těchto stránkách Česká obchodní inspekce varuje.
sale.dopesnower.com,-,Jako provozovatel webu není uveden nikdo\, stránky jsou tedy zcela anonymní a spotřebitel neví\, s kým uzavírá kupní smlouvu a vůči komu může nárokovat svá práva. Před nákupem na těchto stránkách Česká obchodní inspekce varuje.
sale.montece.com,-,Jako provozovatel webu není uveden nikdo\, stránky jsou tedy zcela anonymní a spotřebitel neví\, s kým uzavírá kupní smlouvu a vůči komu může nárokovat svá práva. Před nákupem na těchto stránkách Česká obchodní inspekce varuje.
saleegoods.com,-,Stránka\, na kterou se dostane spotřebitel nejčastěji přes spam v e-mailu\, nabízí údajně drony. Jako provozovatel webu není uveden nikdo\, stránky jsou tedy zcela anonymní a spotřebitel neví\, s kým uzavírá kupní smlouvu a vůči komu může nárokovat svá práva. Před nákupem na těchto stránkách Česká obchodní inspekce varuje.
salewaeshop.cz,-,Jako provozovatel webu není uveden nikdo\, stránky jsou tedy zcela anonymní a spotřebitel neví\, s kým uzavírá kupní smlouvu a vůči komu může nárokovat svá práva. Před nákupem na těchto stránkách Česká obchodní inspekce varuje.
salomoncz.com,-,Jako provozovatel webu není uveden nikdo\, stránky jsou tedy zcela anonymní a spotřebitel neví\, s kým uzavírá kupní smlouvu a vůči komu může nárokovat svá práva. Před nákupem na těchto stránkách Česká obchodní inspekce varuje.
sananga.cz,-,Jako provozovatel webu není uveden nikdo\, stránky jsou tedy zcela anonymní a spotřebitel neví\, s kým uzavírá kupní smlouvu a vůči komu může nárokovat svá práva. Před nákupem na těchto stránkách Česká obchodní inspekce varuje.
sanke-shen.shop,-,Jako provozovatel webu není uveden nikdo\, stránky jsou tedy zcela anonymní a spotřebitel neví\, s kým uzavírá kupní smlouvu a vůči komu může nárokovat svá práva. Před nákupem na těchto stránkách Česká obchodní inspekce varuje.
sanukeshop.cz,-,Jako provozovatel webu není uveden nikdo\, stránky jsou tedy zcela anonymní a spotřebitel neví\, s kým uzavírá kupní smlouvu a vůči komu může nárokovat svá práva. Před nákupem na těchto stránkách Česká obchodní inspekce varuje.
satansdesign.com,-,Jako provozovatel webu není uveden nikdo\, stránky jsou tedy zcela anonymní a spotřebitel neví\, s kým uzavírá kupní smlouvu a vůči komu může nárokovat svá práva. Před nákupem na těchto stránkách Česká obchodní inspekce varuje.
saucony-slovensko.sk,-,Jako provozovatel webu není uveden nikdo\, stránky jsou tedy zcela anonymní a spotřebitel neví\, s kým uzavírá kupní smlouvu a vůči komu může nárokovat svá práva. Před nákupem na těchto stránkách Česká obchodní inspekce varuje.
schotz.cz,-,Jedná se o e-shop s oblečením\, jako provozovatel webu není uveden nikdo\, stránky jsou tedy zcela anonymní a spotřebitel neví\, s kým uzavírá kupní smlouvu a vůči komu může nárokovat svá práva. Před nákupem na těchto stránkách Česká obchodní inspekce varuje.
scratch-removercz.com,-,Jako provozovatel webu není uveden nikdo\, stránky jsou tedy zcela anonymní a spotřebitel neví\, s kým uzavírá kupní smlouvu a vůči komu může nárokovat svá práva. Před nákupem na těchto stránkách Česká obchodní inspekce varuje.
scuffers.cz,-,Jako provozovatel webu není uveden nikdo\, stránky jsou tedy zcela anonymní a spotřebitel neví\, s kým uzavírá kupní smlouvu a vůči komu může nárokovat svá práva. Před nákupem na těchto stránkách Česká obchodní inspekce varuje.
scuffersczechrepublic.cz,-,Jako provozovatel webu není uveden nikdo\, stránky jsou tedy zcela anonymní a spotřebitel neví\, s kým uzavírá kupní smlouvu a vůči komu může nárokovat svá práva. Před nákupem na těchto stránkách Česká obchodní inspekce varuje.
securesmrt-dt.com,-,Internetové stránky údajné seznamky\, na které se dostanete nejčastěji na základě spamů v elektronické poště\, nabízejí mužům hezké slečny\, fotky jsou však staženy z fotobank\, po zaplacení jste přesměrování na další podobné stránky vyžadující peníze. S ohledem na zcela chybějící informace na webu nejen o provozovateli webu\, dále neinformování o právech pro spotřebitele\, Česká obchodní inspekce stránky považuje za rizikové.
seekpo.shop,-,Jako provozovatel webu není uveden nikdo\, stránky jsou tedy zcela anonymní a spotřebitel neví\, s kým uzavírá kupní smlouvu a vůči komu může nárokovat svá práva. Před nákupem na těchto stránkách Česká obchodní inspekce varuje.
seogain.cz,-,Jako provozovatel webu není uveden nikdo\, stránky jsou tedy zcela anonymní a spotřebitel neví\, s kým uzavírá kupní smlouvu a vůči komu může nárokovat svá práva. Před nákupem na těchto stránkách Česká obchodní inspekce varuje.
servingyourpharmacy.com/rbrt0Cn/index.html?utm_campaign=facebook,-,Stránka zneužívá logo České televize\, TV Prima i TV Nova. Zároveň ukazuje premiéra Andreje Babiše a odkazuje na rozhovor o zázračném zbohatnutí\, který je smyšlený - viz https://www.coi.gov.cz/servingyourpharmacy-com/ - v článku se píše\, že premiér oznámil novou „mezeru v zákonech pro bohatství“\, navíc je prý prokázané\, že z kohokoliv udělá za 3 až 4 měsíce milionáře. Obrázek zde https://www.coi.gov.cz/servingyourpharmacy-com2/ Jedná se o lživou stránku s cílem vyvolat v lidech falešný pocit\, že rychle zbohatnou. Stránka pak každým proklikem míří na anonymním web https://ultraforcebtcoffers.com/knab/ a tam právě má spotřebitel investovat své peníze a má ho čekat zázračné zbohatnutí na  kryptoměnách. Před těmito stránkami ČOI varuje\, web je anonymní a informace o zaručeném zbohatnutí se opírají o lživá tvrzení.
severnistyl.com,-,Jako provozovatel webu není uveden nikdo\, stránky jsou tedy zcela anonymní a spotřebitel neví\, s kým uzavírá kupní smlouvu a vůči komu může nárokovat svá práva. Před nákupem na těchto stránkách Česká obchodní inspekce varuje.
sexyplastenky.cz,-,Prostřednictvím stránek je nabízeno VIP členství za poplatek. Na stránkách chybí jakákoliv identifikace prodávajícího. Prodávajícím má být dle majitele domény pan Robert Fisher\, Neely Rd 4076\, Fort Wainwright\, AK 99703\, USA.  Tento však\, jak bylo šetřením zjištěno\, na uvedené adrese neexistuje.
sfgnsv.shop,-,Jako provozovatel webu není uveden nikdo\, stránky jsou tedy zcela anonymní a spotřebitel neví\, s kým uzavírá kupní smlouvu a vůči komu může nárokovat svá práva. Před nákupem na těchto stránkách Česká obchodní inspekce varuje.
sharkorder.com/gh7p/l/,-,Na webových stránkách probíhá odpočítávání času\, po který platí údajně výhodná nabídka. Nicméně časomíra se znovu druhý den zrestartuje. Je to nátlak na spotřebitele s cílem prodat mu výrobek. Jako provozovatel webu není uveden nikdo\, stránky jsou tedy zcela anonymní a spotřebitel neví\, s kým uzavírá kupní smlouvu a vůči komu může nárokovat svá práva. Před nákupem na těchto stránkách Česká obchodní inspekce varuje.
shitforyou.eu,-,Jako provozovatel webu není uveden nikdo\, stránky jsou tedy zcela anonymní a spotřebitel neví\, s kým uzavírá kupní smlouvu a vůči komu může nárokovat svá práva. Před nákupem na těchto stránkách Česká obchodní inspekce varuje.
shoesetogs.com,-,Jako provozovatel webu není uveden nikdo\, stránky jsou tedy zcela anonymní a spotřebitel neví\, s kým uzavírá kupní smlouvu a vůči komu může nárokovat svá práva. Před nákupem na těchto stránkách Česká obchodní inspekce varuje.
shoeshopcz.cz,-,Jako provozovatel webu není uveden nikdo\, stránky jsou tedy zcela anonymní a spotřebitel neví\, s kým uzavírá kupní smlouvu a vůči komu může nárokovat svá práva. Před nákupem na těchto stránkách Česká obchodní inspekce varuje.
shop.monteoc.com,-,Jako provozovatel webu není uveden nikdo\, stránky jsou tedy zcela anonymní a spotřebitel neví\, s kým uzavírá kupní smlouvu a vůči komu může nárokovat svá práva. Před nákupem na těchto stránkách Česká obchodní inspekce varuje.
shop1025.carlsplace.org,-,Jako provozovatel webu není uveden nikdo\, stránky jsou tedy zcela anonymní a spotřebitel neví\, s kým uzavírá kupní smlouvu a vůči komu může nárokovat svá práva. Před nákupem na těchto stránkách Česká obchodní inspekce varuje.
shopcvrea.com,-,Jako provozovatel webu není uveden nikdo\, stránky jsou tedy zcela anonymní a spotřebitel neví\, s kým uzavírá kupní smlouvu a vůči komu může nárokovat svá práva. Před nákupem na těchto stránkách Česká obchodní inspekce varuje.
shopcz.cc,-,Jako provozovatel webu není uveden nikdo\, stránky jsou tedy zcela anonymní a spotřebitel neví\, s kým uzavírá kupní smlouvu a vůči komu může nárokovat svá práva. Před nákupem na těchto stránkách Česká obchodní inspekce varuje.
shopcz.sweetshoppingathome.com,-,Jako provozovatel webu není uveden nikdo\, stránky jsou tedy zcela anonymní a spotřebitel neví\, s kým uzavírá kupní smlouvu a vůči komu může nárokovat svá práva. Před nákupem na těchto stránkách Česká obchodní inspekce varuje.
shopfasts.shop,-,Jako provozovatel webu není uveden nikdo\, stránky jsou tedy zcela anonymní a spotřebitel neví\, s kým uzavírá kupní smlouvu a vůči komu může nárokovat svá práva. Před nákupem na těchto stránkách Česká obchodní inspekce varuje.
shopolo.cz,-,Česká obchodní inspekce registruje vysoký počet stížností\, které se provozovatele internetových stránek týkají. Provozovatelem internetových stránek je subjekt se sídlem ve Slovinsku. Stížnosti spotřebitelů upozorňují na nízkou kvalitu zboží a obtíže při vyřizování reklamací. V souvislosti s krizovou situací ohledně onemocnění COVID-19 ČOI obdržela stížnosti týkající se vysokých cen osobních ochranných prostředků\, někteří zákazníci dle svých tvrzení údajně obdrželi namísto dezinfekčního prostředku aromatizovanou vodu. Případný nákup na těchto internetových stránkách doporučuje ČOI důkladně uvážit.
shopolo.sk,https://www.soi.sk/files/documents/info-verejnost/internetove%20obchody/shopolo.sk.docx.pdf,-
shopoonline5.com,-,Internetové stránky\, na které se dostanete nejčastěji na základě spamů v elektronické poště\, slibují zcela neznámý produkt pro muže. Obchodní podmínky zcela chybí\, další informace na stránkách jsou nedostatečné. Jako provozovatel je uvedena společnost z Panamy\, která figuruje u mnoha jiných rizikových e-shopů\, které nabízejí celou řadu dalších neznámých výrobků např. na hubnutí\, proti kouření\, na prostatu\, na klouby\, srdeční hypertenzi a další. Recenze jsou smyšlené. Před nákupem na těchto stránkách Česká obchodní inspekce varuje.
shoppingclub.cz,-,Jako provozovatel webu není uveden nikdo\, stránky jsou tedy zcela anonymní a spotřebitel neví\, s kým uzavírá kupní smlouvu a vůči komu může nárokovat svá práva. Před nákupem na těchto stránkách Česká obchodní inspekce varuje.
shopsaea.com,-,Jako provozovatel webu není uveden nikdo\, stránky jsou tedy zcela anonymní a spotřebitel neví\, s kým uzavírá kupní smlouvu a vůči komu může nárokovat svá práva. Před nákupem na těchto stránkách Česká obchodní inspekce varuje.
shoptoptovar.com,-,Jako provozovatel webu není uveden nikdo\, stránky jsou tedy zcela anonymní a spotřebitel neví\, s kým uzavírá kupní smlouvu a vůči komu může nárokovat svá práva. Před nákupem na těchto stránkách Česká obchodní inspekce varuje.
shuilongf.shop,-,Jako provozovatel webu není uveden nikdo\, stránky jsou tedy zcela anonymní a spotřebitel neví\, s kým uzavírá kupní smlouvu a vůči komu může nárokovat svá práva. Před nákupem na těchto stránkách Česká obchodní inspekce varuje.
shuqaim.com,-,Obchodní podmínky hrubým způsobem porušují právní předpisy České republiky. Před nákupem na těchto stránkách Česká obchodní inspekce varuje.
simaginaryoir.shop,-,Jako provozovatel webu není uveden nikdo\, stránky jsou tedy zcela anonymní a spotřebitel neví\, s kým uzavírá kupní smlouvu a vůči komu může nárokovat svá práva. Před nákupem na těchto stránkách Česká obchodní inspekce varuje.
simplepepper.top,-,Jako provozovatel webu není uveden nikdo\, stránky jsou tedy zcela anonymní a spotřebitel neví\, s kým uzavírá kupní smlouvu a vůči komu může nárokovat svá práva. Před nákupem na těchto stránkách Česká obchodní inspekce varuje.
sipsip.cz,-,Jako provozovatel webu není uveden nikdo\, stránky jsou tedy zcela anonymní a spotřebitel neví\, s kým uzavírá kupní smlouvu a vůči komu může nárokovat svá práva. Před nákupem na těchto stránkách Česká obchodní inspekce varuje.
sirect.pro,-,Jako provozovatel webu není uveden nikdo\, stránky jsou tedy zcela anonymní a spotřebitel neví\, s kým uzavírá kupní smlouvu a vůči komu může nárokovat svá práva. Před nákupem na těchto stránkách Česká obchodní inspekce varuje.
sisimoda.com,-,Jako provozovatel webu není uveden nikdo\, stránky jsou tedy zcela anonymní a spotřebitel neví\, s kým uzavírá kupní smlouvu a vůči komu může nárokovat svá práva. Před nákupem na těchto stránkách Česká obchodní inspekce varuje.
skechersoutlet.cz,-,Jako provozovatel webu není uveden nikdo\, stránky jsou tedy zcela anonymní a spotřebitel neví\, s kým uzavírá kupní smlouvu a vůči komu může nárokovat svá práva. Před nákupem na těchto stránkách Česká obchodní inspekce varuje.
skims.cz,-,Jako provozovatel webu není uveden nikdo\, stránky jsou tedy zcela anonymní a spotřebitel neví\, s kým uzavírá kupní smlouvu a vůči komu může nárokovat svá práva. Před nákupem na těchto stránkách Česká obchodní inspekce varuje.
skincarezlicin.com,-,Opuštěnou doménu koupil neznámý subjekt. Na webu je nabízen neznámý přípravek proti plísním nehtů. Jako provozovatel webu není uveden nikdo\, stránky jsou tedy zcela anonymní a spotřebitel neví\, s kým uzavírá kupní smlouvu a vůči komu může nárokovat svá práva. Před nákupem na těchto stránkách Česká obchodní inspekce varuje.
skvela-moda.cz,-,Web slouží jako nákupní galerie\, chybí zde identifikační údaje provozovatele webu\, stránky jsou tedy zcela anonymní a spotřebitel neví\, s kým uzavírá kupní smlouvu a vůči komu může nárokovat svá práva. Jako dodavatelé (prodávající) jsou nedostatečně identifikované subjekty se sídlem v Asii. Obchodní podmínky zcela chybí\, další informace na stránkách jsou nedostatečné. Před nákupem na těchto stránkách Česká obchodní inspekce varuje.
skwyw.atlor.shop,-,Jako provozovatel webu není uveden nikdo\, stránky jsou tedy zcela anonymní a spotřebitel neví\, s kým uzavírá kupní smlouvu a vůči komu může nárokovat svá práva. Před nákupem na těchto stránkách Česká obchodní inspekce varuje.
skyeyes.shop,-,Jako provozovatel webu není uveden nikdo\, stránky jsou tedy zcela anonymní a spotřebitel neví\, s kým uzavírá kupní smlouvu a vůči komu může nárokovat svá práva. Před nákupem na těchto stránkách Česká obchodní inspekce varuje.
sleva.onlinesale2020.com,-,Jako provozovatel webu není uveden nikdo\, stránky jsou tedy zcela anonymní a spotřebitel neví\, s kým uzavírá kupní smlouvu a vůči komu může nárokovat svá práva. Před nákupem na těchto stránkách Česká obchodní inspekce varuje.
sleva.stores2020.net,-,Na webu je nabízena obuv. Ze stránek není nikde zřejmé\, kdo je provozovatelem\, tedy s kým spotřebitel uzavírá smlouvu a vůči komu může nárokovat svá práva. Česká obchodní inspekce před těmito stránkami spotřebitele varuje.
sleva24.cz,-,Jako provozovatel webu není uveden nikdo\, stránky jsou tedy zcela anonymní a spotřebitel neví\, s kým uzavírá kupní smlouvu a vůči komu může nárokovat svá práva. Před nákupem na těchto stránkách Česká obchodní inspekce varuje.
slevakupon.cz,-,Jako provozovatel webu není uveden nikdo\, stránky jsou tedy zcela anonymní a spotřebitel neví\, s kým uzavírá kupní smlouvu a vůči komu může nárokovat svá práva. Před nákupem na těchto stránkách Česká obchodní inspekce varuje.
smartall.cz,-,Na základě podání spotřebitelů zahájila Česká obchodní inspekce kontrolu v rámci svých dozorových pravomocí. Podnikatelský subjekt dle zaslaných podnětů od spotřebitelů neakceptuje odstoupení od kupní smlouvy\, finanční částky za nedodané výrobky nevrací. Dle informací uvedených v podání je nekontaktní\, nereaguje na e-maily. Na základě postoupení živnostenskému úřadu v Českém Těšíně bylo tímto zjištěno\, že na stránkách uvedená fyzická osoba žádnou podnikatelskou činnost neprovozuje a jedná se o zneužití jména fyzické osoby. Uvedené zjištění bylo sděleno Policii ČR i stěžovatelům. Před nákupem na těchto stránkách Česká obchodní inspekce varuje.
smartshopping-24.com,-,Stránka nabízí neznámý výrobek proti křečovým žílám. Jako provozovatel webu není uveden nikdo\, stránky jsou tedy zcela anonymní a spotřebitel neví\, s kým uzavírá kupní smlouvu a vůči komu může nárokovat svá práva. Před nákupem na těchto stránkách Česká obchodní inspekce varuje.
snaponsmile.com,-,Na stránky jsou lidé odkazováni ve spamech\, které se šíří elektronickou poštou. Po kliknutí dle spotřebitelských informací chodí více nevyžádaných nabídek. Jako provozovatel webu není uveden nikdo\, stránky jsou tedy zcela anonymní a spotřebitel neví\, vůči komu může nárokovat svá práva. Jediným kontaktem je zmíněný formulář pro vyplnění. Před vyplněním formuláře se svými osobnímu údaji na těchto stránkách Česká obchodní inspekce varuje.
sneakersonmars.eu,-,Provozovatel uvedený v obchodních podmínkách neexistuje\, stejně jako e-shopem uvedené identifikační číslo (IČ) a adresa sídla. Spotřebitel tak neví\, s kým uzavírá kupní smlouvu a vůči komu může nárokovat svá práva. Před nákupem na těchto stránkách Česká obchodní inspekce varuje.
solarenergy-eu.com/cz,-,Internetový obchod je provozován subjektem se sídlem mimo členské státy Evropské unie\, ačkoliv internetový obchod může u spotřebitelů vzbuzovat dojem\, že je provozován subjektem se sídlem v České republice nebo Evropské unii. Spotřebitelé nemohou uplatňovat svá práva\, nebo je tato možnost významně ztížena. Před nákupem na těchto stránkách Česká obchodní inspekce varuje.
solarnilampycz.com,-,Jako provozovatel webu není uveden nikdo\, stránky jsou tedy zcela anonymní a spotřebitel neví\, s kým uzavírá kupní smlouvu a vůči komu může nárokovat svá práva. Před nákupem na těchto stránkách Česká obchodní inspekce varuje.
solarniledlampa-cz.com,-,Jako provozovatel webu není uveden nikdo\, stránky jsou tedy zcela anonymní a spotřebitel neví\, s kým uzavírá kupní smlouvu a vůči komu může nárokovat svá práva. Před nákupem na těchto stránkách Česká obchodní inspekce varuje.
solnadymka-cz.com,-,Jako provozovatel webu není uveden nikdo\, stránky jsou tedy zcela anonymní a spotřebitel neví\, s kým uzavírá kupní smlouvu a vůči komu může nárokovat svá práva. Před nákupem na těchto stránkách Česká obchodní inspekce varuje.
soloustores.com,-,Jako provozovatel webu není uveden nikdo\, stránky jsou tedy zcela anonymní a spotřebitel neví\, s kým uzavírá kupní smlouvu a vůči komu může nárokovat svá práva. Před nákupem na těchto stránkách Česká obchodní inspekce varuje.
solovaircz.top,-,Jako provozovatel webu není uveden nikdo\, stránky jsou tedy zcela anonymní a spotřebitel neví\, s kým uzavírá kupní smlouvu a vůči komu může nárokovat svá práva. Před nákupem na těchto stránkách Česká obchodní inspekce varuje.
sorelpraha.net,-,Jako provozovatel webu není uveden nikdo\, stránky jsou tedy zcela anonymní a spotřebitel neví\, s kým uzavírá kupní smlouvu a vůči komu může nárokovat svá práva. Před nákupem na těchto stránkách Česká obchodní inspekce varuje.
south211.shop,-,Jako provozovatel webu není uveden nikdo\, stránky jsou tedy zcela anonymní a spotřebitel neví\, s kým uzavírá kupní smlouvu a vůči komu může nárokovat svá práva. Před nákupem na těchto stránkách Česká obchodní inspekce varuje.
spagetlink.com/ttej/l/,-,Na základě smyšlených informací je tu prezentován neznámý přípravek na krevní tlak. Na stránkách jsou pak recenze údajně spokojených uživatelů\, tyto recenze jsou však smyšlené - na jiných verzích stránek v jiném jazyce existují stejné fotografie u recenzí\, avšak jiná jména (dle jazyka). Příběh je smyšlený\, provozovatel je uveden na celé řadě dalších rizikových webů nabízející obdobné rychlé řešení problémů se zdravím. Nákup zde za rizikový považuje Česká obchodní inspekce\, stránky jsou anonymní na blíže nespecifikovanou zahraniční firmu a spotřebitel neví\, s kým uzavírá kupní smlouvu a vůči komu může nárokovat svá práva.
speedcrossnettbutikk.com,-,Jako provozovatel webu není uveden nikdo\, stránky jsou tedy zcela anonymní a spotřebitel neví\, s kým uzavírá kupní smlouvu a vůči komu může nárokovat svá práva. Před nákupem na těchto stránkách Česká obchodní inspekce varuje.
speedydiscount-cesko.com,-,Jako provozovatel webu není uveden nikdo\, stránky jsou tedy zcela anonymní a spotřebitel neví\, s kým uzavírá kupní smlouvu a vůči komu může nárokovat svá práva. Před nákupem na těchto stránkách Česká obchodní inspekce varuje.
splnsen.cz,-,Jako provozovatel webu není uveden nikdo\, stránky jsou tedy zcela anonymní a spotřebitel neví\, s kým uzavírá kupní smlouvu a vůči komu může nárokovat svá práva. Před nákupem na těchto stránkách Česká obchodní inspekce varuje.
spssourosice.cz,-,Opuštěnou doménu koupil neznámý subjekt. Název domény neodpovídá nabízenému zboží\, tím je především oblečení. Jako provozovatel webu není uveden nikdo\, stránky jsou tedy zcela anonymní a spotřebitel neví\, s kým uzavírá kupní smlouvu a vůči komu může nárokovat svá práva. Před nákupem na těchto stránkách Česká obchodní inspekce varuje.
spydercz.cz,-,Jako provozovatel webu není uveden nikdo\, stránky jsou tedy zcela anonymní a spotřebitel neví\, s kým uzavírá kupní smlouvu a vůči komu může nárokovat svá práva. Před nákupem na těchto stránkách Česká obchodní inspekce varuje.
sqnlin07.shop,-,E-shop zneužívá údajů provozovatele e-shopu hudy.cz. Před nákupem na těchto stránkách Česká obchodní inspekce varuje.
stanleycup.cz,-,Jako provozovatel webu není uveden nikdo\, stránky jsou tedy zcela anonymní a spotřebitel neví\, s kým uzavírá kupní smlouvu a vůči komu může nárokovat svá práva. Před nákupem na těchto stránkách Česká obchodní inspekce varuje.
starkuvdum.cz,-,Opuštěnou doménu koupil neznámý subjekt. Název domény neodpovídá nabízenému zboží\, tím je především obuv. Jako provozovatel webu není uveden nikdo\, stránky jsou tedy zcela anonymní a spotřebitel neví\, s kým uzavírá kupní smlouvu a vůči komu může nárokovat svá práva. Před nákupem na těchto stránkách Česká obchodní inspekce varuje.
starsneakers.eu,-,Jako provozovatel webu není uveden nikdo\, stránky jsou tedy zcela anonymní a spotřebitel neví\, s kým uzavírá kupní smlouvu a vůči komu může nárokovat svá práva. Před nákupem na těchto stránkách Česká obchodní inspekce varuje.
stayingsafe.cz,-,Jako provozovatel webu není uveden nikdo\, stránky jsou tedy zcela anonymní a spotřebitel neví\, s kým uzavírá kupní smlouvu a vůči komu může nárokovat svá práva. Před nákupem na těchto stránkách Česká obchodní inspekce varuje.
stellamccartneycz.cz,-,Jako provozovatel webu není uveden nikdo\, stránky jsou tedy zcela anonymní a spotřebitel neví\, s kým uzavírá kupní smlouvu a vůči komu může nárokovat svá práva. Před nákupem na těchto stránkách Česká obchodní inspekce varuje.
stoneislandcz.cz,-,Jako provozovatel webu není uveden nikdo\, stránky jsou tedy zcela anonymní a spotřebitel neví\, s kým uzavírá kupní smlouvu a vůči komu může nárokovat svá práva. Před nákupem na těchto stránkách Česká obchodní inspekce varuje.
storecze.com,-,Jako provozovatel webu není uveden nikdo\, stránky jsou tedy zcela anonymní a spotřebitel neví\, s kým uzavírá kupní smlouvu a vůči komu může nárokovat svá práva. Před nákupem na těchto stránkách Česká obchodní inspekce varuje.
storevuonel.com,-,Jako provozovatel webu není uveden nikdo\, stránky jsou tedy zcela anonymní a spotřebitel neví\, s kým uzavírá kupní smlouvu a vůči komu může nárokovat svá práva. Před nákupem na těchto stránkách Česká obchodní inspekce varuje.
stradivariuscz.cz,-,Jako provozovatel webu není uveden nikdo\, stránky jsou tedy zcela anonymní a spotřebitel neví\, s kým uzavírá kupní smlouvu a vůči komu může nárokovat svá práva. Před nákupem na těchto stránkách Česká obchodní inspekce varuje.
stronginfo24.com/420/formelan-med-m/gps/,-,Stránka\, na kterou se dostane spotřebitel nejčastěji proklikem přes web www.abc-pro-zdravi.cz\, nabízí neznámý výrobek pro muže. Jako provozovatel webu není uveden nikdo\, stránky jsou tedy zcela anonymní a spotřebitel neví\, s kým uzavírá kupní smlouvu a vůči komu může nárokovat svá práva. Před nákupem na těchto stránkách Česká obchodní inspekce varuje.
stussy-praha.cz,-,Jako provozovatel webu není uveden nikdo\, stránky jsou tedy zcela anonymní a spotřebitel neví\, s kým uzavírá kupní smlouvu a vůči komu může nárokovat svá práva. Před nákupem na těchto stránkách Česká obchodní inspekce varuje.
stussyczechrepublic.cz,-,Jako provozovatel webu není uveden nikdo\, stránky jsou tedy zcela anonymní a spotřebitel neví\, s kým uzavírá kupní smlouvu a vůči komu může nárokovat svá práva. Před nákupem na těchto stránkách Česká obchodní inspekce varuje.
stussyscz.cz,-,Jako provozovatel webu není uveden nikdo\, stránky jsou tedy zcela anonymní a spotřebitel neví\, s kým uzavírá kupní smlouvu a vůči komu může nárokovat svá práva. Před nákupem na těchto stránkách Česká obchodní inspekce varuje.
stussyshop.cz,-,Jako provozovatel webu není uveden nikdo\, stránky jsou tedy zcela anonymní a spotřebitel neví\, s kým uzavírá kupní smlouvu a vůči komu může nárokovat svá práva. Před nákupem na těchto stránkách Česká obchodní inspekce varuje.
suga-product.com/cz,-,Na webových stránkách je nabízen naprosto neznámý výrobek jako pomoc pacientům při cukrovce\, který není registrovaný u Státního ústavu pro kontrolu léčiv. Jako prodejce je uvedena firma z Panamy\, která se objevuje u celé řady rizikových e-shopů\, viz níže. Spotřebitel je na tyto stránky odkazován ve spamech\, které se šíří elektronickou poštou. Česká obchodní inspekce nákup zde považuje za rizikový.
sunglasshut.latest-polarized.com,-,Jako provozovatel webu není uveden nikdo\, stránky jsou tedy zcela anonymní a spotřebitel neví\, s kým uzavírá kupní smlouvu a vůči komu může nárokovat svá práva. Před nákupem na těchto stránkách Česká obchodní inspekce varuje.
sunsea.sk,https://www.soi.sk/files/documents/info-verejnost/internetove%20obchody/sunsea.sk.docx.pdf,-
superbriket.cz,-,Na webových stránkách je uvedena identifikace subjektu (IČO)\, který neexistuje. Stránky jsou tedy zcela anonymní a spotřebitel neví\, s kým uzavírá kupní smlouvu a vůči komu může nárokovat svá práva. Před nákupem na těchto stránkách Česká obchodní inspekce varuje.
supremeczshop.com,-,Jako provozovatel webu není uveden nikdo\, stránky jsou tedy zcela anonymní a spotřebitel neví\, s kým uzavírá kupní smlouvu a vůči komu může nárokovat svá práva. Před nákupem na těchto stránkách Česká obchodní inspekce varuje.
suprisimo.sk,https://www.soi.sk/files/documents/info-verejnost/internetove%20obchody/suprisimo.sk.docx.pdf,-
suricateeyes.cz,-,Jako provozovatel webu není uveden nikdo\, stránky jsou tedy zcela anonymní a spotřebitel neví\, s kým uzavírá kupní smlouvu a vůči komu může nárokovat svá práva. Před nákupem na těchto stránkách Česká obchodní inspekce varuje.
suukne.shop,-,Jako provozovatel webu není uveden nikdo\, stránky jsou tedy zcela anonymní a spotřebitel neví\, s kým uzavírá kupní smlouvu a vůči komu může nárokovat svá práva. Před nákupem na těchto stránkách Česká obchodní inspekce varuje.
svarecky-velkoobchod.cz,-,Jako provozovatel webu není uveden nikdo\, stránky jsou tedy zcela anonymní a spotřebitel neví\, s kým uzavírá kupní smlouvu a vůči komu může nárokovat svá práva. Před nákupem na těchto stránkách Česká obchodní inspekce varuje.
svet-siat.eu,https://www.soi.sk/files/documents/info-verejnost/internetove%20obchody/moletka.eu\,%20svet-siat.eu\,%20vip-moda.eu.docx.pdf,-
svethadu.cz,-,Opuštěnou doménu koupil neznámý subjekt. Název domény neodpovídá nabízenému zboží\, tím je především obuv. Jako provozovatel webu není uveden nikdo\, stránky jsou tedy zcela anonymní a spotřebitel neví\, s kým uzavírá kupní smlouvu a vůči komu může nárokovat svá práva. Před nákupem na těchto stránkách Česká obchodní inspekce varuje.
svoboda-moda.cz,-,Jako provozovatel webu není uveden nikdo\, stránky jsou tedy zcela anonymní a spotřebitel neví\, s kým uzavírá kupní smlouvu a vůči komu může nárokovat svá práva. Před nákupem na těchto stránkách Česká obchodní inspekce varuje.
sweaty-betty.cz,-,Jako provozovatel webu není uveden nikdo\, stránky jsou tedy zcela anonymní a spotřebitel neví\, s kým uzavírá kupní smlouvu a vůči komu může nárokovat svá práva. Před nákupem na těchto stránkách Česká obchodní inspekce varuje.
sweorou.com,-,Jako provozovatel webu není uveden nikdo\, stránky jsou tedy zcela anonymní a spotřebitel neví\, s kým uzavírá kupní smlouvu a vůči komu může nárokovat svá práva. Před nákupem na těchto stránkách Česká obchodní inspekce varuje.
swisspower.cz,-,Jako provozovatel webu není uveden nikdo\, stránky jsou tedy zcela anonymní a spotřebitel neví\, s kým uzavírá kupní smlouvu a vůči komu může nárokovat svá práva. Před nákupem na těchto stránkách Česká obchodní inspekce varuje.
systemonl.xyz,-,Stránka láká spotřebitele k zázračnému zbohatnutí na kryptoměnách. Webové stránky uvádějí lživé a zastaralé informace o investici do kryptoměny či na burzách\, aby to vypadalo\, že investice se jedině vyplatí. S ohledem na nedostatečné informace na webu nejen o provozovateli\, dále neinformování o právech pro spotřebitele\, Česká obchodní inspekce vyplnění formuláře a případné zaplacení zde považuje za rizikové.
tatonkacz.com,-,Jako provozovatel webu není uveden nikdo\, stránky jsou tedy zcela anonymní a spotřebitel neví\, s kým uzavírá kupní smlouvu a vůči komu může nárokovat svá práva. Před nákupem na těchto stránkách Česká obchodní inspekce varuje.
tazwmzvy.newhealthcarenow.com,-,Stránky se prezentují jako jakýsi zdravotní portál\, avšak nejde o žádný oficiální portál skutečných zdravotníků. Obchodní podmínky jsou zcela nedostatečné. Na stránkách je pak nabízen pochybný výrobek proti bolesti páteře a kloubů. Stránky jsou úplně stejné\, jako jiný obdobný zdravotní portál\, který podobným způsobem nabízí přípravek proti vysokému krevnímu tlaku i na hubnutí. Česká obchodní inspekce nákup zde považuje za rizikový.
technik4less.de,-,Jako provozovatel webu není uveden nikdo\, stránky jsou tedy zcela anonymní a spotřebitel neví\, s kým uzavírá kupní smlouvu a vůči komu může nárokovat svá práva. Před nákupem na těchto stránkách Česká obchodní inspekce varuje.
tempotime.cz,-,Z webových stránek není zřejmé\, kdo je provozovatelem e-shopu\, tedy s kým spotřebitel uzavírá smlouvu a vůči komu může nárokovat svá práva. Obchodní podmínky zcela chybí. Česká obchodní inspekce nákup zde považuje za rizikový.
tendaisy.com,-,Jako provozovatel webu není uveden nikdo\, stránky jsou tedy zcela anonymní a spotřebitel neví\, s kým uzavírá kupní smlouvu a vůči komu může nárokovat svá práva. Před nákupem na těchto stránkách Česká obchodní inspekce varuje.
teniskyhokaoneone.sk,-,Jako provozovatel webu není uveden nikdo\, stránky jsou tedy zcela anonymní a spotřebitel neví\, s kým uzavírá kupní smlouvu a vůči komu může nárokovat svá práva. Před nákupem na těchto stránkách Česká obchodní inspekce varuje.
tereza-palivove.cz,-,Jako provozovatel webu není uveden nikdo\, stránky jsou tedy zcela anonymní a spotřebitel neví\, s kým uzavírá kupní smlouvu a vůči komu může nárokovat svá práva. Před nákupem na těchto stránkách Česká obchodní inspekce varuje.
tereza-praha.cz,-,Jako provozovatel webu není uveden nikdo\, stránky jsou tedy zcela anonymní a spotřebitel neví\, s kým uzavírá kupní smlouvu a vůči komu může nárokovat svá práva. Před nákupem na těchto stránkách Česká obchodní inspekce varuje.
tevabratislava.com,-,Jako provozovatel webu není uveden nikdo\, stránky jsou tedy zcela anonymní a spotřebitel neví\, s kým uzavírá kupní smlouvu a vůči komu může nárokovat svá práva. Před nákupem na těchto stránkách Česká obchodní inspekce varuje.
teveoeshop.cz,-,Jako provozovatel webu není uveden nikdo\, stránky jsou tedy zcela anonymní a spotřebitel neví\, s kým uzavírá kupní smlouvu a vůči komu může nárokovat svá práva. Před nákupem na těchto stránkách Česká obchodní inspekce varuje.
teveostore.cz,-,Jako provozovatel webu není uveden nikdo\, stránky jsou tedy zcela anonymní a spotřebitel neví\, s kým uzavírá kupní smlouvu a vůči komu může nárokovat svá práva. Před nákupem na těchto stránkách Česká obchodní inspekce varuje.
theantilife.com,-,Jako provozovatel webu není uveden nikdo\, stránky jsou tedy zcela anonymní a spotřebitel neví\, s kým uzavírá kupní smlouvu a vůči komu může nárokovat svá práva. Před nákupem na těchto stránkách Česká obchodní inspekce varuje.
thebestvouchers.com,-,Z webových stránek není zřejmé\, kdo je provozovatelem e-shopu\, tedy s kým spotřebitel uzavírá smlouvu a vůči komu může uplatňovat svá práva. E-shop zveřejňuje obchodní podmínky\, které hrubě odporují právním předpisům. Po odstoupení od smlouvy nevrací peníze\, není kam vrátit zboží. Před nákupem na těchto stránkách Česká obchodní inspekce varuje.
thebox-cz.com,-,Jako provozovatel webu není uveden nikdo\, stránky jsou tedy zcela anonymní a spotřebitel neví\, s kým uzavírá kupní smlouvu a vůči komu může nárokovat svá práva. Před nákupem na těchto stránkách Česká obchodní inspekce varuje.
thecomplication.cz,-,Jako provozovatel webu není uveden nikdo\, stránky jsou tedy zcela anonymní a spotřebitel neví\, s kým uzavírá kupní smlouvu a vůči komu může nárokovat svá práva. Před nákupem na těchto stránkách Česká obchodní inspekce varuje.
thenorthernfacecz.com,-,Jako provozovatel webu není uveden nikdo\, stránky jsou tedy zcela anonymní a spotřebitel neví\, s kým uzavírá kupní smlouvu a vůči komu může nárokovat svá práva. Před nákupem na těchto stránkách Česká obchodní inspekce varuje.
thenorthfacevyprodej.com,-,Jako provozovatel webu není uveden nikdo\, stránky jsou tedy zcela anonymní a spotřebitel neví\, s kým uzavírá kupní smlouvu a vůči komu může nárokovat svá práva. Před nákupem na těchto stránkách Česká obchodní inspekce varuje.
theproductcool.com,-,Jako provozovatel webu není uveden nikdo\, stránky jsou tedy zcela anonymní a spotřebitel neví\, s kým uzavírá kupní smlouvu a vůči komu může nárokovat svá práva. Před nákupem na těchto stránkách Česká obchodní inspekce varuje.
thiyas.tk/raiffeisen/sms-kad/login/Raif/,-,Na základě spamů v e-mailech jsou spotřebitelé odkázaní na Raiffeisenbank\, avšak nejedná se o skutečné stránky banky\, viz obr.: https://www.coi.gov.cz/rb/ Jedná se o zneužití loga a grafického vzhledu webových stránek skutečné banky. Jakékoli zadání údajů na stránkách nedoporučujeme\, mohlo by dojít ke zneužití. Česká obchodní inspekce před těmito stránkami důrazně varuje.
thursdayboots.cz,-,Jako provozovatel webu není uveden nikdo\, stránky jsou tedy zcela anonymní a spotřebitel neví\, s kým uzavírá kupní smlouvu a vůči komu může nárokovat svá práva. Před nákupem na těchto stránkách Česká obchodní inspekce varuje.
tibvn.store,-,Jako provozovatel webu není uveden nikdo\, stránky jsou tedy zcela anonymní a spotřebitel neví\, s kým uzavírá kupní smlouvu a vůči komu může nárokovat svá práva. Před nákupem na těchto stránkách Česká obchodní inspekce varuje.
ticketsafe.cz,-,Jako provozovatel webu není uveden nikdo\, stránky jsou tedy zcela anonymní a spotřebitel neví\, s kým uzavírá kupní smlouvu a vůči komu může nárokovat svá práva. Před nákupem na těchto stránkách Česká obchodní inspekce varuje.
tikkisandale.cz,-,Jako provozovatel webu není uveden nikdo\, stránky jsou tedy zcela anonymní a spotřebitel neví\, s kým uzavírá kupní smlouvu a vůči komu může nárokovat svá práva. Před nákupem na těchto stránkách Česká obchodní inspekce varuje.
time-for-investment.com/tt/420/remxbv1/,-,Na stránkách je uvedeno jméno profesora Graham Le Roux z Harvardu. Profesor Graham Le Roux neexistuje\, jeho příběh je podvod\, který zneužívá kryptoměny a periodicky obměňuje jejich nabídku. Graham Le Roux se vás bude snažit přesvědčit mimo jiné pomocí falešných recenzí a zkušeností svých neexistujících klientů\, pozná se to podle fotek z fotobanky. Pokud si od něj startovací balíček objednáte\, přijde vám poštou na dobírku balík s bezcennými papíry\, vlastníky žádné skutečné kryptoměny se nestanete. Samotné investování do kryptoměny však může být i značně prodělečné. Webové stránky uvádějí lživé a zastaralé informace o investici do kryptoměny\, aby to vypadalo\, že investice se jedině vyplatí. S ohledem na nedostatečné informace na webu nejen o provozovateli\, dále neinformování o právech pro spotřebitele\, Česká obchodní inspekce nákup zde považuje za rizikový.
timeframed.art,-,Jako provozovatel webu není uveden nikdo\, stránky jsou tedy zcela anonymní a spotřebitel neví\, s kým uzavírá kupní smlouvu a vůči komu může nárokovat svá práva. Před nákupem na těchto stránkách Česká obchodní inspekce varuje.
titaskin.com,-,Jako provozovatel webu není uveden nikdo\, stránky jsou tedy zcela anonymní a spotřebitel neví\, s kým uzavírá kupní smlouvu a vůči komu může nárokovat svá práva. Uvedena pouze adresa podnikatelského subjektu v Číně pro zasílání reklamací. Před nákupem na těchto stránkách Česká obchodní inspekce varuje.
tkccoyy.com,-,Jako provozovatel webu není uveden nikdo\, stránky jsou tedy zcela anonymní a spotřebitel neví\, s kým uzavírá kupní smlouvu a vůči komu může nárokovat svá práva. Před nákupem na těchto stránkách Česká obchodní inspekce varuje.
tohereibuy.com,-,Jako provozovatel webu není uveden nikdo\, stránky jsou tedy zcela anonymní a spotřebitel neví\, s kým uzavírá kupní smlouvu a vůči komu může nárokovat svá práva. Před nákupem na těchto stránkách Česká obchodní inspekce varuje.
toonzshop.cz,-,Jako provozovatel webu není uveden nikdo\, stránky jsou tedy zcela anonymní a spotřebitel neví\, s kým uzavírá kupní smlouvu a vůči komu může nárokovat svá práva. Před nákupem na těchto stránkách Česká obchodní inspekce varuje.
top-sales24.com/supplements/zc/24/artresin_plus/01/index_tab1.html,-,Stránky se prezentují jako jakýsi zdravotní portál\, avšak nejde o žádný oficiální portál skutečných zdravotníků. Obchodní podmínky jsou zcela nedostatečné. Na stránkách je pak nabízen pochybný výrobek proti bolesti páteře a kloubů. Stránky jsou úplně stejné\, jako jiný obdobný zdravotní portál\, který podobným způsobem nabízí přípravek proti vysokému krevnímu tlaku i na hubnutí. Česká obchodní inspekce nákup zde považuje za rizikový.
topeo.cz,-,Jako provozovatel webu je uvedena Rumunská firma\, společnost TOPONE TIKIRIKI\, která však již měsíce nemá platné živnostenské oprávnění. Před nákupem na těchto stránkách Česká obchodní inspekce varuje.
topshop-eu.com,-,Jako provozovatel webu není uveden nikdo\, stránky jsou tedy zcela anonymní a spotřebitel neví\, s kým uzavírá kupní smlouvu a vůči komu může nárokovat svá práva. Před nákupem na těchto stránkách Česká obchodní inspekce varuje.
topvision-cz.com,-,Jako provozovatel webu není uveden nikdo\, stránky jsou tedy zcela anonymní a spotřebitel neví\, s kým uzavírá kupní smlouvu a vůči komu může nárokovat svá práva. Před nákupem na těchto stránkách Česká obchodní inspekce varuje.
topwebsshop.com,-,Jako provozovatel webu není uveden nikdo\, stránky jsou tedy zcela anonymní a spotřebitel neví\, s kým uzavírá kupní smlouvu a vůči komu může nárokovat svá práva. Před nákupem na těchto stránkách Česká obchodní inspekce varuje.
tory-burch.cz,-,Jako provozovatel webu není uveden nikdo\, stránky jsou tedy zcela anonymní a spotřebitel neví\, s kým uzavírá kupní smlouvu a vůči komu může nárokovat svá práva. Před nákupem na těchto stránkách Česká obchodní inspekce varuje.
tovar-promo.com,-,Jako provozovatel webu není uveden nikdo\, stránky jsou tedy zcela anonymní a spotřebitel neví\, s kým uzavírá kupní smlouvu a vůči komu může nárokovat svá práva. Před nákupem na těchto stránkách Česká obchodní inspekce varuje.
tpicashop.com,-,Jako provozovatel webu není uveden nikdo\, stránky jsou tedy zcela anonymní a spotřebitel neví\, s kým uzavírá kupní smlouvu a vůči komu může nárokovat svá práva. Před nákupem na těchto stránkách Česká obchodní inspekce varuje.
trapstar.cz,-,Jako provozovatel webu není uveden nikdo\, stránky jsou tedy zcela anonymní a spotřebitel neví\, s kým uzavírá kupní smlouvu a vůči komu může nárokovat svá práva. Před nákupem na těchto stránkách Česká obchodní inspekce varuje.
trendprace.cz,-,Opuštěnou doménu koupil neznámý subjekt. Název domény neodpovídá nabízenému zboží\, tím je především oblečení a obuv. Jako provozovatel webu není uveden nikdo\, stránky jsou tedy zcela anonymní a spotřebitel neví\, s kým uzavírá kupní smlouvu a vůči komu může nárokovat svá práva. Před nákupem na těchto stránkách Česká obchodní inspekce varuje.
tretryshimano.cz,-,Jako provozovatel webu není uveden nikdo\, stránky jsou tedy zcela anonymní a spotřebitel neví\, s kým uzavírá kupní smlouvu a vůči komu může nárokovat svá práva. Před nákupem na těchto stránkách Česká obchodní inspekce varuje.
trinlk.com,-,Jako provozovatel webu není uveden nikdo\, stránky jsou tedy zcela anonymní a spotřebitel neví\, s kým uzavírá kupní smlouvu a vůči komu může nárokovat svá práva. Před nákupem na těchto stránkách Česká obchodní inspekce varuje.
triumphdiscount.com,-,Jako provozovatel webu není uveden nikdo\, stránky jsou tedy zcela anonymní a spotřebitel neví\, s kým uzavírá kupní smlouvu a vůči komu může nárokovat svá práva. Před nákupem na těchto stránkách Česká obchodní inspekce varuje.
trumerse.com,-,Jako provozovatel webu není uveden nikdo\, stránky jsou tedy zcela anonymní a spotřebitel neví\, s kým uzavírá kupní smlouvu a vůči komu může nárokovat svá práva. Před nákupem na těchto stránkách Česká obchodní inspekce varuje.
try.articblast.co,-,Ze stránek není zřejmé\, kdo je provozovatelem\, tedy s kým spotřebitel uzavírá smlouvu a vůči komu může nárokovat svá práva. Obchodní podmínky hrubým způsobem porušují právní předpisy České republiky. Před nákupem na těchto stránkách Česká obchodní inspekce varuje.
tryitnow.space/neonove,-,Na stránkách je zneužito jméno prof. MUDr. Jana Pirka\, DrSc. a ten se již pro média vůči této prezentaci ohradil\, nemá s těmito stránkami nic společného. Uvedené webové stránky zneužily jméno slavného českého kardiochirurga.  Jako provozovatel webu není uveden nikdo\, stránky jsou tedy zcela anonymní a spotřebitel neví\, s kým uzavírá kupní smlouvu a vůči komu může nárokovat svá práva. Před nákupem na těchto stránkách Česká obchodní inspekce varuje. Viz: https://www.blesk.cz/clanek/zpravy-udalosti/665732/znamy-lekar-v-soku-smejdi-jeho-jmenem-prodavaji-zazrak-na-cevy-pirk-zasahuje-mi-to-do-zivota.html
tsanlo.com,-,Jako provozovatel webu není uveden nikdo\, stránky jsou tedy zcela anonymní a spotřebitel neví\, s kým uzavírá kupní smlouvu a vůči komu může nárokovat svá práva. Před nákupem na těchto stránkách Česká obchodní inspekce varuje.
tunican.shop,-,Jako provozovatel webu není uveden nikdo\, stránky jsou tedy zcela anonymní a spotřebitel neví\, s kým uzavírá kupní smlouvu a vůči komu může nárokovat svá práva. Před nákupem na těchto stránkách Česká obchodní inspekce varuje.
tuubkupp.newhealthylifes.com,-,Stránky se prezentují jako jakýsi zdravotní portál\, avšak nejde o žádný oficiální portál skutečných zdravotníků. MUDr. Jan Volek\, který vystupuje v článku\, nemá žádný záznam na univerzitě\, ani v jiné seriózní instituci. Fotka je stažena z fotobanky\, jde o smyšleného odborníka. Na stánkách je pak formulář pro objednání produktu. Jako provozovatel webu není uveden nikdo\, stránky jsou tedy zcela anonymní a spotřebitel neví\, s kým uzavírá kupní smlouvu a vůči komu může nárokovat svá práva. Před nákupem na těchto stránkách varuje Česká obchodní inspekce.
tvarlitomysl.cz,-,Opuštěnou doménu koupil neznámý subjekt. Název domény neodpovídá nabízenému zboží\, tím je především obuv. Jako provozovatel webu není uveden nikdo\, stránky jsou tedy zcela anonymní a spotřebitel neví\, s kým uzavírá kupní smlouvu a vůči komu může nárokovat svá práva. Před nákupem na těchto stránkách Česká obchodní inspekce varuje.
tvoje-krasa.cz/fatfix-heart-and-body-cz/centrum,-,Stránky se prezentují jako odborný portál\, kde se k neznámemu přípravku vyjadřuje údajný prof. Jan Koloušek\, který však nemá žádný záznam na univerzitě\, ani v jiné seriozní instituci. Fotka je stažena z fotobanky\, jde o smysšleného odborníka. Obchodní podmínky jsou zcela nedostatečné. Na stránkách je pak nabízen pochybný výrobek na hubnutí. Česká obchodní inspekce nákup zde považuje za rizikový.
tyflogalerie.cz,-,Jako provozovatel webu není uveden nikdo\, stránky jsou tedy zcela anonymní a spotřebitel neví\, s kým uzavírá kupní smlouvu a vůči komu může nárokovat svá práva. Před nákupem na těchto stránkách Česká obchodní inspekce varuje.
tylda.cz,-,Jako provozovatel webu není uveden nikdo\, stránky jsou tedy zcela anonymní a spotřebitel neví\, s kým uzavírá kupní smlouvu a vůči komu může nárokovat svá práva. Před nákupem na těchto stránkách Česká obchodní inspekce varuje.
tyr-cz.cz,-,Jako provozovatel webu není uveden nikdo\, stránky jsou tedy zcela anonymní a spotřebitel neví\, s kým uzavírá kupní smlouvu a vůči komu může nárokovat svá práva. Před nákupem na těchto stránkách Česká obchodní inspekce varuje.
ubuy.cz,-,Jako provozovatel webu není uveden nikdo\, stránky jsou tedy zcela anonymní a spotřebitel neví\, s kým uzavírá kupní smlouvu a vůči komu může nárokovat svá práva. Před nákupem na těchto stránkách Česká obchodní inspekce varuje.
uerds.shop,-,Web nezveřejňuje obchodní podmínky\, případně obsah obchodních podmínek hrubě odporuje právním předpisům. Před nákupem na těchto stránkách Česká obchodní inspekce varuje.
uggsleva.cz,-,Jako provozovatel webu není uveden nikdo\, stránky jsou tedy zcela anonymní a spotřebitel neví\, s kým uzavírá kupní smlouvu a vůči komu může nárokovat svá práva. Před nákupem na těchto stránkách Česká obchodní inspekce varuje.
uinlialeu.lol,-,Jako provozovatel webu není uveden nikdo\, stránky jsou tedy zcela anonymní a spotřebitel neví\, s kým uzavírá kupní smlouvu a vůči komu může nárokovat svá práva. Před nákupem na těchto stránkách Česká obchodní inspekce varuje.
underarmour-cz.cz,-,Jako provozovatel webu není uveden nikdo\, stránky jsou tedy zcela anonymní a spotřebitel neví\, s kým uzavírá kupní smlouvu a vůči komu může nárokovat svá práva. Před nákupem na těchto stránkách Česká obchodní inspekce varuje.
uniqlo-cz.cz,-,Jako provozovatel webu není uveden nikdo\, stránky jsou tedy zcela anonymní a spotřebitel neví\, s kým uzavírá kupní smlouvu a vůči komu může nárokovat svá práva. Před nákupem na těchto stránkách Česká obchodní inspekce varuje.
uniqo.cz,-,Jako provozovatel webu není uveden nikdo\, stránky jsou tedy zcela anonymní a spotřebitel neví\, s kým uzavírá kupní smlouvu a vůči komu může nárokovat svá práva. Před nákupem na těchto stránkách Česká obchodní inspekce varuje.
unique-modules.com,-,Jako provozovatel webu není uveden nikdo\, stránky jsou tedy zcela anonymní a spotřebitel neví\, s kým uzavírá kupní smlouvu a vůči komu může nárokovat svá práva. Před nákupem na těchto stránkách Česká obchodní inspekce varuje.
univerzalni-bryle-na-cteni-cz.com,-,Jako provozovatel webu není uveden nikdo\, stránky jsou tedy zcela anonymní a spotřebitel neví\, s kým uzavírá kupní smlouvu a vůči komu může nárokovat svá práva. Před nákupem na těchto stránkách Česká obchodní inspekce varuje.
unlqlo-cz.cz,-,Jako provozovatel webu není uveden nikdo\, stránky jsou tedy zcela anonymní a spotřebitel neví\, s kým uzavírá kupní smlouvu a vůči komu může nárokovat svá práva. Před nákupem na těchto stránkách Česká obchodní inspekce varuje.
urbaner-store.com,-,Jako provozovatel webu není uveden nikdo\, stránky jsou tedy zcela anonymní a spotřebitel neví\, s kým uzavírá kupní smlouvu a vůči komu může nárokovat svá práva. Před nákupem na těchto stránkách Česká obchodní inspekce varuje.
urbantrend.sk,https://www.soi.sk/files/documents/info-verejnost/internetove%20obchody/urbantrend.sk.pdf,-
urotrin1cz.doctordays.com/l,-,Jako provozovatel webu není uveden nikdo\, stránky jsou tedy zcela anonymní a spotřebitel neví\, s kým uzavírá kupní smlouvu a vůči komu může nárokovat svá práva. Před nákupem na těchto stránkách varuje Česká obchodní inspekce varuje i Státní ústav pro kontrolu léčiv.
urunbahcesi.com,-,Jako provozovatel webu není uveden nikdo\, stránky jsou tedy zcela anonymní a spotřebitel neví\, s kým uzavírá kupní smlouvu a vůči komu může nárokovat svá práva. Před nákupem na těchto stránkách Česká obchodní inspekce varuje.
utopiadigitalstore.com,-,Jako provozovatel webu není uveden nikdo\, stránky jsou tedy zcela anonymní a spotřebitel neví\, s kým uzavírá kupní smlouvu a vůči komu může nárokovat svá práva. Před nákupem na těchto stránkách Česká obchodní inspekce varuje.
uvres.shop,-,Jako provozovatel webu není uveden nikdo\, stránky jsou tedy zcela anonymní a spotřebitel neví\, s kým uzavírá kupní smlouvu a vůči komu může nárokovat svá práva. Před nákupem na těchto stránkách Česká obchodní inspekce varuje.
uyjiy.shop,-,Jako provozovatel webu není uveden nikdo\, stránky jsou tedy zcela anonymní a spotřebitel neví\, s kým uzavírá kupní smlouvu a vůči komu může nárokovat svá práva. Před nákupem na těchto stránkách Česká obchodní inspekce varuje.
vacanez.com,-,Jako provozovatel webu není uveden nikdo\, stránky jsou tedy zcela anonymní a spotřebitel neví\, s kým uzavírá kupní smlouvu a vůči komu může nárokovat svá práva. Před nákupem na těchto stránkách Česká obchodní inspekce varuje.
vagabondeshop.cz,-,Jako provozovatel webu není uveden nikdo\, stránky jsou tedy zcela anonymní a spotřebitel neví\, s kým uzavírá kupní smlouvu a vůči komu může nárokovat svá práva. Před nákupem na těchto stránkách Česká obchodní inspekce varuje.
valeroil.shop,-,Jako provozovatel webu není uveden nikdo\, stránky jsou tedy zcela anonymní a spotřebitel neví\, s kým uzavírá kupní smlouvu a vůči komu může nárokovat svá práva. Před nákupem na těchto stránkách Česká obchodní inspekce varuje.
valicellicz.com,-,Stránky zneužívají státní symbol a prezentují se jako oficiální stránky Ministerstva zdravotnictví ČR\, ačkoli tomu tak není. Na webových stránkách je nabízen naprosto neznámý výrobek jako pomoc pacientům při cukrovce\, který není registrovaný u Státního ústavu pro kontrolu léčiv.  Jako provozovatel webu není uveden nikdo\, stránky jsou tedy zcela anonymní a spotřebitel neví\, s kým uzavírá kupní smlouvu a vůči komu může nárokovat svá práva. Před nákupem na těchto stránkách varuje Česká obchodní inspekce i Státní ústav pro kontrolu léčiv.
valitoshop.com,-,Jako provozovatel webu není uveden nikdo\, stránky jsou tedy zcela anonymní a spotřebitel neví\, s kým uzavírá kupní smlouvu a vůči komu může nárokovat svá práva. Před nákupem na těchto stránkách Česká obchodní inspekce varuje.
valueffect.com,-,Jako provozovatel webu není uveden nikdo\, stránky jsou tedy zcela anonymní a spotřebitel neví\, s kým uzavírá kupní smlouvu a vůči komu může nárokovat svá práva. Před nákupem na těchto stránkách Česká obchodní inspekce varuje.
vamano.cz/checkouts/smart-hodinky-d18/,-,Provozovatel eshopu uvedený na webových stránkách není skutečným provozovatelem eshopu.  Došlo ke zneužití jeho obchodního jména neznámým podvodníkem.
vans-cz.cz,-,Jako provozovatel webu není uveden nikdo\, stránky jsou tedy zcela anonymní a spotřebitel neví\, s kým uzavírá kupní smlouvu a vůči komu může nárokovat svá práva. Před nákupem na těchto stránkách Česká obchodní inspekce varuje.
vbnapce.shop,-,Jako provozovatel webu není uveden nikdo\, stránky jsou tedy zcela anonymní a spotřebitel neví\, s kým uzavírá kupní smlouvu a vůči komu může nárokovat svá práva. Před nákupem na těchto stránkách Česká obchodní inspekce varuje.
vcmmsai.com,-,Jako provozovatel webu není uveden nikdo\, stránky jsou tedy zcela anonymní a spotřebitel neví\, s kým uzavírá kupní smlouvu a vůči komu může nárokovat svá práva. Před nákupem na těchto stránkách Česká obchodní inspekce varuje.
vejaeshop.cz,-,Jako provozovatel webu není uveden nikdo\, stránky jsou tedy zcela anonymní a spotřebitel neví\, s kým uzavírá kupní smlouvu a vůči komu může nárokovat svá práva. Před nákupem na těchto stránkách Česká obchodní inspekce varuje.
velomont.com,-,Česká obchodní inspekce registruje vysoký počet stížností\, které se provozovatele internetových stránek týkají. Podle informací uvedených na internetových stránkách nejde o klasický e-shop\, ale o „virtuální galerii“\, jejímž prostřednictvím údajně zboží nabízejí externí subjekty. Obvykle se má jednat o společnosti se sídlem v Číně nebo v jiných asijských zemích\, u nichž je pro spotřebitele obtížné ověřit jejich existenci a důvěryhodnost. ČOI registruje stížnosti na dodání zboží s velkou časovou prodlevou\, případně nedodání zboží vůbec. Je-li dostupnost označena např. výrazem „skladem u dodavatele“\, může to v praxi znamenat\, že zboží se nachází v Číně a bude doručeno až za několik týdnů či měsíců. Řešení reklamací a/nebo vracení zboží může být pro spotřebitele obtížné. V souvislosti s krizovou situací ohledně onemocnění COVID-19 ČOI obdržela stížnosti týkající se přemrštěných cen osobních ochranných pomůcek a velmi dlouhých dodacích lhůt. Případný nákup na těchto internetových stránkách doporučujeme důkladně uvážit a před jeho provedením velmi podrobně zkontrolovat dodací lhůty\, obchodní podmínky a identitu a důvěryhodnost externího prodávajícího.
ventisvision.com,-,Jako provozovatel webu není uveden nikdo\, stránky jsou tedy zcela anonymní a spotřebitel neví\, s kým uzavírá kupní smlouvu a vůči komu může nárokovat svá práva. Před nákupem na těchto stránkách Česká obchodní inspekce varuje.
venumcz.cz,-,Jako provozovatel webu není uveden nikdo\, stránky jsou tedy zcela anonymní a spotřebitel neví\, s kým uzavírá kupní smlouvu a vůči komu může nárokovat svá práva. Před nákupem na těchto stránkách Česká obchodní inspekce varuje.
veryuseful.ml,-,Na stránky odkazuje reklama na Facebooku\, která zneužívá jméno známého českého lékaře Jana Pirka\, který se od tohoto webu distancuje. Stránky jsou anonymní a nabízejí pod smyšleným převratným vynálezem českého lékaře neznámý přípravek\, viz https://www.coi.gov.cz/pirk/
vessieshop.cz,-,Jako provozovatel webu není uveden nikdo\, stránky jsou tedy zcela anonymní a spotřebitel neví\, s kým uzavírá kupní smlouvu a vůči komu může nárokovat svá práva. Před nákupem na těchto stránkách Česká obchodní inspekce varuje.
veteranspridelandscaping.com,-,Jako provozovatel webu není uveden nikdo\, stránky jsou tedy zcela anonymní a spotřebitel neví\, s kým uzavírá kupní smlouvu a vůči komu může nárokovat svá práva. Před nákupem na těchto stránkách Česká obchodní inspekce varuje.
veterinamnichovice.cz,-,Opuštěnou doménu koupil neznámý subjekt. Název domény neodpovídá nabízenému zboží\, tím je především oblečení a obuv. Jako provozovatel webu není uveden nikdo\, stránky jsou tedy zcela anonymní a spotřebitel neví\, s kým uzavírá kupní smlouvu a vůči komu může nárokovat svá práva. Před nákupem na těchto stránkách Česká obchodní inspekce varuje.
vevio.cz,-,Z webových stránek není jednoznačně zřejmé\, kdo je prodávajícím\, tedy s kým spotřebitel uzavírá smlouvu a vůči komu může uplatňovat svá práva. Česká obchodní inspekce registruje vysoký počet stížností\, které se tohoto internetového obchodu týkají. Z uvedených důvodů zařazuje Česká obchodní inspekce stránky mezi rizikové.
viagogo.sk,https://www.soi.sk/files/documents/info-verejnost/internetove%20obchody/viagogo.sk.docx.pdf,-
vialeky.cz,-,Internetové stránky nabízejí přípravky určené výhradně pro prodej v lékárnách. Uvedená stránka\, ačkoli se jako lékárna prezentuje\, lékarnou není. Obchodní podmínky jsou jen nesmyslný text\, který nemá náležitosti obchodních podmínek. Česká obchodní inspekce na základě informací Státního ústavu pro kontrolu léčiv před těmito stránkami varuje.
vibeprimemag.com,-,Jako provozovatel webu není uveden nikdo\, stránky jsou tedy zcela anonymní a spotřebitel neví\, s kým uzavírá kupní smlouvu a vůči komu může nárokovat svá práva. Před nákupem na těchto stránkách Česká obchodní inspekce varuje.
vibramboty.com,-,Jako provozovatel webu není uveden nikdo\, stránky jsou tedy zcela anonymní a spotřebitel neví\, s kým uzavírá kupní smlouvu a vůči komu může nárokovat svá práva. Před nákupem na těchto stránkách Česká obchodní inspekce varuje.
vibramfive-fingers.cz,-,Jako provozovatel webu není uveden nikdo\, stránky jsou tedy zcela anonymní a spotřebitel neví\, s kým uzavírá kupní smlouvu a vůči komu může nárokovat svá práva. Před nákupem na těchto stránkách Česká obchodní inspekce varuje.
victoriasecretcz.cz,-,Jako provozovatel webu není uveden nikdo\, stránky jsou tedy zcela anonymní a spotřebitel neví\, s kým uzavírá kupní smlouvu a vůči komu může nárokovat svá práva. Před nákupem na těchto stránkách Česká obchodní inspekce varuje.
vigor-book.com/cs/levasan-maxx-recenze-cena-diskuze-lekarna-kde-koupit/,-,Internetové stránky slibují například přípravek Levasan Maxx\, před kterým varuje i Státní ústav pro kontrolu léčiv. Obchodní podmínky zcela chybí\, další informace na stránkách jsou nedostatečné. Jako provozovatel není uveden nikdo\, stránky jsou tedy zcela anonymní a spotřebitel neví\, vůči komu může nárokovat svá práva. Česká obchodní inspekce na základě informací Státního ústavu pro kontrolu léčiv před těmito stránkami varuje.
viknok.top,-,Internetový obchod je provozován subjektem se sídlem mimo členské státy Evropské unie\, ačkoliv internetový obchod může u spotřebitelů vzbuzovat dojem\, že je provozován subjektem se sídlem v České republice nebo Evropské unii. Spotřebitelé nemohou uplatňovat svá práva\, nebo je tato možnost významně ztížena.
vincileathershoes.cz,-,Jako provozovatel webu není uveden nikdo\, stránky jsou tedy zcela anonymní a spotřebitel neví\, s kým uzavírá kupní smlouvu a vůči komu může nárokovat svá práva. Před nákupem na těchto stránkách Česká obchodní inspekce varuje.
vineyardvines.cz,-,Jako provozovatel webu není uveden nikdo\, stránky jsou tedy zcela anonymní a spotřebitel neví\, s kým uzavírá kupní smlouvu a vůči komu může nárokovat svá práva. Před nákupem na těchto stránkách Česká obchodní inspekce varuje.
vip-moda.eu,https://www.soi.sk/files/documents/info-verejnost/internetove%20obchody/moletka.eu\,%20svet-siat.eu\,%20vip-moda.eu.docx.pdf,-
vitahairmax.xfastcart.com/r18/,-,Internetové stránky\, na které se dostanete nejčastěji na základě spamů v elektronické poště\, slibují neznámý přípravek proti padání vlasů. Další informace na stránkách jsou zcela nedostatečné. Jako provozovatel je uvedena údajně firma\, která figuruje u celé řady dalších rizikových webů. Na stránkách odbíhá odpočítávání času\, aby spotřebitel byl tlačen k rozhodnutí a neměl čas o nákupu přemýšlet. Lékař\, který přípravek na stránkách propaguje\, je smyšlený a jeho fotografie stažena z fotobanky. Před nákupem na těchto stránkách Česká obchodní inspekce varuje.
vitalbod.cz,-,Jako provozovatel webu není uveden nikdo\, stránky jsou tedy zcela anonymní a spotřebitel neví\, s kým uzavírá kupní smlouvu a vůči komu může nárokovat svá práva. Před nákupem na těchto stránkách Česká obchodní inspekce varuje.
vitaminnatural.com,-,Jako provozovatel webu není uveden nikdo\, stránky jsou tedy zcela anonymní a spotřebitel neví\, s kým uzavírá kupní smlouvu a vůči komu může nárokovat svá práva. Před nákupem na těchto stránkách varuje Česká obchodní inspekce i Státní ústav pro kontrolu léčiv.
viviennewestwood.cz,-,Jako provozovatel webu není uveden nikdo\, stránky jsou tedy zcela anonymní a spotřebitel neví\, s kým uzavírá kupní smlouvu a vůči komu může nárokovat svá práva. Před nákupem na těchto stránkách Česká obchodní inspekce varuje.
vivobarefootcz.cz,-,Jako provozovatel webu není uveden nikdo\, stránky jsou tedy zcela anonymní a spotřebitel neví\, s kým uzavírá kupní smlouvu a vůči komu může nárokovat svá práva. Před nákupem na těchto stránkách Česká obchodní inspekce varuje.
vivobarefootcze-shop.cz,-,Jako provozovatel webu není uveden nikdo\, stránky jsou tedy zcela anonymní a spotřebitel neví\, s kým uzavírá kupní smlouvu a vůči komu může nárokovat svá práva. Před nákupem na těchto stránkách Česká obchodní inspekce varuje.
vivobarefootprimus.sk,-,Jako provozovatel webu není uveden nikdo\, stránky jsou tedy zcela anonymní a spotřebitel neví\, s kým uzavírá kupní smlouvu a vůči komu může nárokovat svá práva. Před nákupem na těchto stránkách Česká obchodní inspekce varuje.
vjehlici.cz,-,Jako provozovatel webu není uveden nikdo\, stránky jsou tedy zcela anonymní a spotřebitel neví\, s kým uzavírá kupní smlouvu a vůči komu může nárokovat svá práva. Před nákupem na těchto stránkách Česká obchodní inspekce varuje.
vocalpast.com,-,Webové stránky mají dvě různé podoby. Pokud přijdete z reklamy\, pak vypadají stránky takto: https://www.coi.gov.cz/vocalpast/ a web se prezentuje jako jakýsi oficiální zdravotní portál\, avšak nejde o žádný oficiální zdravotní portál. Na stránkách je pak nabízen pochybný výrobek s téměř zázračnými vlastnostmi. Fotka údajně spokojených zákazníků je stažena z fotobanky. Jakmile chcete opustit stránku\, vyskočí varování a ještě lepší nabídka\, která nutí spotřebitele k nákupu. Jakmile zadáte stránku vocalpast.com napřímo\, zobrazí se jiná verze stránek než ta po prokliku z reklamy. Jako provozovatel webu není uveden nikdo\, stránky jsou tedy zcela anonymní a spotřebitel neví\, s kým uzavírá kupní smlouvu a vůči komu může nárokovat svá práva. Před nákupem na těchto stránkách Česká obchodní inspekce varuje.
voritashop.com,-,Jako provozovatel webu není uveden nikdo\, stránky jsou tedy zcela anonymní a spotřebitel neví\, s kým uzavírá kupní smlouvu a vůči komu může nárokovat svá práva. Před nákupem na těchto stránkách Česká obchodní inspekce varuje.
vova.com,-,Internetový obchod je provozován subjektem se sídlem mimo členské státy Evropské unie\, ačkoliv internetový obchod může u spotřebitelů vzbuzovat dojem\, že je provozován subjektem se sídlem v České republice nebo Evropské unii. Spotřebitelé nemohou uplatňovat svá práva\, nebo je tato možnost významně ztížena. Stížnosti spotřebitelů ČOi obdržela ve smyslu vadného zboží\, neumožnění odstoupit od smlouvy. Před nákupem na těchto stránkách Česká obchodní inspekce varuje.
vrchol-zima.cz,-,Jako provozovatel webu není uveden nikdo\, stránky jsou tedy zcela anonymní a spotřebitel neví\, s kým uzavírá kupní smlouvu a vůči komu může nárokovat svá práva. Před nákupem na těchto stránkách Česká obchodní inspekce varuje.
vsetop.cz,-,Podle informací uvedených na internetových stránkách nejde o klasický e-shop\, ale o „nákupní galerii“\, jejímž prostřednictvím údajně zboží nabízejí externí zahraniční subjekty. Má se jednat zřejmě o společnosti se sídlem v Číně nebo v jiných asijských zemích\, u nichž je pro spotřebitele obtížné ověřit jejich existenci a důvěryhodnost. ČOI registruje stížnosti na dodání zboží s velkou časovou prodlevou\, případně nedodání zboží vůbec. Je-li dostupnost označena např. výrazem „skladem ihned k odeslání“\, může to v praxi znamenat\, že zboží se nachází v Číně a bude doručeno až za několik týdnů či měsíců. Řešení reklamací a/nebo vracení zboží může být pro spotřebitele obtížné. Případný nákup na těchto internetových stránkách doporučujeme důkladně uvážit a před jeho provedením velmi podrobně zkontrolovat dodací lhůty\, obchodní podmínky a identitu a důvěryhodnost externího prodávajícího.
vsevakci.cz,-,Česká obchodní inspekce registruje vysoký počet stížností\, které se internetových stránek týkají. Podle informací uvedených na internetových stránkách se má u části zboží jednat o zprostředkování nákupu od údajného externího prodávajícího z Číny. Identita tohoto údajného zahraničního prodávajícího však není spotřebiteli transparentně sdělena. ČOI registruje stížnosti na dodání zboží s velkou časovou prodlevou\, případně nedodání zboží vůbec. Je-li dostupnost označena např. výrazem „skladem u dodavatele“\, může to v praxi znamenat\, že zboží se nachází v Číně a bude doručeno až za několik týdnů či měsíců\, pokud vůbec. Řešení reklamací a/nebo vracení zboží může být pro spotřebitele obtížné. Případný nákup na těchto internetových stránkách doporučujeme důkladně uvážit a před jeho provedením velmi podrobně zkontrolovat dodací lhůty\, obchodní podmínky a identitu a důvěryhodnost případného externího prodávajícího.
wallvision.cz,-,Jako provozovatel webu není uveden nikdo\, stránky jsou tedy zcela anonymní a spotřebitel neví\, s kým uzavírá kupní smlouvu a vůči komu může nárokovat svá práva. Před nákupem na těchto stránkách Česká obchodní inspekce varuje.
wanderheat.com,-,Jako provozovatel webu není uveden nikdo\, stránky jsou tedy zcela anonymní a spotřebitel neví\, s kým uzavírá kupní smlouvu a vůči komu může nárokovat svá práva. Před nákupem na těchto stránkách Česká obchodní inspekce varuje.
warby-parker.cz,-,Jako provozovatel webu není uveden nikdo\, stránky jsou tedy zcela anonymní a spotřebitel neví\, s kým uzavírá kupní smlouvu a vůči komu může nárokovat svá práva. Před nákupem na těchto stránkách Česká obchodní inspekce varuje.
wassupsneakers.de,-,Společnost uvedená v obchodních podmínkách e-shopu není zapsána v obchodním rejstříku. Spotřebitel tak neví\, s kým uzavírá kupní smlouvu a vůči komu může nárokovat svá práva. Před nákupem na těchto stránkách Česká obchodní inspekce varuje.
waxx.me,-,Jako provozovatel webu není uveden nikdo\, stránky jsou tedy zcela anonymní a spotřebitel neví\, s kým uzavírá kupní smlouvu a vůči komu může nárokovat svá práva. Před nákupem na těchto stránkách Česká obchodní inspekce varuje.
wearbreeze.cz,-,Jako provozovatel webu není uveden nikdo\, stránky jsou tedy zcela anonymní a spotřebitel neví\, s kým uzavírá kupní smlouvu a vůči komu může nárokovat svá práva. Před nákupem na těchto stránkách Česká obchodní inspekce varuje.
wellensteynbundy.cc,-,Jako provozovatel webu není uveden nikdo\, stránky jsou tedy zcela anonymní a spotřebitel neví\, s kým uzavírá kupní smlouvu a vůči komu může nárokovat svá práva. Před nákupem na těchto stránkách Česká obchodní inspekce varuje.
wellness-sprchovahlavice-cz.com,-,Jako provozovatel webu není uveden nikdo\, stránky jsou tedy zcela anonymní a spotřebitel neví\, s kým uzavírá kupní smlouvu a vůči komu může nárokovat svá práva. Před nákupem na těchto stránkách Česká obchodní inspekce varuje.
welovedoxies.com,-,Jako provozovatel webu není uveden nikdo\, stránky jsou tedy zcela anonymní a spotřebitel neví\, s kým uzavírá kupní smlouvu a vůči komu může nárokovat svá práva. Před nákupem na těchto stránkách Česká obchodní inspekce varuje.
whatchiddd.com,-,Jako provozovatel webu není uveden nikdo\, stránky jsou tedy zcela anonymní a spotřebitel neví\, s kým uzavírá kupní smlouvu a vůči komu může nárokovat svá práva. Před nákupem na těchto stránkách Česká obchodní inspekce varuje.
whbizjzu.shop,-,Jako provozovatel webu není uveden nikdo\, stránky jsou tedy zcela anonymní a spotřebitel neví\, s kým uzavírá kupní smlouvu a vůči komu může nárokovat svá práva. Před nákupem na těchto stránkách Česká obchodní inspekce varuje.
wifi-camera.shop,-,Z webových stránek není zřejmé\, kdo je provozovatelem e-shopu\, tedy s kým spotřebitel uzavírá smlouvu a vůči komu může uplatňovat svá práva.\, Internetový obchod je provozován subjektem se sídlem mimo členské státy Evropské unie\, ačkoliv internetový obchod může u spotřebitelů vzbuzovat dojem\, že je provozován subjektem se sídlem v České republice nebo Evropské unii\, např. e-shop v českém jazyce je provozován subjektem se sídlem v Číně. Spotřebitelé nemohou uplatňovat svá práva\, nebo je tato možnost významně ztížena. Není možno odstoupit od smlouvy ani reklamovat.
wildmooncz.shop,-,Jako provozovatel webu není uveden nikdo\, stránky jsou tedy zcela anonymní a spotřebitel neví\, s kým uzavírá kupní smlouvu a vůči komu může nárokovat svá práva. Před nákupem na těchto stránkách Česká obchodní inspekce varuje.
world-of-earnings.com/420/tnbfbv2/,-,Stránka fungující opět na stejném principu nabídky virtuální měny TRON\, která má za cíl přimět spotřebitele k nákupu této kryptoměny\, avšak chybí jakékoli informace o prodejci. Samotné investování do kryptoměny TRON však může být i prodělečné. Jakmile se pokouší návštěvník stránku opustit\, vyskočí na něj varování a ještě další údajně výhodnější nabídka. S ohledem na nedostatečné informace na webu nejen o provozovateli\, ale i zcela chybějící zákonné informace o právech pro spotřebitele\, Česká obchodní inspekce nákup zde považuje za rizikový.
worldkv.com/pwn8rJVS,-,Jako provozovatel webu není uveden nikdo\, stránky jsou tedy zcela anonymní a spotřebitel neví\, s kým uzavírá kupní smlouvu a vůči komu může nárokovat svá práva. Před nákupem na těchto stránkách Česká obchodní inspekce varuje.
worldtriviacenter.com/420/movenol2-m-med/gps/,-,Webové stránky vypadají jako jakýsi oficiální zdravotní portál\, avšak nejde o žádný zdravotní portál. Na stránkách je pak nabízen pochybný výrobek s téměř zázračnými vlastnostmi proti bolestem a stárnutí. Fotka údajně spokojených zákazníků je stažena z fotobanky. Jakmile chcete opustit stránku\, vyskočí varování a ještě lepší nabídka\, která nutí spotřebitele k nákupu. Jakmile zadáte stránku worldtriviacenter.com napřímo\, zobrazí sejako neexistující. Jako provozovatel webu není uveden nikdo\, stránky jsou tedy zcela anonymní a spotřebitel neví\, s kým uzavírá kupní smlouvu a vůči komu může nárokovat svá práva. Před nákupem na těchto stránkách Česká obchodní inspekce varuje.
wotoda.com,-,Jako provozovatel webu není uveden nikdo\, stránky jsou tedy zcela anonymní a spotřebitel neví\, s kým uzavírá kupní smlouvu a vůči komu může nárokovat svá práva. Před nákupem na těchto stránkách Česká obchodní inspekce varuje.
wuying.shop,-,Jako provozovatel webu není uveden nikdo\, stránky jsou tedy zcela anonymní a spotřebitel neví\, s kým uzavírá kupní smlouvu a vůči komu může nárokovat svá práva. Před nákupem na těchto stránkách Česká obchodní inspekce varuje.
wwlnws.ru/cz-sust-nimec-arthrolon/,-,Stránky se prezentují jako odborný portál\, kde se k neznámému přípravku vyjadřuje údajný Dr. Karl Kirschmayer\, který však nemá žádný záznam na univerzitě\, ani v jiné seriozní instituci. Fotka je stažena z fotobanky\, jde o smyšleného odborníka. Jako provozovatel webu není uveden nikdo\, stránky jsou tedy zcela anonymní a spotřebitel neví\, s kým uzavírá kupní smlouvu a vůči komu může nárokovat svá práva. Před nákupem na těchto stránkách Česká obchodní inspekce varuje.
wworseou.lol,-,Jako provozovatel webu není uveden nikdo\, stránky jsou tedy zcela anonymní a spotřebitel neví\, s kým uzavírá kupní smlouvu a vůči komu může nárokovat svá práva. Před nákupem na těchto stránkách Česká obchodní inspekce varuje.
www.central2013.eu/keto-diet/,-,Jako provozovatel webu není uveden nikdo\, stránky jsou tedy zcela anonymní a spotřebitel neví\, s kým uzavírá kupní smlouvu a vůči komu může nárokovat svá práva. Před nákupem na těchto stránkách varuje Česká obchodní inspekce varuje i Státní ústav pro kontrolu léčiv.
www.cpagetti5.com/sr0d/,-,Internetové stránky\, na které se dostanete nejčastěji na základě spamů v elektronické poště\, slibují neznámý přípravek na hubnutí. Další informace na stránkách jsou zcela nedostatečné. Jako provozovatel je uvedena údajně firma\, která figuruje u celé řady dalších rizikových webů. Na stránkách odbíhá odpočítávání času\, aby spotřebitel byl tlačen k rozhodnutí a neměl čas o nákupu přemýšlet. Odborníci\, kteří přípravek na stránkách propagují\, jso smyšlení a fotografie staženy z fotobanky. Před nákupem na těchto stránkách Česká obchodní inspekce varuje.
www.cpagetti6.com/selb/,-,Internetové stránky\, na které se dostanete nejčastěji na základě spamů v elektronické poště\, slibují neznámý konopný přípravek proti vysokému krevním tlaku. Další informace na stránkách jsou zcela nedostatečné. Jako provozovatel je uvedena údajně firma\, která figuruje u celé řady dalších rizikových webů. Na stránkách odbíhá odpočítávání času\, aby spotřebitel byl tlačen k rozhodnutí a neměl čas o nákupu přemýšlet. Lékař\, který přípravek na stránkách propaguje\, je smyšlený a jeho fotografie stažena z fotobanky. Před nákupem na těchto stránkách Česká obchodní inspekce varuje.
www.cpagettigeneral7.com/t6uc/l/,-,Internetové stránky\, na které se dostanete nejčastěji na základě spamů v elektronické poště\, slibují neznámý přípravek. Obchodní podmínky chybí. Další informace na stránkách jsou zcela nedostatečné. Jako provozovatel je uvedena údajná firma z Panamy\, která figuruje u celé řady dalších rizikových webů. Na stránkách odbíhá odpočítávání času\, aby spotřebitel byl tlačen k rozhodnutí a neměl čas o nákupu přemýšlet. Před nákupem na těchto stránkách Česká obchodní inspekce varuje.
www.cpagettimain.com/t165/,-,Internetové stránky\, na které se dostanete nejčastěji na základě spamů v elektronické poště\, slibují zcela neznámý produkt na léčbu srdeční hypertenze. Jedná se však o neznámý přípravek\, který má sloužit k léčbě\, aniž by byl schválen Státním ústavem pro kontrolu léčiv. Obchodní podmínky zcela chybí\, další informace na stránkách jsou nedostatečné. Jako provozovatel je uvedena společnost z Panamy. Na stránkách probíhá odpočítávání času\, po který uvedená nabídka platí\, avšak časomíra se vrací zpět\, jde o nekalou obchodní praktiku a nátlak na spotřebitele\, aby nakoupil a neměl čas o nabídce přemýšlet. Před nákupem na těchto stránkách Česká obchodní inspekce varuje.
www.cpagettistream1.com/tkjj/l/,-,Jako provozovatel webu není uveden nikdo\, stránky jsou tedy zcela anonymní a spotřebitel neví\, s kým uzavírá kupní smlouvu a vůči komu může nárokovat svá práva. Před nákupem na těchto stránkách Česká obchodní inspekce varuje.
www.cpagettistream8.com/sn6h/,-,Internetové stránky\, na které se dostanete nejčastěji na základě spamů v elektronické poště\, slibují neznámý přípravek na hubnutí. Další informace na stránkách jsou zcela nedostatečné. Jako provozovatel je uvedena údajně firma\, která figuruje u celé řady dalších rizikových webů. Na stránkách odbíhá odpočítávání času\, aby spotřebitel byl tlačen k rozhodnutí a neměl čas o nákupu přemýšlet. Lékař\, který přípravek na stránkách propaguje\, je smyšlený a jeho fotografie stažena z fotobanky. Před nákupem na těchto stránkách Česká obchodní inspekce varuje.
www.cpaggette3.com/t08l/,-,Na základě smyšlených informací je tu prezentován neznámý přípravek na prostatu. Na stránkách jsou pak recenze údajně spokojených uživatelů\, tyto recenze jsou však smyšlené - na jiných verzích stránek v jiném jazyce existují stejné fotografie u recenzí\, avšak jiná jména (dle jazyka). Příběh je smyšlený\, provozovatel je uveden na celé řadě dalších rizikových webů nabízející obdobné rychlé řešení problémů se zdravím. Nákup zde za rizikový považuje Česká obchodní inspekce\, stránky jsou anonymní na blíže nespecifikovanou zahraniční firmu a spotřebitel neví\, s kým uzavírá kupní smlouvu a vůči komu může nárokovat svá práva.
www.cpgtshop2.com/sqa1/,-,Internetové stránky\, na které se dostanete nejčastěji na základě spamů v elektronické poště\, slibují zcela neznámý produkt na vysoký krevní tlak. Obchodní podmínky zcela chybí\, další informace na stránkách jsou nedostatečné. Jako provozovatel je uvedena společnost z Panamy\, která figuruje u mnoha jiných rizikových e-shopů\, které nabízejí celou řadu dalších neznámých výrobků např. na hubnutí\, proti kouření\, na prostatu\, na klouby\, srdeční hypertenzi a další. Recenze a odborníci jsou smyšlení. Například lékař Ondřej Pumpr\, který přípravek na stránkách propaguje\, nemá záznam v žádné seriózní instituci: na univerzitě\, v nemocnici\, ani ve specializovaném ústavu. Před nákupem na těchto stránkách Česká obchodní inspekce varuje.
www.cpgtstream8.com/sskj/,-,Internetové stránky\, na které se dostanete nejčastěji na základě spamů v elektronické poště\, slibují zcela neznámý produkt na vysoký krevní tlak. Obchodní podmínky zcela chybí\, další informace na stránkách jsou nedostatečné. Jako provozovatel je uvedena společnost z Panamy\, která figuruje u mnoha jiných rizikových e-shopů\, které nabízejí celou řadu dalších neznámých výrobků např. na hubnutí\, proti kouření\, na prostatu\, na klouby\, srdeční hypertenzi a další. Recenze a odborníci jsou smyšlení. Například lékař Ondřej Pumpr\, který přípravek na stránkách propaguje\, nemá záznam v žádné seriózní instituci: na univerzitě\, v nemocnici\, ani ve specializovaném ústavu. Před nákupem na těchto stránkách Česká obchodní inspekce varuje.
www.extrifitslovakia.eu/sk/eshop/produkt/cfm-instant-whey-80,-,Stránky se prezentují jako Český lékařský portál\, avšak nejde o žádný oficiální portál skutečných lékařů. Obchodní podmínky jsou zcela nedostatečné. Na stránkách je pak nabízen pochybný výrobek na růst svalů. Stránky jsou úplně stejné\, jako jiný obdobný lékařský portál\, který podobným způsobem nabízí přípravek na klouby. Fotka údajného lékaře uvedená na stránkách v pravém rohu nahoře\, je dle jiného podobného portálu Prof. Jaromir Kosinský (odborník)\, ten však neexistuje. Fotka údajně spokojených zákazníků je stažena z fotobanky. Česká obchodní inspekce nákup zde považuje za rizikový.
www.eyewear4you.cz/wps/zvyazk/lupa.php,-,Stránka zneužívá Show Jana Krause a Simonu Krainovou\, která nemá s uvedeným webem nic společného. Jde o zneužití jména slavné osobnosti bez jejího vědomí. Autoři programu Show Jana Krause ČOI potvrdili\, že se jedná o zneužití jejich pořadu. Cílem je prodat důvěřivým spotřebitelům neznámý přípravek na hubnutí. Jako provozovatel webu není uveden nikdo\, stránky jsou tedy zcela anonymní a spotřebitel neví\, s kým uzavírá kupní smlouvu a vůči komu může nárokovat svá práva. Před nákupem na těchto stránkách Česká obchodní inspekce varuje.
www.hokejovedresy.com,-,Jedná se o internetový obchod v českém jazyce\, ačkoli platba je možná pouze v cizí měně. Stránky anonymní\, tedy bez identifikace prodávajícího\, s nedostatečnými obchodními podmínkami v podobě nepovedeného strojového překladu do českého jazyka. Nákup zde hodnotí ČOI jako rizikový.
www.mlpa.cz,-,Jako provozovatel webu není uveden nikdo\, stránky jsou tedy zcela anonymní a spotřebitel neví\, s kým uzavírá kupní smlouvu a vůči komu může nárokovat svá práva. Před nákupem na těchto stránkách Česká obchodní inspekce varuje.
www.muama-enence.net/Enence/CZ/001d1w/index.html,-,Spotřebitelé jsou v reklamě odkazovány na tyto stránky vypadající téměř jako seriozní zpravodajský web. Na stránkách je pak informace o univerzálním překladači\, ačkoli o jeho vlastnostech lze pochybovat. (Na žádném českém a ani světovém trhu se totiž nenachází podobný přístroj\, který by dokázal univerzálně překládat.) Jako provozovatel webu není uveden nikdo\, stránky jsou tedy zcela anonymní a spotřebitel neví\, s kým uzavírá kupní smlouvu a vůči komu může nárokovat svá práva. Před nákupem na těchto stránkách Česká obchodní inspekce varuje.
www.mycpagettipotok2.com/tlwt/l/,-,Internetové stránky\, na které se dostanete nejčastěji na základě spamů v elektronické poště\, slibují neznámý přípravek. Obchodní podmínky chybí. Další informace na stránkách jsou zcela nedostatečné. Jako provozovatel je uvedena údajná firma z Panamy\, která figuruje u celé řady dalších rizikových webů. Na stránkách odbíhá odpočítávání času\, aby spotřebitel byl tlačen k rozhodnutí a neměl čas o nákupu přemýšlet. Před nákupem na těchto stránkách Česká obchodní inspekce varuje.
www.poplatky-zpet.cz,-,Web neobsahuje žádnou identifikaci provozovatele\, stránky jsou zcela anonymní. Dále chybí transparentním způsobem poskytnutá informace\, kdo je zde vlastně správce osobních údajů a to včetně kontaktních údajů na něj. Před vyplněním osobních údajů na těchto stránkách varuje Úřad pro ochranu osobních údajů a Česká obchodní inspekce.
www.praiseglories.info/12-zpusobu-jak-vytvorit-a-take-rozvijet-profesionalni-schopnosti-mimo-praci.php,-,Stránka zneužívá pořad Show Jana Krause a logo zpravodajského webu Novinky.cz. Stránka láká spotřebitele k zaplacení za neznámou službu\, jejíž cílem má být údajné zázračné zbohatnuní\, provozovatel stránky je anonymní.
www.qsggh.com/cCrywYc,-,Jako provozovatel webu není uveden nikdo\, stránky jsou tedy zcela anonymní a spotřebitel neví\, s kým uzavírá kupní smlouvu a vůči komu může nárokovat svá práva. Před nákupem na těchto stránkách Česká obchodní inspekce varuje.
www.solar-group.cz,-,Jako provozovatel webu není uveden nikdo\, stránky jsou tedy zcela anonymní a spotřebitel neví\, s kým uzavírá kupní smlouvu a vůči komu může nárokovat svá práva. Před nákupem na těchto stránkách Česká obchodní inspekce varuje.
www.tankphone-clearance.com,-,Jako provozovatel webu není uveden nikdo\, stránky jsou tedy zcela anonymní a spotřebitel neví\, s kým uzavírá kupní smlouvu a vůči komu může nárokovat svá práva. Před nákupem na těchto stránkách Česká obchodní inspekce varuje.
www.zahradnikem-nedopatrenim.cz,-,Jako provozovatel webu není uveden nikdo\, stránky jsou tedy zcela anonymní a spotřebitel neví\, s kým uzavírá kupní smlouvu a vůči komu může nárokovat svá práva. Před nákupem na těchto stránkách Česká obchodní inspekce varuje.
www.zemanznovu.cz,-,Doména po expiraci\, kterou někdo využívá k vystavení zboží\, nejčastěji bot. Jako provozovatel webu není uveden nikdo\, stránky jsou tedy zcela anonymní a spotřebitel neví\, s kým uzavírá kupní smlouvu a vůči komu může nárokovat svá práva. Před nákupem na těchto stránkách Česká obchodní inspekce varuje.
xsykl.shop,-,Jako provozovatel webu není uveden nikdo\, stránky jsou tedy zcela anonymní a spotřebitel neví\, s kým uzavírá kupní smlouvu a vůči komu může nárokovat svá práva. Před nákupem na těchto stránkách Česká obchodní inspekce varuje.
xtacticaldrone.xcartpro.com/r23,-,Stránka\, na kterou se dostane spotřebitel nejčastěji přes spam v e-mailu\, nabízí údajně drony. Jako provozovatel webu není uveden nikdo\, stránky jsou tedy zcela anonymní a spotřebitel neví\, s kým uzavírá kupní smlouvu a vůči komu může nárokovat svá práva. Před nákupem na těchto stránkách Česká obchodní inspekce varuje.
xtacticaldrone.xfastcart.com/r23,-,Jako provozovatel webu není uveden nikdo\, stránky jsou tedy zcela anonymní a spotřebitel neví\, s kým uzavírá kupní smlouvu a vůči komu může nárokovat svá práva. Před nákupem na těchto stránkách Česká obchodní inspekce varuje.
xxlobchod.com,-,Obchod vyžaduje pouze platbu předem. Jako provozovatel webu není uveden nikdo\, stránky jsou tedy zcela anonymní a spotřebitel neví\, s kým uzavírá kupní smlouvu a vůči komu může nárokovat svá práva. Před nákupem na těchto stránkách Česká obchodní inspekce varuje.
yiqwniz.com,-,Jako provozovatel webu není uveden nikdo\, stránky jsou tedy zcela anonymní a spotřebitel neví\, s kým uzavírá kupní smlouvu a vůči komu může nárokovat svá práva. Před nákupem na těchto stránkách Česká obchodní inspekce varuje.
yizhiyu.shop,-,Jako provozovatel webu není uveden nikdo\, stránky jsou tedy zcela anonymní a spotřebitel neví\, s kým uzavírá kupní smlouvu a vůči komu může nárokovat svá práva. Před nákupem na těchto stránkách Česká obchodní inspekce varuje.
yomerse.com,-,Jako provozovatel webu není uveden nikdo\, stránky jsou tedy zcela anonymní a spotřebitel neví\, s kým uzavírá kupní smlouvu a vůči komu může nárokovat svá práva. Před nákupem na těchto stránkách Česká obchodní inspekce varuje.
youngla.cz,-,Jako provozovatel webu není uveden nikdo\, stránky jsou tedy zcela anonymní a spotřebitel neví\, s kým uzavírá kupní smlouvu a vůči komu může nárokovat svá práva. Před nákupem na těchto stránkách Česká obchodní inspekce varuje.
younglaczshop.cz,-,Jako provozovatel webu není uveden nikdo\, stránky jsou tedy zcela anonymní a spotřebitel neví\, s kým uzavírá kupní smlouvu a vůči komu může nárokovat svá práva. Před nákupem na těchto stránkách Česká obchodní inspekce varuje.
youreduspace.com/420/lingfluent-med/,-,Stránky se prezentují jako oficiální lingvistickýportál\, avšak nejde o žádný oficiální portál skutečných lingvistů. Obchodní podmínky jsou zcela nedostatečné. Na stránkách je pak nabízen pochybný výrobek na rychlou výuku jazyků. Fotka uvedená na stránkách\, kde je zveřejněn údajný odborník\, který údajně obdržel nominaci na Nobelovu cenu je stažena z fotobanky. Dále je nutno dodat\, že tento údajný odborník nemá záznam v žádné seriózní instituci: na univerzitě\, v nemocnici\, ve specializovaném ústavu\, ani není kandidátem na Nobelovu cenu. Fotka údajně spokojených zákazníků je také stažena z fotobanky. Česká obchodní inspekce nákup zde považuje za rizikový.
yourketo.diet,-,Obchodní podmínky hrubě odporují právním předpisům. Před nákupem na těchto stránkách Česká obchodní inspekce varuje.
yourmarket24.com/420/nutresin-med/gps/,-,Z webových stránek není zřejmé\, kdo je provozovatelem e-shopu\, tedy s kým spotřebitel uzavírá smlouvu a vůči komu může nárokovat svá práva. Obchodní podmínky jsou zcela nedostatečné. Na stránkách je pak nabízen pochybný výrobek na zlepšení sluchu. Prof. Jaromir Kosinský (odborník pro molekulární biologii)\, který výrobek prezentuje\, neexistuje. Tento domnělý vědec nemá záznam v žádné seriózní instituci: na univerzitě\, v nemocnici\, ve specializovaném ústavu apod. Lékaři před tímto výrobkem spotřebitele varují. Česká obchodní inspekce nákup zde považuje za rizikový.
yoursalearea.com/420/buniduogel-br/gps/,-,Stránka\, na kterou se dostane spotřebitel nejčastěji proklikem přes web www.abc-pro-zdravi.cz\, nabízí neznámý výrobek na problémy s prsty u nohou. Jako provozovatel webu není uveden nikdo\, stránky jsou tedy zcela anonymní a spotřebitel neví\, s kým uzavírá kupní smlouvu a vůči komu může nárokovat svá práva. Před nákupem na těchto stránkách Česká obchodní inspekce varuje.
yummy-yump.com,-,Stránky mají dvě různé podoby\, avšak ani jedna není v pořádku. Obě verze jsou pro spotřebitele anonymní a spotřebitel neví\, s kým uzavírá kupní smlouvu a vůči komu může nárokovat svá práva. Pokud například přijdete přes reklamu\, prezentují se dokonce jako Český zdravotní portál\, viz https://www.coi.gov.cz/halux/. Avšak nejedná se o žádný oficiální zdravotní portál. Na stránkách je pak nabízen pochybný a hlavně neznámý výrobek. Fotka uvedená na stránkách\, kde je zveřejněn údajný odborník\, který údajně obdržel Nobelovu cenu\, tedy prof. Radovan Rucký\, je stažena z fotobanky. Dále je nutno dodat\, že údajný prof. Radovan Rucký nemá záznam v žádné seriózní instituci: na univerzitě\, v nemocnici\, ve specializovaném ústavu\, ani nedostal Nobelovu cenu. Fotka údajně spokojených zákazníků je také stažena z fotobanky.  Před nákupem na těchto stránkách Česká obchodní inspekce varuje.
zadaas.cz,-,Jako provozovatel webu není uveden nikdo\, stránky jsou tedy zcela anonymní a spotřebitel neví\, s kým uzavírá kupní smlouvu a vůči komu může nárokovat svá práva. Před nákupem na těchto stránkách Česká obchodní inspekce varuje.
zapetos.shop,-,Obchodní podmínky hrubým způsobem porušují právní předpisy České republiky. Před nákupem na těchto stránkách Česká obchodní inspekce varuje.
zaploss.com,-,Jako provozovatel webu není uveden nikdo\, stránky jsou tedy zcela anonymní a spotřebitel neví\, s kým uzavírá kupní smlouvu a vůči komu může nárokovat svá práva. Před nákupem na těchto stránkách Česká obchodní inspekce varuje.
zaraczeshop.com,-,Jako provozovatel webu není uveden nikdo\, stránky jsou tedy zcela anonymní a spotřebitel neví\, s kým uzavírá kupní smlouvu a vůči komu může nárokovat svá práva. Před nákupem na těchto stránkách Česká obchodní inspekce varuje.
zaraeshop.cz,-,Jako provozovatel webu není uveden nikdo\, stránky jsou tedy zcela anonymní a spotřebitel neví\, s kým uzavírá kupní smlouvu a vůči komu může nárokovat svá práva. Před nákupem na těchto stránkách Česká obchodní inspekce varuje.
zaria-brno.com,-,Jako provozovatel webu není uveden nikdo\, stránky jsou tedy zcela anonymní a spotřebitel neví\, s kým uzavírá kupní smlouvu a vůči komu může nárokovat svá práva. Před nákupem na těchto stránkách Česká obchodní inspekce varuje.
zasielkonos.sk,https://www.soi.sk/files/documents/info-verejnost/internetove%20obchody/zasielkonos.sk.docx.pdf,-
zasilkonos.cz,-,Podle informací uvedených na internetových stránkách nejde o klasický e-shop\, ale o „nákupní galerii“\, jejímž prostřednictvím údajně zboží nabízejí externí zahraniční subjekty. Má se jednat zřejmě o společnosti se sídlem v Číně nebo v jiných asijských zemích\, u nichž je pro spotřebitele obtížné ověřit jejich existenci a důvěryhodnost. ČOI registruje stížnosti na dodání zboží s velkou časovou prodlevou\, případně nedodání zboží vůbec. Je-li dostupnost označena např. výrazem „skladem ihned k odeslání“\, může to v praxi znamenat\, že zboží se nachází v Číně a bude doručeno až za několik týdnů či měsíců. Řešení reklamací a/nebo vracení zboží může být pro spotřebitele obtížné. Případný nákup na těchto internetových stránkách doporučujeme důkladně uvážit a před jeho provedením velmi podrobně zkontrolovat dodací lhůty\, obchodní podmínky a identitu a důvěryhodnost externího prodávajícího.
zavlahy-cz.com,-,Na základě podnětu spotřebitele Česká obchodní inspekce prověřila internetové stránky a zjistila\, že na nich nejsou uvedeny žádné údaje\, prostřednictvím kterých by bylo možné identifikovat prodávajícího. Nepodařilo se ani identifikovat subjekt\, na který je tato doména registrována. Obchodní podmínky\, stejně jako povinně uváděné náležitosti týkající se identifikace subjektu\, také chybí.
zdraveprsty-na-nohou-cz.com,-,Jako provozovatel webu není uveden nikdo\, stránky jsou tedy zcela anonymní a spotřebitel neví\, s kým uzavírá kupní smlouvu a vůči komu může nárokovat svá práva. Před nákupem na těchto stránkách Česká obchodní inspekce varuje.
zdravimazelenou.cz,-,Opuštěnou doménu koupil neznámý subjekt. Název domény neodpovídá nabízenému zboží\, tím je především oblečení. Jako provozovatel webu není uveden nikdo\, stránky jsou tedy zcela anonymní a spotřebitel neví\, s kým uzavírá kupní smlouvu a vůči komu může nárokovat svá práva. Před nákupem na těchto stránkách Česká obchodní inspekce varuje.
zdraviodslovanu.online,-,Stránky neobsahují dostatečné obchodní podmínky\, současná podoba webu hrubě odporuje právním předpisům. Před nákupem na těchto stránkách Česká obchodní inspekce varuje.
zelenaazluta.shop,-,E-shop nezveřejňuje obchodní podmínky\, případně obsah obchodních podmínek hrubě odporuje právním předpisům. Před nákupem na těchto stránkách Česká obchodní inspekce varuje.
zenkys.cz,-,Nákupní galerie (zprostředkování ze zahraničí): Podle informací uvedených na internetových stránkách nejde o klasický e-shop\, ale o „nákupní galerii“\, jejímž prostřednictvím údajně zboží nabízejí externí zahraniční subjekty. Má se jednat zřejmě o společnosti se sídlem v Číně nebo v jiných asijských zemích\, u nichž je pro spotřebitele obtížné ověřit jejich existenci a důvěryhodnost. ČOI registruje stížnosti na dodání zboží s velkou časovou prodlevou\, případně nedodání zboží vůbec. Je-li dostupnost označena např. výrazem „skladem ihned k odeslání“\, může to v praxi znamenat\, že zboží se nachází v Číně a bude doručeno až za několik týdnů či měsíců. Řešení reklamací a/nebo vracení zboží může být pro spotřebitele obtížné. Případný nákup na těchto internetových stránkách doporučujeme důkladně uvážit a před jeho provedením velmi podrobně zkontrolovat dodací lhůty\, obchodní podmínky a identitu a důvěryhodnost externího prodávajícího.
zerogravity.cz,-,Jako provozovatel webu není uveden nikdo\, stránky jsou tedy zcela anonymní a spotřebitel neví\, s kým uzavírá kupní smlouvu a vůči komu může nárokovat svá práva. Před nákupem na těchto stránkách Česká obchodní inspekce varuje.
ziovoe.com,-,Jako provozovatel webu není uveden nikdo\, stránky jsou tedy zcela anonymní a spotřebitel neví\, s kým uzavírá kupní smlouvu a vůči komu může nárokovat svá práva. Před nákupem na těchto stránkách Česká obchodní inspekce varuje.
zirovnice.eu,-,Opuštěnou doménu koupil neznámý subjekt. Název domény neodpovídá nabízenému zboží\, tím je především obuv. Jako provozovatel webu není uveden nikdo\, stránky jsou tedy zcela anonymní a spotřebitel neví\, s kým uzavírá kupní smlouvu a vůči komu může nárokovat svá práva. Před nákupem na těchto stránkách Česká obchodní inspekce varuje.
zjypio.shop,https://www.soi.sk/files/documents/info-verejnost/2024/upozornenie%20pre%20spotrebite%C4%BEov_zjypio.shop.pdf,-
zlacnenytovar.sk,https://www.soi.sk/files/documents/info-verejnost/internetove%20obchody/tatiana%20kamen%C3%ADkov%C3%A1_upozornenie%20pre%20spotrebite%C4%BEov.pdf,-
zozu.sk,https://www.soi.sk/files/documents/info-verejnost/internetove%20obchody/zozu.sk.docx.pdf,-
zpasbl.com,-,Jako provozovatel webu není uveden nikdo\, stránky jsou tedy zcela anonymní a spotřebitel neví\, s kým uzavírá kupní smlouvu a vůči komu může nárokovat svá práva. Před nákupem na těchto stránkách Česká obchodní inspekce varuje.
zpravy-24.com,-,Stránka není skutečným zpravodajským webem\, ale nabídkou až zázračných přípravků pro lidské zdraví. Vytváří pocit\, že jde o seriozní články o neznámých přípravcích\, které je pak možné zakoupit. Prodejce je však zcela anonymní. Jako provozovatel webu není uveden nikdo\, stránky jsou tedy celé zcela anonymní a spotřebitel neví\, s kým uzavírá kupní smlouvu a vůči komu může nárokovat svá práva. Před nákupem na těchto stránkách Česká obchodní inspekce varuje.
zstburc.lol,-,Jako provozovatel webu není uveden nikdo\, stránky jsou tedy zcela anonymní a spotřebitel neví\, s kým uzavírá kupní smlouvu a vůči komu může nárokovat svá práva. Před nákupem na těchto stránkách Česká obchodní inspekce varuje.
ztrackc.lol,-,Jako provozovatel webu není uveden nikdo\, stránky jsou tedy zcela anonymní a spotřebitel neví\, s kým uzavírá kupní smlouvu a vůči komu může nárokovat svá práva. Před nákupem na těchto stránkách Česká obchodní inspekce varuje.
zubni-kartacek.cz,-,Jako provozovatel webu není uveden nikdo\, stránky jsou tedy zcela anonymní a spotřebitel neví\, s kým uzavírá kupní smlouvu a vůči komu může nárokovat svá práva. Před nákupem na těchto stránkách Česká obchodní inspekce varuje.
zudanes.com,-,Jako provozovatel webu není uveden nikdo\, stránky jsou tedy zcela anonymní a spotřebitel neví\, s kým uzavírá kupní smlouvu a vůči komu může nárokovat svá práva. Před nákupem na těchto stránkách Česká obchodní inspekce varuje.
zuzutv.cz,-,Jako provozovatel webu není uveden nikdo\, stránky jsou tedy zcela anonymní a spotřebitel neví\, s kým uzavírá kupní smlouvu a vůči komu může nárokovat svá práva. Před nákupem na těchto stránkách Česká obchodní inspekce varuje.
zv-go.tk,-,Stránky odkazují na neexistující rozhovor s údajným lékařem\, tím má být lékař Petr Havlíček. Tento domnělý věděc\, údajně ředitel Národního lékařského vědeckého centra neexistuje\, stejně jako uvedené centrum. Tento údajný lékař nemá žádný záznam na univerzitě\, ani v jiné seriozní instituci. Fotka je stažena z fotobanky\, jde o smyšleného odborníka. Jako provozovatel webu není uveden nikdo\, stránky jsou tedy zcela anonymní a spotřebitel neví\, s kým uzavírá kupní smlouvu a vůči komu může nárokovat svá práva. Před nákupem na těchto stránkách varuje Česká obchodní inspekce. (obr: https://www.coi.gov.cz/zv-go/)
zvetsovaci-bryle-cz.com,-,Jako provozovatel webu není uveden nikdo\, stránky jsou tedy zcela anonymní a spotřebitel neví\, s kým uzavírá kupní smlouvu a vůči komu může nárokovat svá práva. Před nákupem na těchto stránkách Česká obchodní inspekce varuje.
zvvciie.shop,-,Jako provozovatel webu není uveden nikdo\, stránky jsou tedy zcela anonymní a spotřebitel neví\, s kým uzavírá kupní smlouvu a vůči komu může nárokovat svá práva. Před nákupem na těchto stránkách Česká obchodní inspekce varuje.
